Struct_ID	ID_A	Type_A	Sector_A	SS_A	ID_B	Type_B	Sector_B	SS_B	Sequence_Separation	Sequence_Difference	Solvent_Status	Permanent_Status	Edge_Status
0	69	S0	6	H	0	O0	-1	S	0.5	0.5	1	0	1
0	69	S0	5	H	0	O0	-1	S	0.5	0.5	1	0	0
0	88	D1	5	H	148	A1	9	S	30.0	-30.0	0	0	0
0	118	E1	11	H	0	O0	-1	S	0.5	0.5	1	0	1
0	118	E1	3	H	0	O0	-1	S	0.5	0.5	1	0	0
0	222	I1	2	H	255	Q0	11	S	17.0	-17.0	0	0	0
0	241	G0	5	H	0	O0	-1	S	0.5	0.5	1	0	1
0	241	G0	8	H	0	O0	-1	S	0.5	0.5	1	0	0
0	233	S0	1	H	263	N0	6	S	15.0	-15.0	0	0	0
0	0	O0	-1	S	189	T0	11	H	0.5	0.5	1	0	1
0	0	O0	-1	S	189	T0	7	H	0.5	0.5	1	0	0
0	92	F1	1	S	148	A1	8	H	28.0	-28.0	0	0	0
0	102	T1	5	C	0	O0	-1	S	0.5	0.5	1	0	1
0	102	T1	12	C	0	O0	-1	S	0.5	0.5	1	0	0
0	226	H1	4	C	111	K0	8	S	57.0	57.0	0	0	0
0	66	F1	11	H	92	F1	10	C	13.0	-13.0	0	0	1
0	66	F1	9	H	92	F1	8	C	13.0	-13.0	0	0	0
0	184	S1	2	H	50	G1	4	C	67.0	67.0	0	0	0
0	185	H0	8	H	292	Y1	5	H	53.0	-53.0	0	0	1
0	185	H0	12	H	292	Y1	7	H	53.0	-53.0	0	0	0
0	59	I0	2	H	177	L0	5	H	59.0	-59.0	0	0	0
0	301	Y0	6	C	0	O0	-1	S	0.5	0.5	1	0	1
0	301	Y0	2	C	0	O0	-1	S	0.5	0.5	1	0	0
0	121	L0	12	C	13	W0	8	S	54.0	54.0	0	0	0
0	25	V0	6	H	32	K1	7	H	3.0	-3.0	0	0	1
0	25	V0	4	H	32	K1	5	H	3.0	-3.0	0	0	0
0	302	Y1	3	H	131	V0	10	H	85.0	85.0	0	0	0
0	224	I1	8	H	0	O0	-1	S	0.5	0.5	1	0	1
0	224	I1	2	H	0	O0	-1	S	0.5	0.5	1	0	0
0	99	K0	12	H	3	L0	7	S	48.0	48.0	0	0	0
0	24	H1	12	H	0	O0	-1	S	0.5	0.5	1	0	1
0	24	H1	3	H	0	O0	-1	S	0.5	0.5	1	0	0
0	272	E1	2	H	213	I0	8	S	29.0	29.0	0	0	0
0	105	A0	11	H	0	O0	-1	S	0.5	0.5	1	0	1
0	105	A0	6	H	0	O0	-1	S	0.5	0.5	1	0	0
0	130	G1	10	H	293	K0	2	S	82.0	-82.0	0	0	0
0	107	E0	8	H	109	M0	3	H	1.0	-1.0	0	1	1
0	107	E0	10	H	109	M0	5	H	1.0	-1.0	0	1	0
0	236	R1	4	H	54	D1	12	H	91.0	91.0	0	0	1
0	236	R1	9	H	54	D1	10	H	91.0	91.0	0	0	0
0	299	G0	4	H	55	I0	5	H	122.0	122.0	0	0	0
0	247	G0	2	C	255	Q0	4	H	4.0	-4.0	0	0	1
0	247	G0	10	C	255	Q0	2	H	4.0	-4.0	0	0	0
0	227	V0	2	C	139	T0	7	H	44.0	44.0	0	0	0
0	0	O0	-1	S	16	Q1	8	H	0.5	0.5	1	0	1
0	0	O0	-1	S	16	Q1	4	H	0.5	0.5	1	0	0
0	1	V0	3	S	224	I1	2	H	111.0	-111.0	0	0	0
0	89	R0	12	C	90	R1	1	C	0.0	0.0	0	1	1
0	89	R0	4	C	90	R1	12	C	0.0	0.0	0	1	0
0	8	E1	7	H	0	O0	-1	S	0.5	0.5	1	0	1
0	8	E1	1	H	0	O0	-1	S	0.5	0.5	1	0	0
0	292	Y1	1	H	211	F0	4	S	40.0	40.0	0	0	0
0	30	A1	11	H	0	O0	-1	S	0.5	0.5	1	0	1
0	30	A1	8	H	0	O0	-1	S	0.5	0.5	1	0	0
0	301	Y0	2	H	185	H0	5	S	58.0	58.0	0	0	0
0	0	O0	-1	S	255	Q0	10	H	0.5	0.5	1	0	1
0	0	O0	-1	S	255	Q0	6	H	0.5	0.5	1	0	0
0	236	R1	9	S	17	L0	5	H	109.0	109.0	0	0	0
0	191	K0	9	C	0	O0	-1	S	0.5	0.5	1	0	1
0	191	K0	4	C	0	O0	-1	S	0.5	0.5	1	0	0
0	52	Q1	2	C	196	K1	9	S	72.0	-72.0	0	0	0
0	114	A1	5	C	0	O0	-1	S	0.5	0.5	1	0	1
0	114	A1	9	C	0	O0	-1	S	0.5	0.5	1	0	0
0	186	H1	4	C	300	G1	11	S	57.0	-57.0	0	0	0
0	0	O0	-1	S	22	L1	12	H	0.5	0.5	1	0	1
0	0	O0	-1	S	22	L1	6	H	0.5	0.5	1	0	0
0	302	Y1	3	S	89	R0	1	H	106.0	106.0	0	0	0
0	111	K0	11	H	112	K1	2	H	0.0	0.0	0	1	1
0	111	K0	12	H	112	K1	9	H	0.0	0.0	0	1	0
0	171	L0	9	H	173	K0	3	H	1.0	-1.0	0	1	1
0	171	L0	5	H	173	K0	11	H	1.0	-1.0	0	1	0
0	0	O0	-1	S	240	P1	10	H	0.5	0.5	1	0	1
0	0	O0	-1	S	240	P1	9	H	0.5	0.5	1	0	0
0	242	G1	8	S	0	O0	9	H	0.5	0.5	1	0	0
0	58	L1	4	H	129	G0	5	H	36.0	-36.0	0	0	1
0	58	L1	6	H	129	G0	11	H	36.0	-36.0	0	0	0
0	276	F1	8	H	302	Y1	3	H	13.0	-13.0	0	0	0
0	215	S0	9	H	224	I1	3	H	4.0	-4.0	0	0	1
0	215	S0	5	H	224	I1	2	H	4.0	-4.0	0	0	0
0	167	A0	7	H	37	A0	2	H	65.0	65.0	0	0	0
0	4	L1	11	C	259	A0	6	H	128.0	-128.0	0	0	1
0	4	L1	9	C	259	A0	10	H	128.0	-128.0	0	0	0
0	175	P0	6	C	19	V0	10	H	78.0	78.0	0	0	0
0	47	H0	5	H	236	R1	12	H	94.0	-94.0	0	0	1
0	47	H0	6	H	236	R1	9	H	94.0	-94.0	0	0	0
0	297	L0	1	H	140	T1	3	H	79.0	79.0	0	0	0
0	2	V1	8	C	0	O0	-1	S	0.5	0.5	1	0	1
0	2	V1	6	C	0	O0	-1	S	0.5	0.5	1	0	0
0	99	K0	4	C	251	D0	7	S	76.0	-76.0	0	0	0
0	208	L1	6	H	0	O0	-1	S	0.5	0.5	1	0	1
0	208	L1	8	H	0	O0	-1	S	0.5	0.5	1	0	0
0	125	K0	10	H	299	G0	4	S	87.0	-87.0	0	0	0
0	63	L0	8	H	65	F0	3	H	1.0	-1.0	0	1	1
0	63	L0	5	H	65	F0	12	H	1.0	-1.0	0	1	0
0	266	K1	6	H	0	O0	-1	S	0.5	0.5	1	0	1
0	266	K1	1	H	0	O0	-1	S	0.5	0.5	1	0	0
0	7	E0	6	H	50	G1	4	S	21.0	-21.0	0	0	0
0	0	O0	-1	S	74	P1	7	H	0.5	0.5	1	0	1
0	0	O0	-1	S	74	P1	6	H	0.5	0.5	1	0	0
0	292	Y1	7	S	71	H0	6	H	110.0	110.0	0	0	0
0	145	G0	9	H	147	A0	3	H	1.0	-1.0	0	1	1
0	145	G0	8	H	147	A0	2	H	1.0	-1.0	0	1	0
0	252	D1	5	H	0	O0	-1	S	0.5	0.5	1	0	1
0	252	D1	8	H	0	O0	-1	S	0.5	0.5	1	0	0
0	215	S0	4	H	57	L0	2	S	79.0	79.0	0	0	0
0	247	G0	11	C	0	O0	-1	S	0.5	0.5	1	0	1
0	247	G0	10	C	0	O0	-1	S	0.5	0.5	1	0	0
0	11	E0	11	C	1	V0	4	S	5.0	5.0	0	0	0
0	0	O0	-1	S	87	D0	7	C	0.5	0.5	1	0	1
0	0	O0	-1	S	87	D0	4	C	0.5	0.5	1	0	0
0	156	K1	11	S	222	I1	12	C	33.0	-33.0	0	0	0
0	58	L1	3	H	49	G0	10	H	4.0	4.0	0	0	1
0	58	L1	6	H	49	G0	2	H	4.0	4.0	0	0	0
0	295	E0	4	H	181	Q0	10	H	57.0	57.0	0	0	0
0	66	F1	5	H	86	F1	7	C	10.0	-10.0	0	0	1
0	66	F1	9	H	86	F1	3	C	10.0	-10.0	0	0	0
0	221	I0	6	H	279	K0	2	C	29.0	-29.0	0	0	0
0	185	H0	2	H	189	T0	2	H	2.0	-2.0	0	0	1
0	185	H0	1	H	189	T0	8	H	2.0	-2.0	0	0	0
0	254	A1	5	H	93	K0	10	H	80.0	80.0	0	0	0
0	280	K1	6	H	0	O0	-1	S	0.5	0.5	1	0	1
0	280	K1	3	H	0	O0	-1	S	0.5	0.5	1	0	0
0	74	P1	6	H	179	A0	2	S	53.0	-53.0	0	0	0
0	13	W0	9	H	15	Q0	3	H	1.0	-1.0	0	1	1
0	13	W0	4	H	15	Q0	1	H	1.0	-1.0	0	1	0
0	287	A0	4	H	279	K0	9	H	4.0	4.0	0	0	1
0	287	A0	2	H	279	K0	2	H	4.0	4.0	0	0	0
0	189	T0	8	H	104	E1	5	H	43.0	43.0	0	0	0
0	248	G1	5	C	0	O0	-1	S	0.5	0.5	1	0	1
0	248	G1	8	C	0	O0	-1	S	0.5	0.5	1	0	0
0	204	K1	3	C	161	H0	5	S	21.0	21.0	0	0	0
0	228	V1	10	H	236	R1	7	H	4.0	-4.0	0	0	1
0	228	V1	9	H	236	R1	9	H	4.0	-4.0	0	0	0
0	298	L1	9	H	73	P0	1	H	112.0	112.0	0	0	0
0	101	T0	5	C	0	O0	-1	S	0.5	0.5	1	0	1
0	101	T0	4	C	0	O0	-1	S	0.5	0.5	1	0	0
0	226	H1	8	C	118	E1	3	S	54.0	54.0	0	0	0
0	205	Y0	5	H	212	F1	7	H	3.0	-3.0	0	0	1
0	205	Y0	2	H	212	F1	9	H	3.0	-3.0	0	0	0
0	166	E1	6	H	259	A0	2	H	47.0	-47.0	0	0	0
0	26	V1	1	H	25	V0	12	H	0.0	0.0	0	1	1
0	26	V1	9	H	25	V0	10	H	0.0	0.0	0	1	0
0	250	A1	11	H	0	O0	-1	S	0.5	0.5	1	0	1
0	250	A1	2	H	0	O0	-1	S	0.5	0.5	1	0	0
0	151	L0	8	H	270	L1	1	S	59.0	-59.0	0	0	0
0	194	H1	4	C	0	O0	-1	S	0.5	0.5	1	0	1
0	194	H1	12	C	0	O0	-1	S	0.5	0.5	1	0	0
0	217	E0	4	C	80	L1	2	S	69.0	69.0	0	0	0
0	300	G1	5	C	0	O0	-1	S	0.5	0.5	1	0	1
0	300	G1	10	C	0	O0	-1	S	0.5	0.5	1	0	0
0	123	K0	7	C	165	E0	6	S	21.0	-21.0	0	0	0
0	64	L1	11	H	214	I1	5	H	75.0	-75.0	0	0	1
0	64	L1	10	H	214	I1	10	H	75.0	-75.0	0	0	0
0	42	V1	11	H	167	A0	11	H	63.0	-63.0	0	0	0
0	235	R0	8	H	238	H1	2	C	1.0	-1.0	0	0	1
0	235	R0	12	H	238	H1	1	C	1.0	-1.0	0	0	0
0	11	E0	11	H	42	V1	9	C	15.0	-15.0	0	0	0
0	59	I0	9	H	61	R0	3	H	1.0	-1.0	0	1	1
0	59	I0	2	H	61	R0	6	H	1.0	-1.0	0	1	0
0	145	G0	3	H	143	L0	9	H	1.0	1.0	0	1	1
0	145	G0	2	H	143	L0	7	H	1.0	1.0	0	1	0
0	0	O0	-1	S	113	A0	5	C	0.5	0.5	1	0	1
0	0	O0	-1	S	113	A0	1	C	0.5	0.5	1	0	0
0	26	V1	11	S	46	G1	3	C	10.0	-10.0	0	0	0
0	70	S1	6	H	0	O0	-1	S	0.5	0.5	1	0	1
0	70	S1	7	H	0	O0	-1	S	0.5	0.5	1	0	0
0	271	E0	6	H	58	L1	6	S	107.0	107.0	0	0	0
0	69	S0	8	H	71	H0	3	C	1.0	-1.0	0	1	1
0	69	S0	11	H	71	H0	12	C	1.0	-1.0	0	1	0
0	169	E0	11	H	0	O0	-1	S	0.5	0.5	1	0	1
0	169	E0	8	H	0	O0	-1	S	0.5	0.5	1	0	0
0	142	A1	2	H	92	F1	1	S	25.0	25.0	0	0	0
0	98	L1	6	C	108	E1	9	H	5.0	-5.0	0	0	1
0	98	L1	9	C	108	E1	2	H	5.0	-5.0	0	0	0
0	136	V1	11	C	146	G1	2	H	5.0	-5.0	0	0	0
0	121	L0	1	H	127	H0	7	H	3.0	-3.0	0	0	1
0	121	L0	5	H	127	H0	12	H	3.0	-3.0	0	0	0
0	139	T0	11	H	171	L0	8	H	16.0	-16.0	0	0	0
0	158	K1	8	C	0	O0	-1	S	0.5	0.5	1	0	1
0	158	K1	12	C	0	O0	-1	S	0.5	0.5	1	0	0
0	17	L0	10	C	166	E1	2	S	74.0	-74.0	0	0	0
0	208	L1	7	H	201	I0	6	H	3.0	3.0	0	0	1
0	208	L1	1	H	201	I0	8	H	3.0	3.0	0	0	0
0	21	L0	5	H	235	R0	12	H	107.0	-107.0	0	0	0
0	302	Y1	5	C	0	O0	-1	S	0.5	0.5	1	0	1
0	302	Y1	3	C	0	O0	-1	S	0.5	0.5	1	0	0
0	149	I0	2	C	186	H1	8	S	18.0	-18.0	0	0	0
0	8	E1	12	H	0	O0	-1	S	0.5	0.5	1	0	1
0	8	E1	9	H	0	O0	-1	S	0.5	0.5	1	0	0
0	168	A1	7	H	24	H1	1	S	72.0	72.0	0	0	0
0	88	D1	1	C	94	K1	7	C	3.0	-3.0	0	0	1
0	88	D1	5	C	94	K1	4	C	3.0	-3.0	0	0	0
0	298	L1	9	C	240	P1	9	C	29.0	29.0	0	0	0
0	269	L0	6	H	276	F1	7	H	3.0	-3.0	0	0	1
0	269	L0	5	H	276	F1	8	H	3.0	-3.0	0	0	0
0	220	A1	11	H	172	L1	6	H	24.0	24.0	0	0	0
0	279	K0	6	H	0	O0	-1	S	0.5	0.5	1	0	1
0	279	K0	5	H	0	O0	-1	S	0.5	0.5	1	0	0
0	217	E0	2	H	260	A1	2	S	21.0	-21.0	0	0	0
0	101	T0	8	C	107	E0	7	H	3.0	-3.0	0	0	1
0	101	T0	11	C	107	E0	10	H	3.0	-3.0	0	0	0
0	149	I0	11	C	83	K0	8	H	33.0	33.0	0	0	0
0	95	H0	11	C	0	O0	-1	S	0.5	0.5	1	0	1
0	95	H0	7	C	0	O0	-1	S	0.5	0.5	1	0	0
0	51	Q0	11	C	165	E0	12	S	57.0	-57.0	0	0	0
0	0	O0	-1	S	132	V1	11	H	0.5	0.5	1	0	1
0	0	O0	-1	S	132	V1	2	H	0.5	0.5	1	0	0
0	255	Q0	11	S	50	G1	2	H	103.0	103.0	0	0	0
0	85	F0	11	C	86	F1	2	C	0.0	0.0	0	1	1
0	85	F0	12	C	86	F1	8	C	0.0	0.0	0	1	0
0	103	E0	9	H	105	A0	3	H	1.0	-1.0	0	1	1
0	103	E0	8	H	105	A0	8	H	1.0	-1.0	0	1	0
0	181	Q0	9	H	183	S0	3	H	1.0	-1.0	0	1	1
0	181	Q0	8	H	183	S0	10	H	1.0	-1.0	0	1	0
0	4	L1	4	C	267	A0	5	H	132.0	-132.0	0	0	1
0	4	L1	7	C	267	A0	11	H	132.0	-132.0	0	0	0
0	73	P0	12	C	283	I0	10	H	105.0	-105.0	0	0	0
0	221	I0	12	H	222	I1	1	H	0.0	0.0	0	1	1
0	221	I0	2	H	222	I1	12	H	0.0	0.0	0	1	0
0	74	P1	2	H	76	E1	3	H	1.0	-1.0	0	0	1
0	74	P1	6	H	76	E1	9	H	1.0	-1.0	0	0	0
0	82	E1	3	H	103	E0	7	H	11.0	-11.0	0	0	0
0	125	K0	12	H	126	K1	1	H	0.0	0.0	0	1	1
0	125	K0	4	H	126	K1	8	H	0.0	0.0	0	1	0
0	204	K1	4	H	0	O0	-1	S	0.5	0.5	1	0	1
0	204	K1	3	H	0	O0	-1	S	0.5	0.5	1	0	0
0	260	A1	6	H	63	L0	11	S	98.0	98.0	0	0	0
0	99	K0	7	C	108	E1	8	H	4.0	-4.0	0	0	1
0	99	K0	2	C	108	E1	2	H	4.0	-4.0	0	0	0
0	130	G1	3	C	159	G0	4	H	15.0	-15.0	0	0	0
0	241	G0	10	H	0	O0	-1	S	0.5	0.5	1	0	1
0	241	G0	8	H	0	O0	-1	S	0.5	0.5	1	0	0
0	255	Q0	6	H	280	K1	3	S	12.0	-12.0	0	0	0
0	12	E1	6	H	260	A1	5	H	124.0	-124.0	0	0	1
0	12	E1	9	H	260	A1	9	H	124.0	-124.0	0	0	0
0	86	F1	4	H	73	P0	12	H	6.0	6.0	0	0	0
0	248	G1	11	C	0	O0	-1	S	0.5	0.5	1	0	1
0	248	G1	7	C	0	O0	-1	S	0.5	0.5	1	0	0
0	210	E1	10	C	232	H1	3	S	11.0	-11.0	0	0	0
0	296	E1	2	H	298	L1	3	H	1.0	-1.0	0	0	1
0	296	E1	3	H	298	L1	9	H	1.0	-1.0	0	0	0
0	9	G0	8	H	36	E1	6	H	13.0	-13.0	0	0	0
0	5	S0	11	C	0	O0	-1	S	0.5	0.5	1	0	1
0	5	S0	2	C	0	O0	-1	S	0.5	0.5	1	0	0
0	7	E0	12	C	249	A0	2	S	121.0	-121.0	0	0	0
0	105	A0	10	H	0	O0	-1	S	0.5	0.5	1	0	1
0	105	A0	2	H	0	O0	-1	S	0.5	0.5	1	0	0
0	145	G0	5	H	42	V1	9	S	52.0	52.0	0	0	0
0	134	T1	9	H	142	A1	4	H	4.0	-4.0	0	0	1
0	134	T1	4	H	142	A1	8	H	4.0	-4.0	0	0	0
0	21	L0	10	H	74	P1	6	H	26.0	-26.0	0	0	0
0	147	A0	5	H	154	K1	7	H	3.0	-3.0	0	0	1
0	147	A0	8	H	154	K1	5	H	3.0	-3.0	0	0	0
0	289	K0	2	H	251	D0	10	H	19.0	19.0	0	0	0
0	42	V1	12	H	140	T1	5	H	49.0	-49.0	0	0	1
0	42	V1	2	H	140	T1	3	H	49.0	-49.0	0	0	0
0	14	W1	4	H	124	K1	3	H	55.0	-55.0	0	0	0
0	182	Q1	3	H	173	K0	10	H	4.0	4.0	0	0	1
0	182	Q1	2	H	173	K0	2	H	4.0	4.0	0	0	0
0	107	E0	10	H	119	D0	8	H	6.0	-6.0	0	0	0
0	213	I0	10	H	222	I1	3	H	4.0	-4.0	0	0	1
0	213	I0	4	H	222	I1	12	H	4.0	-4.0	0	0	0
0	16	Q1	1	H	111	K0	12	H	48.0	-48.0	0	0	0
0	153	K0	12	H	154	K1	1	H	0.0	0.0	0	1	1
0	153	K0	1	H	154	K1	2	H	0.0	0.0	0	1	0
0	0	O0	-1	S	119	D0	4	H	0.5	0.5	1	0	1
0	0	O0	-1	S	119	D0	12	H	0.5	0.5	1	0	0
0	275	F0	7	S	241	G0	8	H	17.0	17.0	0	0	0
0	0	O0	-1	S	116	S1	5	C	0.5	0.5	1	0	1
0	0	O0	-1	S	116	S1	3	C	0.5	0.5	1	0	0
0	192	K1	2	S	163	H0	8	C	14.0	14.0	0	0	0
0	0	O0	-1	S	94	K1	8	C	0.5	0.5	1	0	1
0	0	O0	-1	S	94	K1	4	C	0.5	0.5	1	0	0
0	175	P0	2	S	278	R1	12	C	51.0	-51.0	0	0	0
0	189	T0	9	H	191	K0	3	C	1.0	-1.0	0	1	1
0	189	T0	4	H	191	K0	4	C	1.0	-1.0	0	1	0
0	97	L0	9	C	99	K0	3	C	1.0	-1.0	0	1	1
0	97	L0	1	C	99	K0	4	C	1.0	-1.0	0	1	0
0	10	G1	5	H	0	O0	-1	S	0.5	0.5	1	0	1
0	10	G1	6	H	0	O0	-1	S	0.5	0.5	1	0	0
0	81	E0	8	H	211	F0	12	S	65.0	-65.0	0	0	0
0	272	E1	12	H	0	O0	-1	S	0.5	0.5	1	0	1
0	272	E1	2	H	0	O0	-1	S	0.5	0.5	1	0	0
0	13	W0	6	H	93	K0	6	S	40.0	-40.0	0	0	0
0	252	D1	11	H	0	O0	-1	S	0.5	0.5	1	0	1
0	252	D1	8	H	0	O0	-1	S	0.5	0.5	1	0	0
0	233	S0	1	H	238	H1	1	S	2.0	-2.0	0	0	0
0	2	V1	5	C	0	O0	-1	S	0.5	0.5	1	0	1
0	2	V1	3	C	0	O0	-1	S	0.5	0.5	1	0	0
0	25	V0	7	C	219	A0	2	S	97.0	-97.0	0	0	0
0	277	R0	8	H	279	K0	3	H	1.0	-1.0	0	1	1
0	277	R0	2	H	279	K0	10	H	1.0	-1.0	0	1	0
0	163	H0	12	C	164	H1	1	C	0.0	0.0	0	1	1
0	163	H0	1	C	164	H1	5	C	0.0	0.0	0	1	0
0	81	E0	9	C	83	K0	3	C	1.0	-1.0	0	1	1
0	81	E0	4	C	83	K0	12	C	1.0	-1.0	0	1	0
0	178	L1	10	H	0	O0	-1	S	0.5	0.5	1	0	1
0	178	L1	1	H	0	O0	-1	S	0.5	0.5	1	0	0
0	183	S0	10	H	129	G0	8	S	27.0	27.0	0	0	0
0	171	L0	2	H	176	P1	2	H	2.0	-2.0	0	0	1
0	171	L0	8	H	176	P1	1	H	2.0	-2.0	0	0	0
0	297	L0	4	H	100	K1	3	H	99.0	99.0	0	0	0
0	83	K0	11	C	84	K1	2	C	0.0	0.0	0	1	1
0	83	K0	4	C	84	K1	1	C	0.0	0.0	0	1	0
0	51	Q0	10	H	60	I1	3	H	4.0	-4.0	0	0	1
0	51	Q0	4	H	60	I1	9	H	4.0	-4.0	0	0	0
0	92	F1	8	H	297	L0	2	H	103.0	-103.0	0	0	0
0	73	P0	2	H	76	E1	1	H	1.0	-1.0	0	0	1
0	73	P0	1	H	76	E1	9	H	1.0	-1.0	0	0	0
0	249	A0	8	H	164	H1	2	H	43.0	43.0	0	0	0
0	140	T1	6	H	0	O0	-1	S	0.5	0.5	1	0	1
0	140	T1	2	H	0	O0	-1	S	0.5	0.5	1	0	0
0	168	A1	9	H	86	F1	9	S	41.0	41.0	0	0	0
0	176	P1	10	H	0	O0	-1	S	0.5	0.5	1	0	1
0	176	P1	3	H	0	O0	-1	S	0.5	0.5	1	0	0
0	6	S1	7	H	20	V1	12	S	7.0	-7.0	0	0	0
0	262	M1	9	H	270	L1	4	H	4.0	-4.0	0	0	1
0	262	M1	11	H	270	L1	9	H	4.0	-4.0	0	0	0
0	267	A0	10	H	216	S1	8	H	26.0	26.0	0	0	0
0	219	A0	6	H	226	H1	7	H	3.0	-3.0	0	0	1
0	219	A0	7	H	226	H1	8	H	3.0	-3.0	0	0	0
0	177	L0	5	H	159	G0	7	H	9.0	9.0	0	0	0
0	49	G0	4	H	41	V0	9	H	4.0	4.0	0	0	1
0	49	G0	11	H	41	V0	2	H	4.0	4.0	0	0	0
0	259	A0	11	H	130	G1	6	H	65.0	65.0	0	0	0
0	100	K1	12	C	0	O0	-1	S	0.5	0.5	1	0	1
0	100	K1	1	C	0	O0	-1	S	0.5	0.5	1	0	0
0	180	A1	10	C	194	H1	1	S	7.0	-7.0	0	0	0
0	55	I0	6	H	220	A1	10	H	82.0	-82.0	0	0	1
0	55	I0	8	H	220	A1	8	H	82.0	-82.0	0	0	0
0	73	P0	8	H	174	K1	11	H	50.0	-50.0	0	0	0
0	0	O0	-1	S	299	G0	5	C	0.5	0.5	1	0	1
0	0	O0	-1	S	299	G0	4	C	0.5	0.5	1	0	0
0	79	L0	2	S	205	Y0	2	C	63.0	-63.0	0	0	0
0	71	H0	5	C	0	O0	-1	S	0.5	0.5	1	0	1
0	71	H0	11	C	0	O0	-1	S	0.5	0.5	1	0	0
0	8	E1	9	C	63	L0	5	S	28.0	-28.0	0	0	0
0	219	A0	12	H	220	A1	1	H	0.0	0.0	0	1	1
0	219	A0	7	H	220	A1	3	H	0.0	0.0	0	1	0
0	119	D0	9	H	121	L0	3	H	1.0	-1.0	0	1	1
0	119	D0	12	H	121	L0	6	H	1.0	-1.0	0	1	0
0	125	K0	5	H	0	O0	-1	S	0.5	0.5	1	0	1
0	125	K0	10	H	0	O0	-1	S	0.5	0.5	1	0	0
0	62	R1	1	H	121	L0	6	S	30.0	-30.0	0	0	0
0	83	K0	9	C	85	F0	3	C	1.0	-1.0	0	1	1
0	83	K0	10	C	85	F0	6	C	1.0	-1.0	0	1	0
0	239	P0	2	H	243	N0	2	H	2.0	-2.0	0	0	1
0	239	P0	4	H	243	N0	8	H	2.0	-2.0	0	0	0
0	225	H0	12	H	70	S1	2	H	78.0	78.0	0	0	0
0	102	T1	7	C	108	E1	3	H	3.0	-3.0	0	0	1
0	102	T1	2	C	108	E1	2	H	3.0	-3.0	0	0	0
0	173	K0	11	C	13	W0	4	H	80.0	80.0	0	0	0
0	200	P1	4	C	0	O0	-1	S	0.5	0.5	1	0	1
0	200	P1	2	C	0	O0	-1	S	0.5	0.5	1	0	0
0	98	L1	4	C	53	D0	7	S	22.0	22.0	0	0	0
0	156	K1	8	C	163	H0	5	C	4.0	-4.0	0	0	1
0	156	K1	11	C	163	H0	4	C	4.0	-4.0	0	0	0
0	131	V0	2	C	202	I1	4	C	35.0	-35.0	0	0	0
0	281	D0	4	H	273	L0	9	H	4.0	4.0	0	0	1
0	281	D0	2	H	273	L0	10	H	4.0	4.0	0	0	0
0	70	S1	8	H	132	V1	8	H	31.0	-31.0	0	0	0
0	12	E1	11	H	266	K1	8	H	127.0	-127.0	0	0	1
0	12	E1	2	H	266	K1	9	H	127.0	-127.0	0	0	0
0	47	H0	4	H	292	Y1	1	H	122.0	-122.0	0	0	0
0	0	O0	-1	S	139	T0	6	H	0.5	0.5	1	0	1
0	0	O0	-1	S	139	T0	2	H	0.5	0.5	1	0	0
0	283	I0	4	S	100	K1	9	H	92.0	92.0	0	0	0
0	117	E0	11	H	118	E1	2	H	0.0	0.0	0	1	1
0	117	E0	2	H	118	E1	1	H	0.0	0.0	0	1	0
0	0	O0	-1	S	103	E0	4	H	0.5	0.5	1	0	1
0	0	O0	-1	S	103	E0	6	H	0.5	0.5	1	0	0
0	176	P1	1	S	291	Y0	1	H	58.0	-58.0	0	0	0
0	271	E0	9	H	279	K0	4	H	4.0	-4.0	0	0	1
0	271	E0	6	H	279	K0	2	H	4.0	-4.0	0	0	0
0	48	H1	6	H	25	V0	8	H	11.0	11.0	0	0	0
0	16	Q1	5	H	0	O0	-1	S	0.5	0.5	1	0	1
0	16	Q1	1	H	0	O0	-1	S	0.5	0.5	1	0	0
0	278	R1	9	H	261	M0	7	S	8.0	8.0	0	0	0
0	106	A1	12	H	0	O0	-1	S	0.5	0.5	1	0	1
0	106	A1	8	H	0	O0	-1	S	0.5	0.5	1	0	0
0	200	P1	6	H	148	A1	3	S	26.0	26.0	0	0	0
0	271	E0	4	H	263	N0	9	H	4.0	4.0	0	0	1
0	271	E0	11	H	263	N0	5	H	4.0	4.0	0	0	0
0	292	Y1	7	H	12	E1	10	H	140.0	140.0	0	0	0
0	99	K0	11	C	100	K1	2	C	0.0	0.0	0	1	1
0	99	K0	2	C	100	K1	9	C	0.0	0.0	0	1	0
0	31	K0	5	H	0	O0	-1	S	0.5	0.5	1	0	1
0	31	K0	4	H	0	O0	-1	S	0.5	0.5	1	0	0
0	151	L0	10	H	135	V0	11	S	8.0	8.0	0	0	0
0	125	K0	6	H	132	V1	7	H	3.0	-3.0	0	0	1
0	125	K0	11	H	132	V1	2	H	3.0	-3.0	0	0	0
0	299	G0	11	H	209	E0	11	H	45.0	45.0	0	0	0
0	246	F1	5	C	262	M1	7	H	8.0	-8.0	0	0	1
0	246	F1	3	C	262	M1	1	H	8.0	-8.0	0	0	0
0	296	E1	3	C	120	D1	3	H	88.0	88.0	0	0	0
0	75	E0	9	H	77	T0	3	H	1.0	-1.0	0	1	1
0	75	E0	4	H	77	T0	1	H	1.0	-1.0	0	1	0
0	251	D0	12	H	252	D1	1	H	0.0	0.0	0	1	1
0	251	D0	7	H	252	D1	9	H	0.0	0.0	0	1	0
0	156	K1	9	C	161	H0	8	C	3.0	-3.0	0	0	1
0	156	K1	1	C	161	H0	5	C	3.0	-3.0	0	0	0
0	240	P1	9	C	177	L0	7	C	31.0	31.0	0	0	0
0	10	G1	11	H	0	O0	-1	S	0.5	0.5	1	0	1
0	10	G1	2	H	0	O0	-1	S	0.5	0.5	1	0	0
0	148	A1	9	H	243	N0	1	S	48.0	-48.0	0	0	0
0	7	E0	10	H	0	O0	-1	S	0.5	0.5	1	0	1
0	7	E0	12	H	0	O0	-1	S	0.5	0.5	1	0	0
0	18	L1	9	H	110	M1	12	S	46.0	-46.0	0	0	0
0	56	I1	1	H	55	I0	12	H	0.0	0.0	0	1	1
0	56	I1	2	H	55	I0	11	H	0.0	0.0	0	1	0
0	118	E1	12	H	0	O0	-1	S	0.5	0.5	1	0	1
0	118	E1	3	H	0	O0	-1	S	0.5	0.5	1	0	0
0	80	L1	11	H	14	W1	4	S	33.0	33.0	0	0	0
0	179	A0	12	H	180	A1	1	H	0.0	0.0	0	1	1
0	179	A0	2	H	180	A1	3	H	0.0	0.0	0	1	0
0	183	S0	12	H	184	S1	1	H	0.0	0.0	0	1	1
0	183	S0	10	H	184	S1	2	H	0.0	0.0	0	1	0
0	281	D0	7	H	275	F0	1	H	3.0	3.0	0	0	1
0	281	D0	2	H	275	F0	9	H	3.0	3.0	0	0	0
0	165	E0	7	H	109	M0	5	H	28.0	28.0	0	0	0
0	128	H1	12	H	86	F1	11	C	21.0	21.0	0	0	1
0	128	H1	3	H	86	F1	9	C	21.0	21.0	0	0	0
0	81	E0	8	H	5	S0	1	C	38.0	38.0	0	0	0
0	15	Q0	10	H	16	Q1	3	H	0.0	0.0	0	1	1
0	15	Q0	2	H	16	Q1	4	H	0.0	0.0	0	1	0
0	257	G0	5	H	0	O0	-1	S	0.5	0.5	1	0	1
0	257	G0	2	H	0	O0	-1	S	0.5	0.5	1	0	0
0	138	L1	5	H	177	L0	5	S	20.0	-20.0	0	0	0
0	55	I0	9	H	57	L0	3	H	1.0	-1.0	0	1	1
0	55	I0	11	H	57	L0	2	H	1.0	-1.0	0	1	0
0	204	K1	10	H	0	O0	-1	S	0.5	0.5	1	0	1
0	204	K1	3	H	0	O0	-1	S	0.5	0.5	1	0	0
0	280	K1	3	H	44	A1	3	S	118.0	118.0	0	0	0
0	210	E1	2	H	212	F1	1	H	1.0	-1.0	0	0	1
0	210	E1	8	H	212	F1	9	H	1.0	-1.0	0	0	0
0	31	K0	10	H	206	Y1	1	H	87.0	-87.0	0	0	0
0	202	I1	11	H	286	A1	5	H	42.0	-42.0	0	0	1
0	202	I1	10	H	286	A1	9	H	42.0	-42.0	0	0	0
0	206	Y1	1	H	175	P0	10	H	15.0	15.0	0	0	0
0	224	I1	5	H	262	M1	8	H	19.0	-19.0	0	0	1
0	224	I1	9	H	262	M1	11	H	19.0	-19.0	0	0	0
0	271	E0	6	H	190	T1	7	H	41.0	41.0	0	0	0
0	0	O0	-1	S	39	D0	1	H	0.5	0.5	1	0	1
0	0	O0	-1	S	39	D0	4	H	0.5	0.5	1	0	0
0	299	G0	11	S	246	F1	3	H	27.0	27.0	0	0	0
0	197	I0	11	C	198	I1	2	C	0.0	0.0	0	1	1
0	197	I0	1	C	198	I1	1	C	0.0	0.0	0	1	0
0	202	I1	12	H	0	O0	-1	S	0.5	0.5	1	0	1
0	202	I1	9	H	0	O0	-1	S	0.5	0.5	1	0	0
0	53	D0	11	H	77	T0	5	S	12.0	-12.0	0	0	0
0	237	H0	6	C	0	O0	-1	S	0.5	0.5	1	0	1
0	237	H0	5	C	0	O0	-1	S	0.5	0.5	1	0	0
0	117	E0	5	C	72	H1	8	S	23.0	23.0	0	0	0
0	16	Q1	9	H	24	H1	4	H	4.0	-4.0	0	0	1
0	16	Q1	1	H	24	H1	8	H	4.0	-4.0	0	0	0
0	175	P0	10	H	262	M1	1	H	43.0	-43.0	0	0	0
0	0	O0	-1	S	31	K0	5	H	0.5	0.5	1	0	1
0	0	O0	-1	S	31	K0	10	H	0.5	0.5	1	0	0
0	216	S1	3	S	97	L0	4	H	59.0	59.0	0	0	0
0	259	A0	7	H	253	A0	1	H	3.0	3.0	0	0	1
0	259	A0	11	H	253	A0	8	H	3.0	3.0	0	0	0
0	226	H1	3	H	202	I1	9	H	12.0	12.0	0	0	0
0	53	D0	9	H	61	R0	4	H	4.0	-4.0	0	0	1
0	53	D0	10	H	61	R0	6	H	4.0	-4.0	0	0	0
0	281	D0	2	H	138	L1	11	H	72.0	72.0	0	0	0
0	134	T1	5	H	0	O0	-1	S	0.5	0.5	1	0	1
0	134	T1	2	H	0	O0	-1	S	0.5	0.5	1	0	0
0	3	L0	8	H	89	R0	1	S	43.0	-43.0	0	0	0
0	43	A0	5	H	132	V1	5	H	44.0	-44.0	0	0	1
0	43	A0	8	H	132	V1	8	H	44.0	-44.0	0	0	0
0	285	A0	11	H	172	L1	6	H	57.0	57.0	0	0	0
0	61	R0	11	H	62	R1	2	H	0.0	0.0	0	1	1
0	61	R0	2	H	62	R1	3	H	0.0	0.0	0	1	0
0	0	O0	-1	S	6	S1	6	C	0.5	0.5	1	0	1
0	0	O0	-1	S	6	S1	3	C	0.5	0.5	1	0	0
0	13	W0	8	S	158	K1	7	C	72.0	-72.0	0	0	0
0	292	Y1	4	H	208	L1	4	H	42.0	42.0	0	0	1
0	292	Y1	7	H	208	L1	8	H	42.0	42.0	0	0	0
0	173	K0	2	H	17	L0	5	H	78.0	78.0	0	0	0
0	190	T1	11	H	0	O0	-1	S	0.5	0.5	1	0	1
0	190	T1	2	H	0	O0	-1	S	0.5	0.5	1	0	0
0	240	P1	9	H	259	A0	11	S	10.0	-10.0	0	0	0
0	0	O0	-1	S	237	H0	6	C	0.5	0.5	1	0	1
0	0	O0	-1	S	237	H0	5	C	0.5	0.5	1	0	0
0	174	K1	11	S	88	D1	5	C	43.0	43.0	0	0	0
0	235	R0	5	H	0	O0	-1	S	0.5	0.5	1	0	1
0	235	R0	12	H	0	O0	-1	S	0.5	0.5	1	0	0
0	0	O0	12	H	220	A1	8	S	0.5	0.5	1	0	0
0	259	A0	8	H	261	M0	3	H	1.0	-1.0	0	1	1
0	259	A0	10	H	261	M0	2	H	1.0	-1.0	0	1	0
0	71	H0	7	C	63	L0	9	H	4.0	4.0	0	0	1
0	71	H0	6	C	63	L0	2	H	4.0	4.0	0	0	0
0	141	A0	8	C	196	K1	9	H	27.0	-27.0	0	0	0
0	222	I1	9	H	230	L1	4	H	4.0	-4.0	0	0	1
0	222	I1	12	H	230	L1	6	H	4.0	-4.0	0	0	0
0	147	A0	2	H	183	S0	10	H	18.0	-18.0	0	0	0
0	158	K1	3	C	153	K0	6	H	2.0	2.0	0	0	1
0	158	K1	9	C	153	K0	2	H	2.0	2.0	0	0	0
0	140	T1	2	C	236	R1	9	H	48.0	-48.0	0	0	0
0	173	K0	4	H	165	E0	9	H	4.0	4.0	0	0	1
0	173	K0	11	H	165	E0	11	H	4.0	4.0	0	0	0
0	37	A0	5	H	236	R1	9	H	99.0	-99.0	0	0	0
0	41	V0	10	H	131	V0	5	H	45.0	-45.0	0	0	1
0	41	V0	11	H	131	V0	2	H	45.0	-45.0	0	0	0
0	87	D0	9	H	264	N1	10	H	88.0	-88.0	0	0	0
0	177	L0	6	H	184	S1	7	H	3.0	-3.0	0	0	1
0	177	L0	10	H	184	S1	2	H	3.0	-3.0	0	0	0
0	28	W1	8	H	229	L0	12	H	101.0	-101.0	0	0	0
0	202	I1	3	H	292	Y1	12	H	45.0	-45.0	0	0	1
0	202	I1	4	H	292	Y1	1	H	45.0	-45.0	0	0	0
0	262	M1	11	H	237	H0	7	H	12.0	12.0	0	0	0
0	92	F1	5	C	120	D1	8	H	14.0	-14.0	0	0	1
0	92	F1	1	C	120	D1	6	H	14.0	-14.0	0	0	0
0	142	A1	12	C	135	V0	6	H	3.0	3.0	0	0	0
0	264	N1	12	H	0	O0	-1	S	0.5	0.5	1	0	1
0	264	N1	3	H	0	O0	-1	S	0.5	0.5	1	0	0
0	6	S1	3	H	67	K0	5	S	31.0	-31.0	0	0	0
0	214	I1	11	H	58	L1	5	H	78.0	78.0	0	0	1
0	214	I1	10	H	58	L1	6	H	78.0	78.0	0	0	0
0	37	A0	2	H	101	T0	4	H	32.0	-32.0	0	0	0
0	69	S0	2	H	74	P1	3	H	2.0	-2.0	0	0	1
0	69	S0	5	H	74	P1	6	H	2.0	-2.0	0	0	0
0	64	L1	12	H	32	K1	5	H	16.0	16.0	0	0	0
0	11	E0	9	H	13	W0	3	H	1.0	-1.0	0	1	1
0	11	E0	8	H	13	W0	4	H	1.0	-1.0	0	1	0
0	101	T0	12	C	102	T1	1	C	0.0	0.0	0	1	1
0	101	T0	11	C	102	T1	12	C	0.0	0.0	0	1	0
0	242	G1	10	H	0	O0	-1	S	0.5	0.5	1	0	1
0	242	G1	2	H	0	O0	-1	S	0.5	0.5	1	0	0
0	156	K1	1	H	184	S1	9	S	14.0	-14.0	0	0	0
0	61	R0	10	H	70	S1	3	H	4.0	-4.0	0	0	1
0	61	R0	6	H	70	S1	2	H	4.0	-4.0	0	0	0
0	172	L1	3	H	80	L1	2	H	46.0	46.0	0	0	0
0	204	K1	7	H	0	O0	-1	S	0.5	0.5	1	0	1
0	204	K1	3	H	0	O0	-1	S	0.5	0.5	1	0	0
0	290	K1	5	H	92	F1	1	S	99.0	99.0	0	0	0
0	83	K0	7	C	77	T0	9	H	3.0	3.0	0	0	1
0	83	K0	8	C	77	T0	5	H	3.0	3.0	0	0	0
0	201	I0	1	C	251	D0	7	H	25.0	-25.0	0	0	0
0	6	S1	5	C	0	O0	-1	S	0.5	0.5	1	0	1
0	6	S1	7	C	0	O0	-1	S	0.5	0.5	1	0	0
0	200	P1	5	C	206	Y1	4	S	3.0	-3.0	0	0	0
0	197	I0	4	C	193	H0	8	C	2.0	2.0	0	0	1
0	197	I0	1	C	193	H0	11	C	2.0	2.0	0	0	0
0	108	E1	2	C	152	L1	12	C	22.0	-22.0	0	0	0
0	188	A1	11	H	291	Y0	5	H	52.0	-52.0	0	0	1
0	188	A1	10	H	291	Y0	1	H	52.0	-52.0	0	0	0
0	261	M0	7	H	189	T0	7	H	36.0	36.0	0	0	0
0	90	R1	5	C	0	O0	-1	S	0.5	0.5	1	0	1
0	90	R1	12	C	0	O0	-1	S	0.5	0.5	1	0	0
0	33	V0	7	C	110	M1	8	S	38.0	-38.0	0	0	0
0	0	O0	-1	S	10	G1	12	H	0.5	0.5	1	0	1
0	0	O0	-1	S	10	G1	9	H	0.5	0.5	1	0	0
0	121	L0	12	S	59	I0	6	H	31.0	31.0	0	0	0
0	295	E0	10	H	0	O0	-1	S	0.5	0.5	1	0	1
0	295	E0	2	H	0	O0	-1	S	0.5	0.5	1	0	0
0	257	G0	2	H	185	H0	12	S	36.0	36.0	0	0	0
0	6	S1	8	C	11	E0	4	H	3.0	-3.0	0	0	1
0	6	S1	7	C	11	E0	2	H	3.0	-3.0	0	0	0
0	149	I0	2	C	121	L0	7	H	14.0	14.0	0	0	0
0	166	E1	7	H	0	O0	-1	S	0.5	0.5	1	0	1
0	166	E1	2	H	0	O0	-1	S	0.5	0.5	1	0	0
0	39	D0	4	H	182	Q1	2	S	71.0	-71.0	0	0	0
0	240	P1	8	H	0	O0	-1	S	0.5	0.5	1	0	1
0	240	P1	9	H	0	O0	-1	S	0.5	0.5	1	0	0
0	235	R0	4	H	38	A1	3	S	99.0	99.0	0	0	0
0	0	O0	-1	S	201	I0	7	H	0.5	0.5	1	0	1
0	0	O0	-1	S	201	I0	5	H	0.5	0.5	1	0	0
0	100	K1	3	S	248	G1	8	H	74.0	-74.0	0	0	0
0	205	Y0	6	H	211	F0	7	H	3.0	-3.0	0	0	1
0	205	Y0	1	H	211	F0	6	H	3.0	-3.0	0	0	0
0	77	T0	10	H	184	S1	3	H	53.0	-53.0	0	0	0
0	181	Q0	7	H	175	P0	1	H	3.0	3.0	0	0	1
0	181	Q0	6	H	175	P0	2	H	3.0	3.0	0	0	0
0	206	Y1	1	H	53	D0	6	H	76.0	76.0	0	0	0
0	118	E1	10	H	0	O0	-1	S	0.5	0.5	1	0	1
0	118	E1	1	H	0	O0	-1	S	0.5	0.5	1	0	0
0	91	F0	11	H	201	I0	1	S	55.0	-55.0	0	0	0
0	153	K0	10	H	0	O0	-1	S	0.5	0.5	1	0	1
0	153	K0	11	H	0	O0	-1	S	0.5	0.5	1	0	0
0	87	D0	12	H	207	L0	10	S	60.0	-60.0	0	0	0
0	189	T0	10	H	0	O0	-1	S	0.5	0.5	1	0	1
0	189	T0	8	H	0	O0	-1	S	0.5	0.5	1	0	0
0	135	V0	2	H	110	M1	6	S	13.0	13.0	0	0	0
0	0	O0	-1	S	243	N0	4	H	0.5	0.5	1	0	1
0	0	O0	-1	S	243	N0	1	H	0.5	0.5	1	0	0
0	117	E0	8	S	272	E1	2	H	77.0	-77.0	0	0	0
0	148	A1	5	H	0	O0	-1	S	0.5	0.5	1	0	1
0	148	A1	2	H	0	O0	-1	S	0.5	0.5	1	0	0
0	211	F0	12	H	157	K0	11	S	27.0	27.0	0	0	0
0	103	E0	5	H	110	M1	7	H	3.0	-3.0	0	0	1
0	103	E0	7	H	110	M1	12	H	3.0	-3.0	0	0	0
0	70	S1	7	H	169	E0	7	H	50.0	-50.0	0	0	0
0	0	O0	-1	S	233	S0	5	H	0.5	0.5	1	0	1
0	0	O0	-1	S	233	S0	9	H	0.5	0.5	1	0	0
0	108	E1	10	S	87	D0	6	H	10.0	10.0	0	0	0
0	123	K0	1	H	129	G0	7	H	3.0	-3.0	0	0	1
0	123	K0	10	H	129	G0	11	H	3.0	-3.0	0	0	0
0	274	L1	3	H	242	G1	7	H	16.0	16.0	0	0	0
0	240	P1	10	H	0	O0	-1	S	0.5	0.5	1	0	1
0	240	P1	9	H	0	O0	-1	S	0.5	0.5	1	0	0
0	208	L1	11	H	282	D1	11	S	37.0	-37.0	0	0	0
0	31	K0	9	H	33	V0	3	H	1.0	-1.0	0	1	1
0	31	K0	8	H	33	V0	4	H	1.0	-1.0	0	1	0
0	36	E1	8	H	0	O0	-1	S	0.5	0.5	1	0	1
0	36	E1	6	H	0	O0	-1	S	0.5	0.5	1	0	0
0	296	E1	8	H	157	K0	2	S	69.0	69.0	0	0	0
0	112	K1	8	H	0	O0	-1	S	0.5	0.5	1	0	1
0	112	K1	5	H	0	O0	-1	S	0.5	0.5	1	0	0
0	250	A1	5	H	84	K1	11	S	83.0	83.0	0	0	0
0	49	G0	8	H	51	Q0	3	H	1.0	-1.0	0	1	1
0	49	G0	5	H	51	Q0	11	H	1.0	-1.0	0	1	0
0	250	A1	7	H	0	O0	-1	S	0.5	0.5	1	0	1
0	250	A1	5	H	0	O0	-1	S	0.5	0.5	1	0	0
0	302	Y1	3	H	174	K1	2	S	64.0	64.0	0	0	0
0	134	T1	11	H	0	O0	-1	S	0.5	0.5	1	0	1
0	134	T1	2	H	0	O0	-1	S	0.5	0.5	1	0	0
0	83	K0	12	H	19	V0	11	S	32.0	32.0	0	0	0
0	247	G0	1	C	256	Q1	3	H	4.0	-4.0	0	0	1
0	247	G0	5	C	256	Q1	2	H	4.0	-4.0	0	0	0
0	293	K0	6	C	28	W1	5	H	133.0	133.0	0	0	0
0	246	F1	8	C	231	H0	5	H	7.0	7.0	0	0	1
0	246	F1	3	C	231	H0	4	H	7.0	7.0	0	0	0
0	42	V1	11	C	159	G0	4	H	59.0	-59.0	0	0	0
0	188	A1	12	H	298	L1	8	H	55.0	-55.0	0	0	1
0	188	A1	7	H	298	L1	4	H	55.0	-55.0	0	0	0
0	254	A1	5	H	170	E1	3	H	42.0	42.0	0	0	0
0	126	K1	10	H	0	O0	-1	S	0.5	0.5	1	0	1
0	126	K1	11	H	0	O0	-1	S	0.5	0.5	1	0	0
0	100	K1	3	H	270	L1	6	S	85.0	-85.0	0	0	0
0	43	A0	1	H	49	G0	7	H	3.0	-3.0	0	0	1
0	43	A0	11	H	49	G0	11	H	3.0	-3.0	0	0	0
0	29	A0	11	H	93	K0	11	H	32.0	-32.0	0	0	0
0	53	D0	8	H	55	I0	3	H	1.0	-1.0	0	1	1
0	53	D0	10	H	55	I0	10	H	1.0	-1.0	0	1	0
0	246	F1	1	C	254	A1	8	H	4.0	-4.0	0	0	1
0	246	F1	3	C	254	A1	7	H	4.0	-4.0	0	0	0
0	117	E0	1	C	257	G0	4	H	70.0	-70.0	0	0	0
0	67	K0	1	H	74	P1	5	H	3.0	-3.0	0	0	1
0	67	K0	11	H	74	P1	6	H	3.0	-3.0	0	0	0
0	93	K0	6	H	229	L0	10	H	68.0	-68.0	0	0	0
0	294	K1	4	H	0	O0	-1	S	0.5	0.5	1	0	1
0	294	K1	1	H	0	O0	-1	S	0.5	0.5	1	0	0
0	176	P1	3	H	214	I1	2	S	19.0	-19.0	0	0	0
0	37	A0	8	H	40	D1	3	H	1.0	-1.0	0	0	1
0	37	A0	5	H	40	D1	8	H	1.0	-1.0	0	0	0
0	145	G0	6	H	35	E0	4	H	55.0	55.0	0	0	0
0	204	K1	12	H	0	O0	-1	S	0.5	0.5	1	0	1
0	204	K1	3	H	0	O0	-1	S	0.5	0.5	1	0	0
0	37	A0	5	H	169	E0	12	S	66.0	-66.0	0	0	0
0	142	A1	7	H	135	V0	1	H	3.0	3.0	0	0	1
0	142	A1	2	H	135	V0	11	H	3.0	3.0	0	0	0
0	91	F0	1	H	50	G1	10	H	21.0	21.0	0	0	0
0	278	R1	8	H	0	O0	-1	S	0.5	0.5	1	0	1
0	278	R1	10	H	0	O0	-1	S	0.5	0.5	1	0	0
0	235	R0	1	H	276	F1	4	S	20.0	-20.0	0	0	0
0	211	F0	11	H	212	F1	2	H	0.0	0.0	0	1	1
0	211	F0	6	H	212	F1	9	H	0.0	0.0	0	1	0
0	17	L0	1	H	23	H0	7	H	3.0	-3.0	0	0	1
0	17	L0	5	H	23	H0	2	H	3.0	-3.0	0	0	0
0	215	S0	4	H	264	N1	3	H	24.0	-24.0	0	0	0
0	100	K1	10	C	0	O0	-1	S	0.5	0.5	1	0	1
0	100	K1	9	C	0	O0	-1	S	0.5	0.5	1	0	0
0	95	H0	1	C	132	V1	8	S	18.0	-18.0	0	0	0
0	193	H0	9	C	195	K0	3	C	1.0	-1.0	0	1	1
0	193	H0	1	C	195	K0	4	C	1.0	-1.0	0	1	0
0	0	O0	-1	S	202	I1	12	H	0.5	0.5	1	0	1
0	0	O0	-1	S	202	I1	6	H	0.5	0.5	1	0	0
0	205	Y0	1	S	209	E0	2	H	2.0	-2.0	0	0	0
0	92	F1	6	C	116	S1	12	C	12.0	-12.0	0	0	1
0	92	F1	12	C	116	S1	2	C	12.0	-12.0	0	0	0
0	273	L0	12	C	93	K0	11	C	90.0	90.0	0	0	0
0	0	O0	-1	S	276	F1	10	H	0.5	0.5	1	0	1
0	0	O0	-1	S	276	F1	8	H	0.5	0.5	1	0	0
0	93	K0	10	S	169	E0	8	H	38.0	-38.0	0	0	0
0	99	K0	6	C	0	O0	-1	S	0.5	0.5	1	0	1
0	99	K0	2	C	0	O0	-1	S	0.5	0.5	1	0	0
0	54	D1	9	C	247	G0	7	S	97.0	-97.0	0	0	0
0	102	T1	4	C	0	O0	-1	S	0.5	0.5	1	0	1
0	102	T1	6	C	0	O0	-1	S	0.5	0.5	1	0	0
0	88	D1	5	C	250	A1	3	S	81.0	-81.0	0	0	0
0	265	K0	11	H	266	K1	2	H	0.0	0.0	0	1	1
0	265	K0	10	H	266	K1	9	H	0.0	0.0	0	1	0
0	104	E1	9	H	112	K1	4	H	4.0	-4.0	0	0	1
0	104	E1	5	H	112	K1	9	H	4.0	-4.0	0	0	0
0	267	A0	2	H	296	E1	4	H	14.0	-14.0	0	0	0
0	212	F1	4	H	0	O0	-1	S	0.5	0.5	1	0	1
0	212	F1	9	H	0	O0	-1	S	0.5	0.5	1	0	0
0	27	W0	8	H	0	O0	3	S	0.5	0.5	1	0	0
0	237	H0	8	C	246	F1	7	C	4.0	-4.0	0	0	1
0	237	H0	5	C	246	F1	3	C	4.0	-4.0	0	0	0
0	246	F1	3	C	56	I1	9	C	95.0	95.0	0	0	0
0	76	E1	11	H	0	O0	-1	S	0.5	0.5	1	0	1
0	76	E1	9	H	0	O0	-1	S	0.5	0.5	1	0	0
0	293	K0	2	H	49	G0	5	S	122.0	122.0	0	0	0
0	209	E0	12	H	210	E1	1	H	0.0	0.0	0	1	1
0	209	E0	11	H	210	E1	8	H	0.0	0.0	0	1	0
0	250	A1	12	H	0	O0	-1	S	0.5	0.5	1	0	1
0	250	A1	2	H	0	O0	-1	S	0.5	0.5	1	0	0
0	170	E1	3	H	189	T0	8	S	10.0	-10.0	0	0	0
0	272	E1	11	H	0	O0	-1	S	0.5	0.5	1	0	1
0	272	E1	2	H	0	O0	-1	S	0.5	0.5	1	0	0
0	74	P1	6	H	267	A0	11	S	97.0	-97.0	0	0	0
0	159	G0	10	C	0	O0	-1	S	0.5	0.5	1	0	1
0	159	G0	8	C	0	O0	-1	S	0.5	0.5	1	0	0
0	186	H1	8	C	135	V0	5	S	25.0	25.0	0	0	0
0	0	O0	-1	S	114	A1	12	C	0.5	0.5	1	0	1
0	0	O0	-1	S	114	A1	9	C	0.5	0.5	1	0	0
0	272	E1	8	S	232	H1	3	C	20.0	20.0	0	0	0
0	0	O0	-1	S	183	S0	5	H	0.5	0.5	1	0	1
0	0	O0	-1	S	183	S0	2	H	0.5	0.5	1	0	0
0	9	G0	8	S	208	L1	5	H	99.0	-99.0	0	0	0
0	0	O0	-1	S	23	H0	5	H	0.5	0.5	1	0	1
0	0	O0	-1	S	23	H0	8	H	0.5	0.5	1	0	0
0	150	I1	2	S	246	F1	3	H	48.0	-48.0	0	0	0
0	0	O0	-1	S	29	A0	10	H	0.5	0.5	1	0	1
0	0	O0	-1	S	29	A0	6	H	0.5	0.5	1	0	0
0	127	H0	6	S	98	L1	9	H	15.0	15.0	0	0	0
0	298	L1	1	H	0	O0	-1	S	0.5	0.5	1	0	1
0	298	L1	9	H	0	O0	-1	S	0.5	0.5	1	0	0
0	221	I0	11	H	21	L0	12	S	100.0	100.0	0	0	0
0	143	L0	11	H	144	L1	2	H	0.0	0.0	0	1	1
0	143	L0	2	H	144	L1	1	H	0.0	0.0	0	1	0
0	301	Y0	1	C	0	O0	-1	S	0.5	0.5	1	0	1
0	301	Y0	2	C	0	O0	-1	S	0.5	0.5	1	0	0
0	61	R0	12	C	286	A1	9	S	112.0	-112.0	0	0	0
0	230	L1	2	H	229	L0	11	H	0.0	0.0	0	1	1
0	230	L1	9	H	229	L0	12	H	0.0	0.0	0	1	0
0	115	S0	6	C	0	O0	-1	S	0.5	0.5	1	0	1
0	115	S0	10	C	0	O0	-1	S	0.5	0.5	1	0	0
0	112	K1	5	C	188	A1	10	S	38.0	-38.0	0	0	0
0	65	F0	11	H	66	F1	2	H	0.0	0.0	0	1	1
0	65	F0	2	H	66	F1	9	H	0.0	0.0	0	1	0
0	0	O0	-1	S	89	R0	5	C	0.5	0.5	1	0	1
0	0	O0	-1	S	89	R0	1	C	0.5	0.5	1	0	0
0	290	K1	9	S	201	I0	5	C	44.0	44.0	0	0	0
0	69	S0	7	H	63	L0	1	H	3.0	3.0	0	0	1
0	69	S0	5	H	63	L0	10	H	3.0	3.0	0	0	0
0	262	M1	11	H	97	L0	6	H	82.0	82.0	0	0	0
0	133	T0	6	H	0	O0	-1	S	0.5	0.5	1	0	1
0	133	T0	11	H	0	O0	-1	S	0.5	0.5	1	0	0
0	148	A1	8	H	13	W0	4	S	67.0	67.0	0	0	0
0	154	K1	11	H	0	O0	-1	S	0.5	0.5	1	0	1
0	154	K1	5	H	0	O0	-1	S	0.5	0.5	1	0	0
0	158	K1	12	H	250	A1	2	S	46.0	-46.0	0	0	0
0	179	A0	8	H	181	Q0	3	H	1.0	-1.0	0	1	1
0	179	A0	11	H	181	Q0	2	H	1.0	-1.0	0	1	0
0	10	G1	1	H	9	G0	12	H	0.0	0.0	0	1	1
0	10	G1	3	H	9	G0	5	H	0.0	0.0	0	1	0
0	277	R0	9	H	286	A1	4	H	4.0	-4.0	0	0	1
0	277	R0	11	H	286	A1	2	H	4.0	-4.0	0	0	0
0	263	N0	2	H	93	K0	10	H	85.0	85.0	0	0	0
0	147	A0	10	H	156	K1	3	C	4.0	-4.0	0	0	1
0	147	A0	2	H	156	K1	4	C	4.0	-4.0	0	0	0
0	59	I0	8	H	97	L0	1	C	19.0	-19.0	0	0	0
0	0	O0	-1	S	295	E0	5	H	0.5	0.5	1	0	1
0	0	O0	-1	S	295	E0	2	H	0.5	0.5	1	0	0
0	236	R1	9	S	146	G1	3	H	45.0	45.0	0	0	0
0	240	P1	7	H	0	O0	-1	S	0.5	0.5	1	0	1
0	240	P1	4	H	0	O0	-1	S	0.5	0.5	1	0	0
0	18	L1	4	H	228	V1	2	S	105.0	-105.0	0	0	0
0	90	R1	2	C	92	F1	3	C	1.0	-1.0	0	0	1
0	90	R1	12	C	92	F1	1	C	1.0	-1.0	0	0	0
0	51	Q0	4	C	225	H0	12	C	87.0	-87.0	0	0	0
0	0	O0	-1	S	42	V1	7	H	0.5	0.5	1	0	1
0	0	O0	-1	S	42	V1	9	H	0.5	0.5	1	0	0
0	279	K0	2	S	220	A1	2	H	30.0	30.0	0	0	0
0	23	H0	4	H	15	Q0	9	H	4.0	4.0	0	0	1
0	23	H0	12	H	15	Q0	12	H	4.0	4.0	0	0	0
0	290	K1	10	H	178	L1	4	H	56.0	56.0	0	0	0
0	256	Q1	12	H	0	O0	-1	S	0.5	0.5	1	0	1
0	256	Q1	2	H	0	O0	-1	S	0.5	0.5	1	0	0
0	41	V0	11	H	269	L0	5	S	114.0	-114.0	0	0	0
0	84	K1	3	C	0	O0	-1	S	0.5	0.5	1	0	1
0	84	K1	8	C	0	O0	-1	S	0.5	0.5	1	0	0
0	75	E0	12	C	29	A0	11	S	23.0	23.0	0	0	0
0	272	E1	5	H	0	O0	-1	S	0.5	0.5	1	0	1
0	272	E1	6	H	0	O0	-1	S	0.5	0.5	1	0	0
0	296	E1	12	H	6	S1	3	S	145.0	145.0	0	0	0
0	141	A0	12	H	142	A1	1	H	0.0	0.0	0	1	1
0	141	A0	7	H	142	A1	8	H	0.0	0.0	0	1	0
0	45	G0	1	H	51	Q0	7	H	3.0	-3.0	0	0	1
0	45	G0	5	H	51	Q0	4	H	3.0	-3.0	0	0	0
0	209	E0	5	H	82	E1	6	H	64.0	64.0	0	0	0
0	68	K1	8	H	0	O0	-1	S	0.5	0.5	1	0	1
0	68	K1	12	H	0	O0	-1	S	0.5	0.5	1	0	0
0	232	H1	3	H	198	I1	1	S	17.0	17.0	0	0	0
0	291	Y0	8	H	293	K0	3	H	1.0	-1.0	0	1	1
0	291	Y0	10	H	293	K0	5	H	1.0	-1.0	0	1	0
0	163	H0	10	C	171	L0	4	H	4.0	-4.0	0	0	1
0	163	H0	4	C	171	L0	8	H	4.0	-4.0	0	0	0
0	204	K1	3	C	270	L1	6	H	33.0	-33.0	0	0	0
0	238	H1	5	C	0	O0	-1	S	0.5	0.5	1	0	1
0	238	H1	1	C	0	O0	-1	S	0.5	0.5	1	0	0
0	195	K0	2	C	67	K0	11	S	64.0	64.0	0	0	0
0	251	D0	5	H	0	O0	-1	S	0.5	0.5	1	0	1
0	251	D0	10	H	0	O0	-1	S	0.5	0.5	1	0	0
0	284	I1	5	H	245	F0	12	S	19.0	19.0	0	0	0
0	0	O0	-1	S	106	A1	4	H	0.5	0.5	1	0	1
0	0	O0	-1	S	106	A1	8	H	0.5	0.5	1	0	0
0	72	H1	1	S	123	K0	2	H	26.0	-26.0	0	0	0
0	75	E0	6	H	82	E1	7	C	3.0	-3.0	0	0	1
0	75	E0	2	H	82	E1	5	C	3.0	-3.0	0	0	0
0	108	E1	10	H	197	I0	1	C	45.0	-45.0	0	0	0
0	240	P1	5	H	231	H0	9	H	4.0	4.0	0	0	1
0	240	P1	9	H	231	H0	2	H	4.0	4.0	0	0	0
0	158	K1	9	H	237	H0	11	H	40.0	-40.0	0	0	0
0	139	T0	8	H	141	A0	3	H	1.0	-1.0	0	1	1
0	139	T0	5	H	141	A0	7	H	1.0	-1.0	0	1	0
0	236	R1	1	H	0	O0	-1	S	0.5	0.5	1	0	1
0	236	R1	9	H	0	O0	-1	S	0.5	0.5	1	0	0
0	145	G0	2	H	56	I1	4	S	45.0	45.0	0	0	0
0	176	P1	11	H	0	O0	-1	S	0.5	0.5	1	0	1
0	176	P1	3	H	0	O0	-1	S	0.5	0.5	1	0	0
0	141	A0	7	H	150	I1	3	S	4.0	-4.0	0	0	0
0	167	A0	5	H	0	O0	-1	S	0.5	0.5	1	0	1
0	167	A0	11	H	0	O0	-1	S	0.5	0.5	1	0	0
0	140	T1	3	H	111	K0	4	S	14.0	14.0	0	0	0
0	156	K1	12	C	170	E1	4	H	7.0	-7.0	0	0	1
0	156	K1	1	C	170	E1	3	H	7.0	-7.0	0	0	0
0	107	E0	11	C	17	L0	12	H	45.0	45.0	0	0	0
0	298	L1	6	H	0	O0	-1	S	0.5	0.5	1	0	1
0	298	L1	9	H	0	O0	-1	S	0.5	0.5	1	0	0
0	198	I1	11	H	50	G1	6	S	74.0	74.0	0	0	0
0	251	D0	9	H	259	A0	4	H	4.0	-4.0	0	0	1
0	251	D0	10	H	259	A0	11	H	4.0	-4.0	0	0	0
0	209	E0	2	H	54	D1	9	H	78.0	78.0	0	0	0
0	52	Q1	10	H	111	K0	6	H	30.0	-30.0	0	0	1
0	52	Q1	2	H	111	K0	12	H	30.0	-30.0	0	0	0
0	145	G0	6	H	288	A1	3	H	71.0	-71.0	0	0	0
0	228	V1	11	H	54	D1	8	H	87.0	87.0	0	0	1
0	228	V1	7	H	54	D1	5	H	87.0	87.0	0	0	0
0	187	A0	5	H	2	V1	2	H	93.0	93.0	0	0	0
0	166	E1	12	H	0	O0	-1	S	0.5	0.5	1	0	1
0	166	E1	2	H	0	O0	-1	S	0.5	0.5	1	0	0
0	59	I0	6	H	210	E1	10	S	75.0	-75.0	0	0	0
0	5	S0	5	C	0	O0	-1	S	0.5	0.5	1	0	1
0	5	S0	2	C	0	O0	-1	S	0.5	0.5	1	0	0
0	165	E0	12	C	300	G1	9	S	67.0	-67.0	0	0	0
0	153	K0	9	H	155	K0	3	C	1.0	-1.0	0	1	1
0	153	K0	4	H	155	K0	5	C	1.0	-1.0	0	1	0
0	174	K1	4	H	0	O0	-1	S	0.5	0.5	1	0	1
0	174	K1	11	H	0	O0	-1	S	0.5	0.5	1	0	0
0	260	A1	3	H	222	I1	2	S	19.0	19.0	0	0	0
0	293	K0	9	H	0	O0	-1	S	0.5	0.5	1	0	1
0	293	K0	2	H	0	O0	-1	S	0.5	0.5	1	0	0
0	182	Q1	8	H	120	D1	5	S	31.0	31.0	0	0	0
0	127	H0	9	H	129	G0	3	H	1.0	-1.0	0	1	1
0	127	H0	2	H	129	G0	11	H	1.0	-1.0	0	1	0
0	277	R0	7	H	271	E0	1	H	3.0	3.0	0	0	1
0	277	R0	10	H	271	E0	6	H	3.0	3.0	0	0	0
0	219	A0	7	H	140	T1	2	H	40.0	40.0	0	0	0
0	187	A0	8	H	189	T0	3	H	1.0	-1.0	0	1	1
0	187	A0	2	H	189	T0	8	H	1.0	-1.0	0	1	0
0	0	O0	-1	S	235	R0	5	H	0.5	0.5	1	0	1
0	0	O0	-1	S	235	R0	1	H	0.5	0.5	1	0	0
0	20	V1	9	S	170	E1	3	H	75.0	-75.0	0	0	0
0	107	E0	6	H	114	A1	7	C	3.0	-3.0	0	0	1
0	107	E0	10	H	114	A1	4	C	3.0	-3.0	0	0	0
0	268	A1	9	H	155	K0	7	C	56.0	56.0	0	0	0
0	73	P0	4	H	74	P1	9	H	0.0	0.0	0	1	1
0	73	P0	12	H	74	P1	6	H	0.0	0.0	0	1	0
0	172	L1	2	H	171	L0	11	H	0.0	0.0	0	1	1
0	172	L1	1	H	171	L0	12	H	0.0	0.0	0	1	0
0	289	K0	10	H	298	L1	7	H	4.0	-4.0	0	0	1
0	289	K0	4	H	298	L1	4	H	4.0	-4.0	0	0	0
0	1	V0	5	H	266	K1	1	H	132.0	-132.0	0	0	0
0	286	A1	11	H	0	O0	-1	S	0.5	0.5	1	0	1
0	286	A1	3	H	0	O0	-1	S	0.5	0.5	1	0	0
0	136	V1	5	H	152	L1	12	S	8.0	-8.0	0	0	0
0	264	N1	11	H	0	O0	-1	S	0.5	0.5	1	0	1
0	264	N1	3	H	0	O0	-1	S	0.5	0.5	1	0	0
0	40	D1	9	H	231	H0	1	S	96.0	-96.0	0	0	0
0	27	W0	11	H	28	W1	2	H	0.0	0.0	0	1	1
0	27	W0	5	H	28	W1	4	H	0.0	0.0	0	1	0
0	232	H1	12	H	0	O0	-1	S	0.5	0.5	1	0	1
0	232	H1	3	H	0	O0	-1	S	0.5	0.5	1	0	0
0	2	V1	2	H	121	L0	6	S	60.0	-60.0	0	0	0
0	215	S0	1	H	221	I0	7	H	3.0	-3.0	0	0	1
0	215	S0	10	H	221	I0	11	H	3.0	-3.0	0	0	0
0	197	I0	1	H	38	A1	4	H	80.0	80.0	0	0	0
0	92	F1	4	C	128	H1	7	H	18.0	-18.0	0	0	1
0	92	F1	8	C	128	H1	3	H	18.0	-18.0	0	0	0
0	275	F0	9	C	11	E0	8	H	132.0	132.0	0	0	0
0	279	K0	1	H	286	A1	7	H	3.0	-3.0	0	0	1
0	279	K0	2	H	286	A1	9	H	3.0	-3.0	0	0	0
0	160	G1	5	H	55	I0	11	H	52.0	52.0	0	0	0
0	211	F0	5	H	0	O0	-1	S	0.5	0.5	1	0	1
0	211	F0	12	H	0	O0	-1	S	0.5	0.5	1	0	0
0	137	L0	2	H	184	S1	9	S	23.0	-23.0	0	0	0
0	100	K1	4	C	0	O0	-1	S	0.5	0.5	1	0	1
0	100	K1	9	C	0	O0	-1	S	0.5	0.5	1	0	0
0	133	T0	4	C	25	V0	8	S	54.0	54.0	0	0	0
0	198	I1	10	C	208	L1	3	H	5.0	-5.0	0	0	1
0	198	I1	11	C	208	L1	5	H	5.0	-5.0	0	0	0
0	252	D1	9	C	147	A0	8	H	52.0	52.0	0	0	0
0	193	H0	4	C	194	H1	9	C	0.0	0.0	0	1	1
0	193	H0	12	C	194	H1	1	C	0.0	0.0	0	1	0
0	2	V1	7	C	0	O0	-1	S	0.5	0.5	1	0	1
0	2	V1	6	C	0	O0	-1	S	0.5	0.5	1	0	0
0	84	K1	8	C	39	D0	10	S	22.0	22.0	0	0	0
0	77	T0	6	H	84	K1	7	C	3.0	-3.0	0	0	1
0	77	T0	4	H	84	K1	6	C	3.0	-3.0	0	0	0
0	199	P0	7	H	204	K1	3	C	2.0	-2.0	0	0	0
0	267	A0	4	H	259	A0	9	H	4.0	4.0	0	0	1
0	267	A0	10	H	259	A0	11	H	4.0	4.0	0	0	0
0	226	H1	8	H	201	I0	1	H	12.0	12.0	0	0	0
0	154	K1	9	H	0	O0	-1	S	0.5	0.5	1	0	1
0	154	K1	2	H	0	O0	-1	S	0.5	0.5	1	0	0
0	237	H0	11	H	142	A1	12	S	48.0	48.0	0	0	0
0	0	O0	-1	S	236	R1	6	H	0.5	0.5	1	0	1
0	0	O0	-1	S	236	R1	9	H	0.5	0.5	1	0	0
0	236	R1	9	S	182	Q1	5	H	27.0	27.0	0	0	0
0	241	G0	11	H	0	O0	-1	S	0.5	0.5	1	0	1
0	241	G0	8	H	0	O0	-1	S	0.5	0.5	1	0	0
0	65	F0	12	H	248	G1	2	S	91.0	-91.0	0	0	0
0	0	O0	-1	S	68	K1	10	H	0.5	0.5	1	0	1
0	0	O0	-1	S	68	K1	9	H	0.5	0.5	1	0	0
0	292	Y1	7	S	282	D1	11	H	5.0	5.0	0	0	0
0	70	S1	12	H	218	E1	8	H	74.0	-74.0	0	0	1
0	70	S1	7	H	218	E1	1	H	74.0	-74.0	0	0	0
0	2	V1	2	H	280	K1	3	H	139.0	-139.0	0	0	0
0	218	E1	6	H	0	O0	-1	S	0.5	0.5	1	0	1
0	218	E1	7	H	0	O0	-1	S	0.5	0.5	1	0	0
0	283	I0	4	H	138	L1	5	S	73.0	73.0	0	0	0
0	171	L0	10	H	179	A0	4	H	4.0	-4.0	0	0	1
0	171	L0	8	H	179	A0	10	H	4.0	-4.0	0	0	0
0	286	A1	3	H	86	F1	8	H	100.0	100.0	0	0	0
0	173	K0	12	H	174	K1	1	H	0.0	0.0	0	1	1
0	173	K0	6	H	174	K1	2	H	0.0	0.0	0	1	0
0	272	E1	9	H	0	O0	-1	S	0.5	0.5	1	0	1
0	272	E1	6	H	0	O0	-1	S	0.5	0.5	1	0	0
0	56	I1	2	H	140	T1	3	S	42.0	-42.0	0	0	0
0	0	O0	-1	S	45	G0	11	H	0.5	0.5	1	0	1
0	0	O0	-1	S	45	G0	4	H	0.5	0.5	1	0	0
0	169	E0	12	S	243	N0	1	H	37.0	-37.0	0	0	0
0	0	O0	-1	S	238	H1	6	C	0.5	0.5	1	0	1
0	0	O0	-1	S	238	H1	3	C	0.5	0.5	1	0	0
0	263	N0	6	S	282	D1	11	C	9.0	-9.0	0	0	0
0	162	H1	11	C	0	O0	-1	S	0.5	0.5	1	0	1
0	162	H1	3	C	0	O0	-1	S	0.5	0.5	1	0	0
0	219	A0	5	C	101	T0	4	S	59.0	59.0	0	0	0
0	221	I0	8	H	223	I0	3	H	1.0	-1.0	0	1	1
0	221	I0	5	H	223	I0	4	H	1.0	-1.0	0	1	0
0	280	K1	4	H	0	O0	-1	S	0.5	0.5	1	0	1
0	280	K1	3	H	0	O0	-1	S	0.5	0.5	1	0	0
0	113	A0	4	H	73	P0	11	S	20.0	20.0	0	0	0
0	67	K0	10	H	0	O0	-1	S	0.5	0.5	1	0	1
0	67	K0	11	H	0	O0	-1	S	0.5	0.5	1	0	0
0	297	L0	7	H	176	P1	3	S	61.0	61.0	0	0	0
0	198	I1	6	C	206	Y1	8	H	4.0	-4.0	0	0	1
0	198	I1	1	C	206	Y1	4	H	4.0	-4.0	0	0	0
0	56	I1	4	C	92	F1	8	H	18.0	-18.0	0	0	0
0	42	V1	8	H	132	V1	6	H	45.0	-45.0	0	0	1
0	42	V1	11	H	132	V1	8	H	45.0	-45.0	0	0	0
0	170	E1	3	H	114	A1	2	H	28.0	28.0	0	0	0
0	252	D1	4	H	0	O0	-1	S	0.5	0.5	1	0	1
0	252	D1	8	H	0	O0	-1	S	0.5	0.5	1	0	0
0	166	E1	2	H	236	R1	9	S	35.0	-35.0	0	0	0
0	105	A0	4	H	0	O0	-1	S	0.5	0.5	1	0	1
0	105	A0	2	H	0	O0	-1	S	0.5	0.5	1	0	0
0	231	H0	1	H	179	A0	7	S	26.0	26.0	0	0	0
0	114	A1	10	C	0	O0	-1	S	0.5	0.5	1	0	1
0	114	A1	4	C	0	O0	-1	S	0.5	0.5	1	0	0
0	51	Q0	11	C	262	M1	11	S	105.0	-105.0	0	0	0
0	52	Q1	12	H	0	O0	-1	S	0.5	0.5	1	0	1
0	52	Q1	2	H	0	O0	-1	S	0.5	0.5	1	0	0
0	227	V0	11	H	158	K1	12	S	35.0	35.0	0	0	0
0	248	G1	3	C	239	P0	9	H	4.0	4.0	0	0	1
0	248	G1	8	C	239	P0	12	H	4.0	4.0	0	0	0
0	205	Y0	12	C	15	Q0	1	H	95.0	95.0	0	0	0
0	168	A1	5	H	0	O0	-1	S	0.5	0.5	1	0	1
0	168	A1	7	H	0	O0	-1	S	0.5	0.5	1	0	0
0	200	P1	10	H	146	G1	10	S	27.0	27.0	0	0	0
0	57	L0	11	H	58	L1	2	H	0.0	0.0	0	1	1
0	57	L0	12	H	58	L1	6	H	0.0	0.0	0	1	0
0	188	A1	5	H	292	Y1	6	H	52.0	-52.0	0	0	1
0	188	A1	2	H	292	Y1	1	H	52.0	-52.0	0	0	0
0	122	L1	7	H	190	T1	7	H	34.0	-34.0	0	0	0
0	118	E1	9	H	126	K1	3	H	4.0	-4.0	0	0	1
0	118	E1	3	H	126	K1	4	H	4.0	-4.0	0	0	0
0	133	T0	11	H	116	S1	2	H	9.0	9.0	0	0	0
0	210	E1	6	H	0	O0	-1	S	0.5	0.5	1	0	1
0	210	E1	10	H	0	O0	-1	S	0.5	0.5	1	0	0
0	125	K0	4	H	37	A0	2	S	44.0	44.0	0	0	0
0	0	O0	-1	S	199	P0	6	C	0.5	0.5	1	0	1
0	0	O0	-1	S	199	P0	12	C	0.5	0.5	1	0	0
0	258	G1	8	S	251	D0	7	C	3.0	3.0	0	0	0
0	49	G0	1	H	55	I0	7	H	3.0	-3.0	0	0	1
0	49	G0	11	H	55	I0	5	H	3.0	-3.0	0	0	0
0	214	I1	3	H	121	L0	7	H	46.0	46.0	0	0	0
0	88	D1	11	C	0	O0	-1	S	0.5	0.5	1	0	1
0	88	D1	5	C	0	O0	-1	S	0.5	0.5	1	0	0
0	130	G1	2	C	32	K1	5	S	49.0	49.0	0	0	0
0	9	G0	6	H	16	Q1	7	H	3.0	-3.0	0	0	1
0	9	G0	7	H	16	Q1	4	H	3.0	-3.0	0	0	0
0	117	E0	5	H	100	K1	1	H	9.0	9.0	0	0	0
0	60	I1	12	H	112	K1	3	H	26.0	-26.0	0	0	1
0	60	I1	9	H	112	K1	1	H	26.0	-26.0	0	0	0
0	129	G0	11	H	174	K1	6	H	22.0	-22.0	0	0	0
0	119	D0	4	H	0	O0	-1	S	0.5	0.5	1	0	1
0	119	D0	12	H	0	O0	-1	S	0.5	0.5	1	0	0
0	163	H0	1	H	8	E1	1	S	78.0	78.0	0	0	0
0	8	E1	5	H	0	O0	-1	S	0.5	0.5	1	0	1
0	8	E1	9	H	0	O0	-1	S	0.5	0.5	1	0	0
0	105	A0	8	H	248	G1	8	S	71.0	-71.0	0	0	0
0	49	G0	6	H	56	I1	7	H	3.0	-3.0	0	0	1
0	49	G0	11	H	56	I1	2	H	3.0	-3.0	0	0	0
0	185	H0	12	H	277	R0	11	H	46.0	-46.0	0	0	0
0	124	K1	12	H	0	O0	-1	S	0.5	0.5	1	0	1
0	124	K1	4	H	0	O0	-1	S	0.5	0.5	1	0	0
0	78	T1	2	H	108	E1	10	S	15.0	-15.0	0	0	0
0	257	G0	1	H	263	N0	7	H	3.0	-3.0	0	0	1
0	257	G0	4	H	263	N0	5	H	3.0	-3.0	0	0	0
0	214	I1	2	H	70	S1	2	H	72.0	72.0	0	0	0
0	168	A1	11	H	0	O0	-1	S	0.5	0.5	1	0	1
0	168	A1	3	H	0	O0	-1	S	0.5	0.5	1	0	0
0	194	H1	6	H	193	H0	12	S	0.0	0.0	0	0	0
0	244	N1	3	H	0	O0	-1	S	0.5	0.5	1	0	1
0	244	N1	7	H	0	O0	-1	S	0.5	0.5	1	0	0
0	84	K1	11	H	286	A1	3	S	101.0	-101.0	0	0	0
0	125	K0	9	H	134	T1	3	H	4.0	-4.0	0	0	1
0	125	K0	4	H	134	T1	4	H	4.0	-4.0	0	0	0
0	14	W1	12	H	100	K1	5	H	43.0	-43.0	0	0	0
0	20	V1	6	H	262	M1	5	H	121.0	-121.0	0	0	1
0	20	V1	2	H	262	M1	1	H	121.0	-121.0	0	0	0
0	243	N0	6	H	229	L0	2	H	7.0	7.0	0	0	0
0	234	S1	8	H	236	R1	3	H	1.0	-1.0	0	0	1
0	234	S1	2	H	236	R1	9	H	1.0	-1.0	0	0	0
0	199	P0	7	H	250	A1	5	H	25.0	-25.0	0	0	0
0	199	P0	11	C	0	O0	-1	S	0.5	0.5	1	0	1
0	199	P0	7	C	0	O0	-1	S	0.5	0.5	1	0	0
0	171	L0	5	C	156	K1	10	S	8.0	8.0	0	0	0
0	63	L0	7	H	57	L0	1	H	3.0	3.0	0	0	1
0	63	L0	11	H	57	L0	12	H	3.0	3.0	0	0	0
0	250	A1	3	H	277	R0	10	H	14.0	-14.0	0	0	0
0	94	K1	9	C	0	O0	-1	S	0.5	0.5	1	0	1
0	94	K1	4	C	0	O0	-1	S	0.5	0.5	1	0	0
0	301	Y0	10	C	261	M0	12	S	20.0	20.0	0	0	0
0	96	H1	6	C	0	O0	-1	S	0.5	0.5	1	0	1
0	96	H1	7	C	0	O0	-1	S	0.5	0.5	1	0	0
0	225	H0	2	C	19	V0	4	S	103.0	103.0	0	0	0
0	0	O0	-1	S	217	E0	5	H	0.5	0.5	1	0	1
0	0	O0	-1	S	217	E0	12	H	0.5	0.5	1	0	0
0	241	G0	7	S	277	R0	10	H	18.0	-18.0	0	0	0
0	0	O0	-1	S	301	Y0	6	C	0.5	0.5	1	0	1
0	0	O0	-1	S	301	Y0	4	C	0.5	0.5	1	0	0
0	8	E1	9	S	210	E1	10	C	101.0	-101.0	0	0	0
0	134	T1	12	H	0	O0	-1	S	0.5	0.5	1	0	1
0	134	T1	4	H	0	O0	-1	S	0.5	0.5	1	0	0
0	34	V1	10	H	105	A0	2	S	36.0	-36.0	0	0	0
0	24	H1	7	H	17	L0	6	H	3.0	3.0	0	0	1
0	24	H1	3	H	17	L0	10	H	3.0	3.0	0	0	0
0	249	A0	2	H	143	L0	8	H	53.0	53.0	0	0	0
0	0	O0	-1	S	83	K0	5	C	0.5	0.5	1	0	1
0	0	O0	-1	S	83	K0	4	C	0.5	0.5	1	0	0
0	10	G1	10	S	40	D1	7	C	15.0	-15.0	0	0	0
0	293	K0	11	H	294	K1	2	H	0.0	0.0	0	1	1
0	293	K0	5	H	294	K1	1	H	0.0	0.0	0	1	0
0	259	A0	5	H	266	K1	7	H	3.0	-3.0	0	0	1
0	259	A0	11	H	266	K1	9	H	3.0	-3.0	0	0	0
0	300	G1	9	H	21	L0	4	H	139.0	139.0	0	0	0
0	0	O0	-1	S	154	K1	10	H	0.5	0.5	1	0	1
0	0	O0	-1	S	154	K1	2	H	0.5	0.5	1	0	0
0	180	A1	2	S	125	K0	4	H	27.0	27.0	0	0	0
0	51	Q0	8	H	53	D0	3	H	1.0	-1.0	0	1	1
0	51	Q0	5	H	53	D0	10	H	1.0	-1.0	0	1	0
0	40	D1	12	H	0	O0	-1	S	0.5	0.5	1	0	1
0	40	D1	9	H	0	O0	-1	S	0.5	0.5	1	0	0
0	285	A0	11	H	261	M0	2	S	12.0	12.0	0	0	0
0	230	L1	3	H	221	I0	10	H	4.0	4.0	0	0	1
0	230	L1	6	H	221	I0	4	H	4.0	4.0	0	0	0
0	22	L1	6	H	259	A0	10	H	119.0	-119.0	0	0	0
0	126	K1	5	H	0	O0	-1	S	0.5	0.5	1	0	1
0	126	K1	2	H	0	O0	-1	S	0.5	0.5	1	0	0
0	52	Q1	6	H	286	A1	2	S	117.0	-117.0	0	0	0
0	280	K1	10	H	0	O0	-1	S	0.5	0.5	1	0	1
0	280	K1	3	H	0	O0	-1	S	0.5	0.5	1	0	0
0	9	G0	7	H	283	I0	5	S	137.0	-137.0	0	0	0
0	150	I1	12	H	276	F1	5	H	63.0	-63.0	0	0	1
0	150	I1	3	H	276	F1	4	H	63.0	-63.0	0	0	0
0	242	G1	8	H	138	L1	1	H	52.0	52.0	0	0	0
0	0	O0	-1	S	44	A1	7	H	0.5	0.5	1	0	1
0	0	O0	-1	S	44	A1	6	H	0.5	0.5	1	0	0
0	154	K1	2	S	33	V0	4	H	60.0	60.0	0	0	0
0	21	L0	8	H	0	O0	-1	S	0.5	0.5	1	0	1
0	21	L0	12	H	0	O0	-1	S	0.5	0.5	1	0	0
0	94	K1	4	H	276	F1	8	S	91.0	-91.0	0	0	0
0	301	Y0	11	C	302	Y1	2	C	0.0	0.0	0	1	1
0	301	Y0	10	C	302	Y1	3	C	0.0	0.0	0	1	0
0	280	K1	5	H	0	O0	-1	S	0.5	0.5	1	0	1
0	280	K1	3	H	0	O0	-1	S	0.5	0.5	1	0	0
0	37	A0	5	H	26	V1	2	S	6.0	6.0	0	0	0
0	207	L0	6	H	214	I1	7	H	3.0	-3.0	0	0	1
0	207	L0	5	H	214	I1	3	H	3.0	-3.0	0	0	0
0	73	P0	12	H	114	A1	9	H	20.0	-20.0	0	0	0
0	0	O0	-1	S	43	A0	4	H	0.5	0.5	1	0	1
0	0	O0	-1	S	43	A0	7	H	0.5	0.5	1	0	0
0	165	E0	2	S	160	G1	12	H	3.0	3.0	0	0	0
0	101	T0	7	C	108	E1	7	H	3.0	-3.0	0	0	1
0	101	T0	1	C	108	E1	10	H	3.0	-3.0	0	0	0
0	61	R0	12	C	266	K1	1	H	102.0	-102.0	0	0	0
0	70	S1	9	H	72	H1	3	C	1.0	-1.0	0	0	1
0	70	S1	8	H	72	H1	10	C	1.0	-1.0	0	0	0
0	114	A1	9	H	112	K1	5	C	1.0	1.0	0	0	0
0	104	E1	11	H	0	O0	-1	S	0.5	0.5	1	0	1
0	104	E1	5	H	0	O0	-1	S	0.5	0.5	1	0	0
0	216	S1	9	H	152	L1	5	S	32.0	32.0	0	0	0
0	284	I1	9	H	292	Y1	3	H	4.0	-4.0	0	0	1
0	284	I1	10	H	292	Y1	7	H	4.0	-4.0	0	0	0
0	129	G0	8	H	301	Y0	5	H	86.0	-86.0	0	0	0
0	84	K1	10	C	195	K0	8	C	56.0	-56.0	0	0	1
0	84	K1	1	C	195	K0	7	C	56.0	-56.0	0	0	0
0	41	V0	11	C	203	K0	8	C	81.0	-81.0	0	0	0
0	14	W1	1	H	20	V1	7	H	3.0	-3.0	0	0	1
0	14	W1	12	H	20	V1	12	H	3.0	-3.0	0	0	0
0	122	L1	10	H	35	E0	12	H	43.0	43.0	0	0	0
0	218	E1	5	H	0	O0	-1	S	0.5	0.5	1	0	1
0	218	E1	7	H	0	O0	-1	S	0.5	0.5	1	0	0
0	107	E0	10	H	90	R1	12	S	9.0	9.0	0	0	0
0	235	R0	6	H	0	O0	-1	S	0.5	0.5	1	0	1
0	235	R0	4	H	0	O0	-1	S	0.5	0.5	1	0	0
0	13	W0	6	H	172	L1	8	S	79.0	-79.0	0	0	0
0	76	E1	4	H	0	O0	-1	S	0.5	0.5	1	0	1
0	76	E1	9	H	0	O0	-1	S	0.5	0.5	1	0	0
0	137	L0	10	H	156	K1	4	S	9.0	-9.0	0	0	0
0	65	F0	8	H	67	K0	3	H	1.0	-1.0	0	1	1
0	65	F0	12	H	67	K0	11	H	1.0	-1.0	0	1	0
0	239	P0	10	H	0	O0	-1	S	0.5	0.5	1	0	1
0	239	P0	12	H	0	O0	-1	S	0.5	0.5	1	0	0
0	250	A1	9	H	73	P0	1	S	88.0	88.0	0	0	0
0	110	M1	5	H	98	L1	10	C	6.0	6.0	0	0	1
0	110	M1	8	H	98	L1	8	C	6.0	6.0	0	0	0
0	172	L1	9	H	102	T1	2	C	35.0	35.0	0	0	0
0	174	K1	10	H	0	O0	-1	S	0.5	0.5	1	0	1
0	174	K1	2	H	0	O0	-1	S	0.5	0.5	1	0	0
0	4	L1	10	H	274	L1	8	S	135.0	-135.0	0	0	0
0	192	K1	4	C	0	O0	-1	S	0.5	0.5	1	0	1
0	192	K1	2	C	0	O0	-1	S	0.5	0.5	1	0	0
0	41	V0	1	C	130	G1	6	S	44.0	-44.0	0	0	0
0	239	P0	8	H	241	G0	3	H	1.0	-1.0	0	1	1
0	239	P0	12	H	241	G0	7	H	1.0	-1.0	0	1	0
0	113	A0	10	C	0	O0	-1	S	0.5	0.5	1	0	1
0	113	A0	4	C	0	O0	-1	S	0.5	0.5	1	0	0
0	118	E1	1	C	249	A0	8	S	66.0	-66.0	0	0	0
0	0	O0	-1	S	251	D0	5	H	0.5	0.5	1	0	1
0	0	O0	-1	S	251	D0	10	H	0.5	0.5	1	0	0
0	45	G0	2	S	164	H1	2	H	59.0	-59.0	0	0	0
0	39	D0	11	H	40	D1	2	H	0.0	0.0	0	1	1
0	39	D0	5	H	40	D1	8	H	0.0	0.0	0	1	0
0	56	I1	5	H	228	V1	12	H	86.0	-86.0	0	0	1
0	56	I1	6	H	228	V1	7	H	86.0	-86.0	0	0	0
0	168	A1	7	H	124	K1	6	H	22.0	22.0	0	0	0
0	295	E0	6	H	0	O0	-1	S	0.5	0.5	1	0	1
0	295	E0	4	H	0	O0	-1	S	0.5	0.5	1	0	0
0	199	P0	7	H	132	V1	8	S	34.0	34.0	0	0	0
0	104	E1	12	H	0	O0	-1	S	0.5	0.5	1	0	1
0	104	E1	5	H	0	O0	-1	S	0.5	0.5	1	0	0
0	197	I0	1	H	286	A1	3	S	44.0	-44.0	0	0	0
0	0	O0	-1	S	272	E1	12	H	0.5	0.5	1	0	1
0	0	O0	-1	S	272	E1	6	H	0.5	0.5	1	0	0
0	67	K0	5	S	287	A0	8	H	110.0	-110.0	0	0	0
0	0	O0	-1	S	1	V0	7	C	0.5	0.5	1	0	1
0	0	O0	-1	S	1	V0	5	C	0.5	0.5	1	0	0
0	31	K0	4	S	75	E0	12	C	22.0	-22.0	0	0	0
0	245	F0	2	C	0	O0	-1	S	0.5	0.5	1	0	1
0	245	F0	5	C	0	O0	-1	S	0.5	0.5	1	0	0
0	283	I0	4	C	4	L1	10	S	140.0	140.0	0	0	0
0	299	G0	12	C	300	G1	1	C	0.0	0.0	0	1	1
0	299	G0	11	C	300	G1	7	C	0.0	0.0	0	1	0
0	162	H1	6	C	0	O0	-1	S	0.5	0.5	1	0	1
0	162	H1	7	C	0	O0	-1	S	0.5	0.5	1	0	0
0	1	V0	11	C	28	W1	5	S	13.0	-13.0	0	0	0
0	51	Q0	6	H	122	L1	9	H	35.0	-35.0	0	0	1
0	51	Q0	5	H	122	L1	8	H	35.0	-35.0	0	0	0
0	144	L1	3	H	132	V1	8	H	6.0	6.0	0	0	0
0	145	G0	1	H	151	L0	7	H	3.0	-3.0	0	0	1
0	145	G0	2	H	151	L0	12	H	3.0	-3.0	0	0	0
0	5	S0	2	H	271	E0	11	H	133.0	-133.0	0	0	0
0	172	L1	11	H	275	F0	6	H	52.0	-52.0	0	0	1
0	172	L1	1	H	275	F0	7	H	52.0	-52.0	0	0	0
0	85	F0	5	H	197	I0	10	H	56.0	-56.0	0	0	0
0	215	S0	7	H	209	E0	1	H	3.0	3.0	0	0	1
0	215	S0	11	H	209	E0	5	H	3.0	3.0	0	0	0
0	151	L0	5	H	121	L0	7	H	15.0	15.0	0	0	0
0	3	L0	3	C	1	V0	9	C	1.0	1.0	0	1	1
0	3	L0	8	C	1	V0	3	C	1.0	1.0	0	1	0
0	5	S0	10	C	0	O0	-1	S	0.5	0.5	1	0	1
0	5	S0	1	C	0	O0	-1	S	0.5	0.5	1	0	0
0	269	L0	5	C	236	R1	9	S	17.0	17.0	0	0	0
0	201	I0	11	H	202	I1	2	H	0.0	0.0	0	1	1
0	201	I0	4	H	202	I1	6	H	0.0	0.0	0	1	0
0	57	L0	10	H	66	F1	3	H	4.0	-4.0	0	0	1
0	57	L0	2	H	66	F1	9	H	4.0	-4.0	0	0	0
0	253	A0	11	H	129	G0	11	H	62.0	62.0	0	0	0
0	114	A1	11	C	0	O0	-1	S	0.5	0.5	1	0	1
0	114	A1	2	C	0	O0	-1	S	0.5	0.5	1	0	0
0	266	K1	1	C	121	L0	5	S	72.0	72.0	0	0	0
0	84	K1	12	C	198	I1	5	C	57.0	-57.0	0	0	1
0	84	K1	8	C	198	I1	8	C	57.0	-57.0	0	0	0
0	288	A1	3	C	225	H0	10	C	31.0	31.0	0	0	0
0	81	E0	11	C	82	E1	2	C	0.0	0.0	0	1	1
0	81	E0	8	C	82	E1	3	C	0.0	0.0	0	1	0
0	199	P0	8	C	205	Y0	7	H	3.0	-3.0	0	0	1
0	199	P0	7	C	205	Y0	1	H	3.0	-3.0	0	0	0
0	90	R1	12	C	222	I1	2	H	66.0	-66.0	0	0	0
0	257	G0	6	H	264	N1	7	H	3.0	-3.0	0	0	1
0	257	G0	4	H	264	N1	6	H	3.0	-3.0	0	0	0
0	291	Y0	1	H	40	D1	7	H	126.0	126.0	0	0	0
0	206	Y1	3	H	0	O0	-1	S	0.5	0.5	1	0	1
0	206	Y1	9	H	0	O0	-1	S	0.5	0.5	1	0	0
0	294	K1	1	H	149	I0	6	S	72.0	72.0	0	0	0
0	0	O0	-1	S	8	E1	7	H	0.5	0.5	1	0	1
0	0	O0	-1	S	8	E1	9	H	0.5	0.5	1	0	0
0	301	Y0	4	S	103	E0	7	H	99.0	99.0	0	0	0
0	86	F1	12	C	58	L1	10	H	14.0	14.0	0	0	1
0	86	F1	5	C	58	L1	1	H	14.0	14.0	0	0	0
0	244	N1	7	C	125	K0	11	H	59.0	59.0	0	0	0
0	8	E1	3	H	0	O0	-1	S	0.5	0.5	1	0	1
0	8	E1	9	H	0	O0	-1	S	0.5	0.5	1	0	0
0	227	V0	5	H	8	E1	9	S	110.0	110.0	0	0	0
0	114	A1	8	C	0	O0	-1	S	0.5	0.5	1	0	1
0	114	A1	4	C	0	O0	-1	S	0.5	0.5	1	0	0
0	16	Q1	4	C	143	L0	12	S	64.0	-64.0	0	0	0
0	148	A1	6	H	0	O0	-1	S	0.5	0.5	1	0	1
0	148	A1	3	H	0	O0	-1	S	0.5	0.5	1	0	0
0	4	L1	9	H	255	Q0	1	S	126.0	-126.0	0	0	0
0	298	L1	5	H	0	O0	-1	S	0.5	0.5	1	0	1
0	298	L1	4	H	0	O0	-1	S	0.5	0.5	1	0	0
0	124	K1	3	H	294	K1	1	S	85.0	-85.0	0	0	0
0	201	I0	7	H	0	O0	-1	S	0.5	0.5	1	0	1
0	201	I0	2	H	0	O0	-1	S	0.5	0.5	1	0	0
0	110	M1	2	H	231	H0	2	S	61.0	-61.0	0	0	0
0	107	E0	1	H	113	A0	7	C	3.0	-3.0	0	0	1
0	107	E0	10	H	113	A0	1	C	3.0	-3.0	0	0	0
0	91	F0	12	H	96	H1	3	C	2.0	-2.0	0	0	0
0	275	F0	11	H	150	I1	10	H	63.0	63.0	0	0	1
0	275	F0	2	H	150	I1	4	H	63.0	63.0	0	0	0
0	91	F0	10	H	28	W1	5	H	32.0	32.0	0	0	0
0	97	L0	11	C	98	L1	2	C	0.0	0.0	0	1	1
0	97	L0	10	C	98	L1	5	C	0.0	0.0	0	1	0
0	234	S1	10	H	0	O0	-1	S	0.5	0.5	1	0	1
0	234	S1	2	H	0	O0	-1	S	0.5	0.5	1	0	0
0	192	K1	2	H	72	H1	11	S	60.0	60.0	0	0	0
0	287	A0	9	H	289	K0	3	H	1.0	-1.0	0	1	1
0	287	A0	8	H	289	K0	8	H	1.0	-1.0	0	1	0
0	261	M0	9	H	263	N0	3	H	1.0	-1.0	0	1	1
0	261	M0	12	H	263	N0	6	H	1.0	-1.0	0	1	0
0	0	O0	-1	S	271	E0	10	H	0.5	0.5	1	0	1
0	0	O0	-1	S	271	E0	11	H	0.5	0.5	1	0	0
0	134	T1	2	S	22	L1	1	H	56.0	56.0	0	0	0
0	112	K1	11	H	0	O0	-1	S	0.5	0.5	1	0	1
0	112	K1	1	H	0	O0	-1	S	0.5	0.5	1	0	0
0	164	H1	4	H	254	A1	6	S	45.0	-45.0	0	0	0
0	63	L0	6	H	72	H1	7	C	4.0	-4.0	0	0	1
0	63	L0	5	H	72	H1	8	C	4.0	-4.0	0	0	0
0	238	H1	3	H	260	A1	3	C	11.0	-11.0	0	0	0
0	207	L0	11	H	208	L1	2	H	0.0	0.0	0	1	1
0	207	L0	7	H	208	L1	11	H	0.0	0.0	0	1	0
0	204	K1	9	H	212	F1	3	H	4.0	-4.0	0	0	1
0	204	K1	3	H	212	F1	9	H	4.0	-4.0	0	0	0
0	95	H0	8	H	5	S0	1	H	45.0	45.0	0	0	0
0	288	A1	6	H	0	O0	-1	S	0.5	0.5	1	0	1
0	288	A1	2	H	0	O0	-1	S	0.5	0.5	1	0	0
0	202	I1	9	H	190	T1	2	S	6.0	6.0	0	0	0
0	0	O0	-1	S	36	E1	11	H	0.5	0.5	1	0	1
0	0	O0	-1	S	36	E1	6	H	0.5	0.5	1	0	0
0	231	H0	2	S	164	H1	5	H	34.0	34.0	0	0	0
0	82	E1	10	C	0	O0	-1	S	0.5	0.5	1	0	1
0	82	E1	9	C	0	O0	-1	S	0.5	0.5	1	0	0
0	233	S0	1	C	149	I0	2	S	42.0	42.0	0	0	0
0	21	L0	11	H	22	L1	2	H	0.0	0.0	0	1	1
0	21	L0	4	H	22	L1	6	H	0.0	0.0	0	1	0
0	256	Q1	9	H	0	O0	-1	S	0.5	0.5	1	0	1
0	256	Q1	4	H	0	O0	-1	S	0.5	0.5	1	0	0
0	34	V1	11	H	221	I0	11	S	94.0	-94.0	0	0	0
0	266	K1	11	H	0	O0	-1	S	0.5	0.5	1	0	1
0	266	K1	1	H	0	O0	-1	S	0.5	0.5	1	0	0
0	42	V1	9	H	119	D0	8	S	39.0	-39.0	0	0	0
0	233	S0	4	H	225	H0	9	H	4.0	4.0	0	0	1
0	233	S0	9	H	225	H0	10	H	4.0	4.0	0	0	0
0	40	D1	9	H	211	F0	10	H	86.0	-86.0	0	0	0
0	6	S1	9	C	7	E0	2	H	1.0	-1.0	0	0	1
0	6	S1	2	C	7	E0	12	H	1.0	-1.0	0	0	0
0	25	V0	10	C	250	A1	5	H	112.0	-112.0	0	0	0
0	223	I0	9	H	225	H0	3	H	1.0	-1.0	0	1	1
0	223	I0	10	H	225	H0	10	H	1.0	-1.0	0	1	0
0	192	K1	3	C	0	O0	-1	S	0.5	0.5	1	0	1
0	192	K1	2	C	0	O0	-1	S	0.5	0.5	1	0	0
0	295	E0	2	C	162	H1	9	S	67.0	67.0	0	0	0
0	56	I1	12	H	138	L1	4	H	41.0	-41.0	0	0	1
0	56	I1	9	H	138	L1	11	H	41.0	-41.0	0	0	0
0	161	H0	1	H	141	A0	4	H	10.0	10.0	0	0	0
0	164	H1	10	C	172	L1	4	H	4.0	-4.0	0	0	1
0	164	H1	2	C	172	L1	1	H	4.0	-4.0	0	0	0
0	243	N0	12	C	189	T0	4	H	27.0	27.0	0	0	0
0	19	V0	9	H	27	W0	4	H	4.0	-4.0	0	0	1
0	19	V0	4	H	27	W0	10	H	4.0	-4.0	0	0	0
0	251	D0	7	H	154	K1	2	H	49.0	49.0	0	0	0
0	168	A1	10	H	0	O0	-1	S	0.5	0.5	1	0	1
0	168	A1	9	H	0	O0	-1	S	0.5	0.5	1	0	0
0	274	L1	1	H	27	W0	10	S	123.0	123.0	0	0	0
0	0	O0	-1	S	117	E0	7	H	0.5	0.5	1	0	1
0	0	O0	-1	S	117	E0	8	H	0.5	0.5	1	0	0
0	47	H0	2	S	159	G0	6	H	56.0	-56.0	0	0	0
0	0	O0	-1	S	24	H1	12	H	0.5	0.5	1	0	1
0	0	O0	-1	S	24	H1	1	H	0.5	0.5	1	0	0
0	267	A0	11	S	128	H1	6	H	70.0	70.0	0	0	0
0	149	I0	1	H	156	K1	7	C	3.0	-3.0	0	0	1
0	149	I0	10	H	156	K1	1	C	3.0	-3.0	0	0	0
0	193	H0	5	H	205	Y0	1	C	6.0	-6.0	0	0	0
0	222	I1	4	H	214	I1	9	H	4.0	4.0	0	0	1
0	222	I1	12	H	214	I1	10	H	4.0	4.0	0	0	0
0	70	S1	7	H	81	E0	5	H	6.0	-6.0	0	0	0
0	12	E1	4	H	0	O0	-1	S	0.5	0.5	1	0	1
0	12	E1	3	H	0	O0	-1	S	0.5	0.5	1	0	0
0	244	N1	1	H	126	K1	8	S	59.0	59.0	0	0	0
0	294	K1	6	H	0	O0	-1	S	0.5	0.5	1	0	1
0	294	K1	1	H	0	O0	-1	S	0.5	0.5	1	0	0
0	141	A0	7	H	138	L1	1	S	2.0	2.0	0	0	0
0	229	L0	9	H	231	H0	3	H	1.0	-1.0	0	1	1
0	229	L0	12	H	231	H0	1	H	1.0	-1.0	0	1	0
0	114	A1	12	C	0	O0	-1	S	0.5	0.5	1	0	1
0	114	A1	2	C	0	O0	-1	S	0.5	0.5	1	0	0
0	190	T1	7	C	20	V1	12	S	85.0	85.0	0	0	0
0	17	L0	9	H	26	V1	3	H	4.0	-4.0	0	0	1
0	17	L0	12	H	26	V1	11	H	4.0	-4.0	0	0	0
0	182	Q1	5	H	91	F0	5	H	45.0	45.0	0	0	0
0	73	P0	9	H	75	E0	3	H	1.0	-1.0	0	1	1
0	73	P0	7	H	75	E0	4	H	1.0	-1.0	0	1	0
0	0	O0	-1	S	176	P1	5	H	0.5	0.5	1	0	1
0	0	O0	-1	S	176	P1	1	H	0.5	0.5	1	0	0
0	277	R0	4	S	170	E1	3	H	54.0	54.0	0	0	0
0	23	H0	9	H	25	V0	3	H	1.0	-1.0	0	1	1
0	23	H0	8	H	25	V0	8	H	1.0	-1.0	0	1	0
0	0	O0	-1	S	258	G1	12	H	0.5	0.5	1	0	1
0	0	O0	-1	S	258	G1	3	H	0.5	0.5	1	0	0
0	130	G1	9	S	39	D0	5	H	45.0	45.0	0	0	0
0	26	V1	12	H	246	F1	4	C	110.0	-110.0	0	0	1
0	26	V1	2	H	246	F1	3	C	110.0	-110.0	0	0	0
0	79	L0	2	H	117	E0	6	C	19.0	-19.0	0	0	0
0	37	A0	11	H	0	O0	-1	S	0.5	0.5	1	0	1
0	37	A0	2	H	0	O0	-1	S	0.5	0.5	1	0	0
0	121	L0	7	H	224	I1	9	S	51.0	-51.0	0	0	0
0	238	H1	8	C	26	V1	6	H	106.0	106.0	0	0	1
0	238	H1	3	C	26	V1	11	H	106.0	106.0	0	0	0
0	296	E1	10	C	165	E0	5	H	65.0	65.0	0	0	0
0	79	L0	8	H	81	E0	3	C	1.0	-1.0	0	1	1
0	79	L0	2	H	81	E0	10	C	1.0	-1.0	0	1	0
0	0	O0	-1	S	95	H0	5	C	0.5	0.5	1	0	1
0	0	O0	-1	S	95	H0	6	C	0.5	0.5	1	0	0
0	235	R0	4	S	110	M1	2	C	63.0	63.0	0	0	0
0	135	V0	7	H	129	G0	1	H	3.0	3.0	0	0	1
0	135	V0	2	H	129	G0	2	H	3.0	3.0	0	0	0
0	85	F0	1	H	28	W1	8	H	29.0	29.0	0	0	0
0	224	I1	6	H	246	F1	10	C	11.0	-11.0	0	0	1
0	224	I1	2	H	246	F1	3	C	11.0	-11.0	0	0	0
0	257	G0	2	H	204	K1	3	C	27.0	27.0	0	0	0
0	235	R0	2	H	240	P1	3	H	2.0	-2.0	0	0	1
0	235	R0	12	H	240	P1	9	H	2.0	-2.0	0	0	0
0	18	L1	4	H	199	P0	7	H	91.0	-91.0	0	0	0
0	116	S1	10	C	120	D1	7	H	2.0	-2.0	0	0	1
0	116	S1	2	C	120	D1	9	H	2.0	-2.0	0	0	0
0	160	G1	5	C	92	F1	8	H	34.0	34.0	0	0	0
0	58	L1	8	H	122	L1	6	H	32.0	-32.0	0	0	1
0	58	L1	6	H	122	L1	8	H	32.0	-32.0	0	0	0
0	60	I1	5	H	188	A1	2	H	64.0	-64.0	0	0	0
0	14	W1	11	H	157	K0	6	C	72.0	-72.0	0	0	1
0	14	W1	10	H	157	K0	10	C	72.0	-72.0	0	0	0
0	106	A1	2	H	267	A0	11	C	81.0	-81.0	0	0	0
0	0	O0	-1	S	252	D1	6	H	0.5	0.5	1	0	1
0	0	O0	-1	S	252	D1	3	H	0.5	0.5	1	0	0
0	22	L1	6	S	254	A1	4	H	116.0	-116.0	0	0	0
0	0	O0	-1	S	257	G0	5	H	0.5	0.5	1	0	1
0	0	O0	-1	S	257	G0	4	H	0.5	0.5	1	0	0
0	278	R1	10	S	176	P1	9	H	51.0	51.0	0	0	0
0	214	I1	6	H	56	I1	10	H	79.0	79.0	0	0	1
0	214	I1	3	H	56	I1	2	H	79.0	79.0	0	0	0
0	294	K1	1	H	10	G1	6	H	142.0	142.0	0	0	0
0	24	H1	6	H	0	O0	-1	S	0.5	0.5	1	0	1
0	24	H1	3	H	0	O0	-1	S	0.5	0.5	1	0	0
0	258	G1	9	H	25	V0	8	S	116.0	116.0	0	0	0
0	292	Y1	10	H	302	Y1	8	C	5.0	-5.0	0	0	1
0	292	Y1	1	H	302	Y1	3	C	5.0	-5.0	0	0	0
0	198	I1	12	H	293	K0	5	C	48.0	-48.0	0	0	0
0	38	A1	12	H	0	O0	-1	S	0.5	0.5	1	0	1
0	38	A1	10	H	0	O0	-1	S	0.5	0.5	1	0	0
0	117	E0	1	H	197	I0	6	S	40.0	-40.0	0	0	0
0	52	Q1	4	H	124	K1	5	H	36.0	-36.0	0	0	1
0	52	Q1	2	H	124	K1	2	H	36.0	-36.0	0	0	0
0	95	H0	4	H	63	L0	11	H	16.0	16.0	0	0	0
0	155	K0	8	C	159	G0	2	C	2.0	-2.0	0	0	1
0	155	K0	5	C	159	G0	6	C	2.0	-2.0	0	0	0
0	189	T0	7	C	86	F1	8	C	52.0	52.0	0	0	0
0	183	S0	5	H	0	O0	-1	S	0.5	0.5	1	0	1
0	183	S0	10	H	0	O0	-1	S	0.5	0.5	1	0	0
0	193	H0	1	H	7	E0	12	S	93.0	93.0	0	0	0
0	52	Q1	1	H	51	Q0	12	H	0.0	0.0	0	1	1
0	52	Q1	2	H	51	Q0	4	H	0.0	0.0	0	1	0
0	185	H0	10	H	197	I0	7	C	6.0	-6.0	0	0	1
0	185	H0	1	H	197	I0	6	C	6.0	-6.0	0	0	0
0	50	G1	9	H	15	Q0	2	C	17.0	17.0	0	0	0
0	158	K1	4	C	0	O0	-1	S	0.5	0.5	1	0	1
0	158	K1	7	C	0	O0	-1	S	0.5	0.5	1	0	0
0	18	L1	3	C	89	R0	4	S	36.0	-36.0	0	0	0
0	0	O0	-1	S	168	A1	5	H	0.5	0.5	1	0	1
0	0	O0	-1	S	168	A1	7	H	0.5	0.5	1	0	0
0	127	H0	10	S	240	P1	4	H	56.0	-56.0	0	0	0
0	236	R1	6	H	0	O0	-1	S	0.5	0.5	1	0	1
0	236	R1	9	H	0	O0	-1	S	0.5	0.5	1	0	0
0	68	K1	5	H	57	L0	8	S	5.0	5.0	0	0	0
0	252	D1	7	H	0	O0	-1	S	0.5	0.5	1	0	1
0	252	D1	9	H	0	O0	-1	S	0.5	0.5	1	0	0
0	120	D1	5	H	72	H1	8	S	24.0	24.0	0	0	0
0	299	G0	9	C	301	Y0	3	C	1.0	-1.0	0	1	1
0	299	G0	4	C	301	Y0	12	C	1.0	-1.0	0	1	0
0	301	Y0	8	C	292	Y1	9	H	5.0	5.0	0	0	1
0	301	Y0	10	C	292	Y1	7	H	5.0	5.0	0	0	0
0	292	Y1	7	C	211	F0	12	H	40.0	40.0	0	0	0
0	143	L0	1	H	149	I0	7	H	3.0	-3.0	0	0	1
0	143	L0	8	H	149	I0	10	H	3.0	-3.0	0	0	0
0	73	P0	1	H	57	L0	12	H	8.0	8.0	0	0	0
0	0	O0	-1	S	210	E1	6	H	0.5	0.5	1	0	1
0	0	O0	-1	S	210	E1	10	H	0.5	0.5	1	0	0
0	20	V1	12	S	280	K1	3	H	130.0	-130.0	0	0	0
0	165	E0	10	H	0	O0	-1	S	0.5	0.5	1	0	1
0	165	E0	11	H	0	O0	-1	S	0.5	0.5	1	0	0
0	190	T1	7	H	88	D1	5	S	51.0	51.0	0	0	0
0	205	Y0	11	H	206	Y1	2	H	0.0	0.0	0	1	1
0	205	Y0	12	H	206	Y1	9	H	0.0	0.0	0	1	0
0	256	Q1	8	H	0	O0	-1	S	0.5	0.5	1	0	1
0	256	Q1	2	H	0	O0	-1	S	0.5	0.5	1	0	0
0	291	Y0	1	H	134	T1	4	S	79.0	79.0	0	0	0
0	233	S0	11	H	0	O0	-1	S	0.5	0.5	1	0	1
0	233	S0	1	H	0	O0	-1	S	0.5	0.5	1	0	0
0	281	D0	12	H	268	A1	9	S	7.0	7.0	0	0	0
0	0	O0	-1	S	165	E0	10	H	0.5	0.5	1	0	1
0	0	O0	-1	S	165	E0	12	H	0.5	0.5	1	0	0
0	38	A1	10	S	196	K1	9	H	79.0	-79.0	0	0	0
0	87	D0	8	C	89	R0	3	C	1.0	-1.0	0	1	1
0	87	D0	4	C	89	R0	11	C	1.0	-1.0	0	1	0
0	167	A0	9	H	169	E0	3	H	1.0	-1.0	0	1	1
0	167	A0	2	H	169	E0	12	H	1.0	-1.0	0	1	0
0	90	R1	11	C	0	O0	-1	S	0.5	0.5	1	0	1
0	90	R1	12	C	0	O0	-1	S	0.5	0.5	1	0	0
0	44	A1	11	C	89	R0	11	S	23.0	-23.0	0	0	0
0	1	V0	7	C	0	O0	-1	S	0.5	0.5	1	0	1
0	1	V0	10	C	0	O0	-1	S	0.5	0.5	1	0	0
0	79	L0	10	C	242	G1	9	S	81.0	-81.0	0	0	0
0	7	E0	11	H	8	E1	2	H	0.0	0.0	0	1	1
0	7	E0	12	H	8	E1	1	H	0.0	0.0	0	1	0
0	281	D0	9	H	283	I0	3	H	1.0	-1.0	0	1	1
0	281	D0	8	H	283	I0	4	H	1.0	-1.0	0	1	0
0	144	L1	5	H	276	F1	11	H	66.0	-66.0	0	0	1
0	144	L1	3	H	276	F1	3	H	66.0	-66.0	0	0	0
0	277	R0	2	H	153	K0	2	H	62.0	62.0	0	0	0
0	175	P0	9	H	183	S0	4	H	4.0	-4.0	0	0	1
0	175	P0	12	H	183	S0	11	H	4.0	-4.0	0	0	0
0	270	L1	6	H	16	Q1	1	H	127.0	127.0	0	0	0
0	61	R0	5	H	68	K1	7	H	3.0	-3.0	0	0	1
0	61	R0	6	H	68	K1	2	H	3.0	-3.0	0	0	0
0	101	T0	11	H	195	K0	12	H	47.0	-47.0	0	0	0
0	0	O0	-1	S	297	L0	6	H	0.5	0.5	1	0	1
0	0	O0	-1	S	297	L0	7	H	0.5	0.5	1	0	0
0	10	G1	8	S	87	D0	6	H	39.0	-39.0	0	0	0
0	91	F0	4	C	92	F1	9	C	0.0	0.0	0	1	1
0	91	F0	10	C	92	F1	1	C	0.0	0.0	0	1	0
0	74	P1	11	H	0	O0	-1	S	0.5	0.5	1	0	1
0	74	P1	6	H	0	O0	-1	S	0.5	0.5	1	0	0
0	251	D0	7	H	206	Y1	9	S	23.0	23.0	0	0	0
0	116	S1	5	C	0	O0	-1	S	0.5	0.5	1	0	1
0	116	S1	7	C	0	O0	-1	S	0.5	0.5	1	0	0
0	293	K0	6	C	31	K0	8	S	131.0	131.0	0	0	0
0	0	O0	-1	S	280	K1	11	H	0.5	0.5	1	0	1
0	0	O0	-1	S	280	K1	3	H	0.5	0.5	1	0	0
0	127	H0	8	S	71	H0	11	H	28.0	28.0	0	0	0
0	55	I0	1	H	61	R0	7	H	3.0	-3.0	0	0	1
0	55	I0	11	H	61	R0	6	H	3.0	-3.0	0	0	0
0	116	S1	2	H	132	V1	2	H	8.0	-8.0	0	0	0
0	193	H0	10	C	198	I1	3	C	2.0	-2.0	0	0	1
0	193	H0	2	C	198	I1	11	C	2.0	-2.0	0	0	0
0	115	S0	1	C	284	I1	10	C	84.0	-84.0	0	0	0
0	105	A0	5	H	112	K1	7	H	3.0	-3.0	0	0	1
0	105	A0	6	H	112	K1	1	H	3.0	-3.0	0	0	0
0	255	Q0	2	H	132	V1	8	H	62.0	62.0	0	0	0
0	174	K1	8	H	0	O0	-1	S	0.5	0.5	1	0	1
0	174	K1	2	H	0	O0	-1	S	0.5	0.5	1	0	0
0	227	V0	8	H	140	T1	2	S	44.0	44.0	0	0	0
0	294	K1	5	H	0	O0	-1	S	0.5	0.5	1	0	1
0	294	K1	1	H	0	O0	-1	S	0.5	0.5	1	0	0
0	249	A0	2	H	248	G1	4	S	1.0	1.0	0	0	0
0	129	G0	10	H	138	L1	7	H	4.0	-4.0	0	0	1
0	129	G0	2	H	138	L1	5	H	4.0	-4.0	0	0	0
0	240	P1	4	H	118	E1	3	H	61.0	61.0	0	0	0
0	0	O0	-1	S	70	S1	11	H	0.5	0.5	1	0	1
0	0	O0	-1	S	70	S1	8	H	0.5	0.5	1	0	0
0	81	E0	8	S	106	A1	9	H	12.0	-12.0	0	0	0
0	71	H0	1	C	74	P1	1	H	1.0	-1.0	0	0	1
0	71	H0	6	C	74	P1	6	H	1.0	-1.0	0	0	0
0	107	E0	10	C	75	E0	10	H	16.0	16.0	0	0	0
0	223	I0	12	H	224	I1	1	H	0.0	0.0	0	1	1
0	223	I0	2	H	224	I1	9	H	0.0	0.0	0	1	0
0	235	R0	9	H	237	H0	3	C	1.0	-1.0	0	1	1
0	235	R0	1	H	237	H0	12	C	1.0	-1.0	0	1	0
0	11	E0	12	H	12	E1	1	H	0.0	0.0	0	1	1
0	11	E0	8	H	12	E1	9	H	0.0	0.0	0	1	0
0	0	O0	-1	S	158	K1	8	C	0.5	0.5	1	0	1
0	0	O0	-1	S	158	K1	12	C	0.5	0.5	1	0	0
0	205	Y0	12	S	38	A1	3	C	84.0	84.0	0	0	0
0	0	O0	-1	S	247	G0	6	C	0.5	0.5	1	0	1
0	0	O0	-1	S	247	G0	10	C	0.5	0.5	1	0	0
0	298	L1	9	S	291	Y0	10	C	3.0	3.0	0	0	0
0	37	A0	9	H	39	D0	3	H	1.0	-1.0	0	1	1
0	37	A0	5	H	39	D0	12	H	1.0	-1.0	0	1	0
0	2	V1	10	C	0	O0	-1	S	0.5	0.5	1	0	1
0	2	V1	6	C	0	O0	-1	S	0.5	0.5	1	0	0
0	298	L1	4	C	147	A0	2	S	75.0	75.0	0	0	0
0	274	L1	9	H	282	D1	4	H	4.0	-4.0	0	0	1
0	274	L1	3	H	282	D1	9	H	4.0	-4.0	0	0	0
0	132	V1	2	H	10	G1	9	H	61.0	61.0	0	0	0
0	114	A1	6	C	0	O0	-1	S	0.5	0.5	1	0	1
0	114	A1	2	C	0	O0	-1	S	0.5	0.5	1	0	0
0	224	I1	9	C	297	L0	2	S	37.0	-37.0	0	0	0
0	54	D1	6	H	0	O0	-1	S	0.5	0.5	1	0	1
0	54	D1	3	H	0	O0	-1	S	0.5	0.5	1	0	0
0	253	A0	7	H	81	E0	2	S	86.0	86.0	0	0	0
0	0	O0	-1	S	11	E0	5	H	0.5	0.5	1	0	1
0	0	O0	-1	S	11	E0	11	H	0.5	0.5	1	0	0
0	37	A0	4	S	118	E1	3	H	40.0	-40.0	0	0	0
0	0	O0	-1	S	90	R1	7	C	0.5	0.5	1	0	1
0	0	O0	-1	S	90	R1	12	C	0.5	0.5	1	0	0
0	146	G1	10	S	109	M0	10	C	18.0	18.0	0	0	0
0	288	A1	11	H	0	O0	-1	S	0.5	0.5	1	0	1
0	288	A1	9	H	0	O0	-1	S	0.5	0.5	1	0	0
0	28	W1	4	H	249	A0	2	S	111.0	-111.0	0	0	0
0	76	E1	12	H	0	O0	-1	S	0.5	0.5	1	0	1
0	76	E1	9	H	0	O0	-1	S	0.5	0.5	1	0	0
0	70	S1	8	H	170	E1	3	S	50.0	-50.0	0	0	0
0	257	G0	12	H	258	G1	1	H	0.0	0.0	0	1	1
0	257	G0	8	H	258	G1	8	H	0.0	0.0	0	1	0
0	0	O0	-1	S	115	S0	5	C	0.5	0.5	1	0	1
0	0	O0	-1	S	115	S0	10	C	0.5	0.5	1	0	0
0	270	L1	9	S	160	G1	8	C	55.0	55.0	0	0	0
0	296	E1	9	H	0	O0	-1	S	0.5	0.5	1	0	1
0	296	E1	4	H	0	O0	-1	S	0.5	0.5	1	0	0
0	215	S0	5	H	149	I0	9	S	33.0	33.0	0	0	0
0	244	N1	4	H	0	O0	-1	S	0.5	0.5	1	0	1
0	244	N1	7	H	0	O0	-1	S	0.5	0.5	1	0	0
0	254	A1	11	H	229	L0	12	S	12.0	12.0	0	0	0
0	0	O0	-1	S	244	N1	3	H	0.5	0.5	1	0	1
0	0	O0	-1	S	244	N1	7	H	0.5	0.5	1	0	0
0	27	W0	2	S	82	E1	9	H	27.0	-27.0	0	0	0
0	182	Q1	6	H	298	L1	11	H	58.0	-58.0	0	0	1
0	182	Q1	8	H	298	L1	4	H	58.0	-58.0	0	0	0
0	154	K1	5	H	70	S1	7	H	42.0	42.0	0	0	0
0	14	W1	3	H	4	L1	8	C	5.0	5.0	0	0	1
0	14	W1	12	H	4	L1	2	C	5.0	5.0	0	0	0
0	246	F1	3	H	223	I0	8	C	11.0	11.0	0	0	0
0	109	M0	6	H	122	L1	12	H	6.0	-6.0	0	0	1
0	109	M0	9	H	122	L1	1	H	6.0	-6.0	0	0	0
0	155	K0	5	H	86	F1	8	H	35.0	35.0	0	0	0
0	104	E1	7	H	0	O0	-1	S	0.5	0.5	1	0	1
0	104	E1	5	H	0	O0	-1	S	0.5	0.5	1	0	0
0	225	H0	2	H	187	A0	4	S	19.0	19.0	0	0	0
0	30	A1	10	H	0	O0	-1	S	0.5	0.5	1	0	1
0	30	A1	12	H	0	O0	-1	S	0.5	0.5	1	0	0
0	271	E0	11	H	86	F1	9	S	93.0	93.0	0	0	0
0	0	O0	-1	S	234	S1	6	H	0.5	0.5	1	0	1
0	0	O0	-1	S	234	S1	5	H	0.5	0.5	1	0	0
0	11	E0	10	S	159	G0	6	H	74.0	-74.0	0	0	0
0	169	E0	4	H	170	E1	9	H	0.0	0.0	0	1	1
0	169	E0	12	H	170	E1	3	H	0.0	0.0	0	1	0
0	62	R1	6	H	0	O0	-1	S	0.5	0.5	1	0	1
0	62	R1	7	H	0	O0	-1	S	0.5	0.5	1	0	0
0	150	I1	8	H	100	K1	5	S	25.0	25.0	0	0	0
0	246	F1	6	C	255	Q0	5	H	5.0	-5.0	0	0	1
0	246	F1	3	C	255	Q0	1	H	5.0	-5.0	0	0	0
0	14	W1	12	C	96	H1	9	H	41.0	-41.0	0	0	0
0	175	P0	4	H	0	O0	-1	S	0.5	0.5	1	0	1
0	175	P0	11	H	0	O0	-1	S	0.5	0.5	1	0	0
0	278	R1	9	H	216	S1	9	S	31.0	31.0	0	0	0
0	283	I0	8	H	285	A0	3	H	1.0	-1.0	0	1	1
0	283	I0	10	H	285	A0	4	H	1.0	-1.0	0	1	0
0	147	A0	9	H	149	I0	3	H	1.0	-1.0	0	1	1
0	147	A0	8	H	149	I0	2	H	1.0	-1.0	0	1	0
0	132	V1	12	H	0	O0	-1	S	0.5	0.5	1	0	1
0	132	V1	8	H	0	O0	-1	S	0.5	0.5	1	0	0
0	130	G1	9	H	281	D0	12	S	76.0	-76.0	0	0	0
0	297	L0	10	H	0	O0	-1	S	0.5	0.5	1	0	1
0	297	L0	5	H	0	O0	-1	S	0.5	0.5	1	0	0
0	182	Q1	2	H	294	K1	1	S	56.0	-56.0	0	0	0
0	271	E0	10	H	0	O0	-1	S	0.5	0.5	1	0	1
0	271	E0	6	H	0	O0	-1	S	0.5	0.5	1	0	0
0	99	K0	2	H	78	T1	11	S	11.0	11.0	0	0	0
0	22	L1	3	H	20	V1	8	H	1.0	1.0	0	0	1
0	22	L1	6	H	20	V1	2	H	1.0	1.0	0	0	0
0	153	K0	2	H	75	E0	1	H	39.0	39.0	0	0	0
0	200	P1	12	C	0	O0	-1	S	0.5	0.5	1	0	1
0	200	P1	2	C	0	O0	-1	S	0.5	0.5	1	0	0
0	171	L0	12	C	10	G1	8	S	81.0	81.0	0	0	0
0	0	O0	-1	S	250	A1	12	H	0.5	0.5	1	0	1
0	0	O0	-1	S	250	A1	5	H	0.5	0.5	1	0	0
0	134	T1	2	S	11	E0	8	H	61.0	61.0	0	0	0
0	7	E0	7	H	0	O0	-1	S	0.5	0.5	1	0	1
0	7	E0	12	H	0	O0	-1	S	0.5	0.5	1	0	0
0	189	T0	7	H	206	Y1	4	S	8.0	-8.0	0	0	0
0	227	V0	9	H	229	L0	3	H	1.0	-1.0	0	1	1
0	227	V0	11	H	229	L0	5	H	1.0	-1.0	0	1	0
0	270	L1	11	H	222	I1	8	H	24.0	24.0	0	0	1
0	270	L1	9	H	222	I1	12	H	24.0	24.0	0	0	0
0	152	L1	1	H	178	L1	1	H	13.0	-13.0	0	0	0
0	0	O0	-1	S	162	H1	12	C	0.5	0.5	1	0	1
0	0	O0	-1	S	162	H1	7	C	0.5	0.5	1	0	0
0	280	K1	3	S	36	E1	9	C	122.0	122.0	0	0	0
0	174	K1	12	H	0	O0	-1	S	0.5	0.5	1	0	1
0	174	K1	11	H	0	O0	-1	S	0.5	0.5	1	0	0
0	227	V0	5	H	143	L0	7	S	42.0	42.0	0	0	0
0	82	E1	1	C	94	K1	11	C	6.0	-6.0	0	0	1
0	82	E1	5	C	94	K1	6	C	6.0	-6.0	0	0	0
0	16	Q1	1	C	134	T1	2	C	59.0	-59.0	0	0	0
0	210	E1	11	H	0	O0	-1	S	0.5	0.5	1	0	1
0	210	E1	8	H	0	O0	-1	S	0.5	0.5	1	0	0
0	258	G1	3	H	122	L1	7	S	68.0	68.0	0	0	0
0	249	A0	11	H	0	O0	-1	S	0.5	0.5	1	0	1
0	249	A0	2	H	0	O0	-1	S	0.5	0.5	1	0	0
0	102	T1	2	H	51	Q0	11	S	25.0	25.0	0	0	0
0	204	K1	6	H	0	O0	-1	S	0.5	0.5	1	0	1
0	204	K1	3	H	0	O0	-1	S	0.5	0.5	1	0	0
0	254	A1	11	H	107	E0	10	S	73.0	73.0	0	0	0
0	0	O0	-1	S	102	T1	5	C	0.5	0.5	1	0	1
0	0	O0	-1	S	102	T1	2	C	0.5	0.5	1	0	0
0	148	A1	9	S	60	I1	5	C	44.0	44.0	0	0	0
0	0	O0	-1	S	203	K0	4	H	0.5	0.5	1	0	1
0	0	O0	-1	S	203	K0	8	H	0.5	0.5	1	0	0
0	57	L0	8	S	296	E1	8	H	119.0	-119.0	0	0	0
0	210	E1	12	H	0	O0	-1	S	0.5	0.5	1	0	1
0	210	E1	10	H	0	O0	-1	S	0.5	0.5	1	0	0
0	31	K0	12	H	280	K1	3	S	124.0	-124.0	0	0	0
0	243	N0	9	H	245	F0	3	C	1.0	-1.0	0	1	1
0	243	N0	8	H	245	F0	6	C	1.0	-1.0	0	1	0
0	166	E1	8	H	0	O0	-1	S	0.5	0.5	1	0	1
0	166	E1	6	H	0	O0	-1	S	0.5	0.5	1	0	0
0	106	A1	5	H	152	L1	8	S	23.0	-23.0	0	0	0
0	133	T0	12	H	134	T1	1	H	0.0	0.0	0	1	1
0	133	T0	5	H	134	T1	2	H	0.0	0.0	0	1	0
0	218	E1	4	H	0	O0	-1	S	0.5	0.5	1	0	1
0	218	E1	1	H	0	O0	-1	S	0.5	0.5	1	0	0
0	289	K0	4	H	140	T1	2	S	75.0	75.0	0	0	0
0	144	L1	12	H	222	I1	11	H	39.0	-39.0	0	0	1
0	144	L1	3	H	222	I1	2	H	39.0	-39.0	0	0	0
0	266	K1	9	H	153	K0	1	H	56.0	56.0	0	0	0
0	302	Y1	4	C	0	O0	-1	S	0.5	0.5	1	0	1
0	302	Y1	3	C	0	O0	-1	S	0.5	0.5	1	0	0
0	110	M1	6	C	174	K1	6	S	32.0	-32.0	0	0	0
0	0	O0	-1	S	15	Q0	5	H	0.5	0.5	1	0	1
0	0	O0	-1	S	15	Q0	4	H	0.5	0.5	1	0	0
0	59	I0	6	S	105	A0	8	H	23.0	-23.0	0	0	0
0	288	A1	12	H	0	O0	-1	S	0.5	0.5	1	0	1
0	288	A1	5	H	0	O0	-1	S	0.5	0.5	1	0	0
0	286	A1	3	H	169	E0	12	S	58.0	58.0	0	0	0
0	20	V1	11	H	268	A1	12	H	124.0	-124.0	0	0	1
0	20	V1	12	H	268	A1	3	H	124.0	-124.0	0	0	0
0	270	L1	9	H	52	Q1	6	H	109.0	109.0	0	0	0
0	0	O0	-1	S	37	A0	6	H	0.5	0.5	1	0	1
0	0	O0	-1	S	37	A0	4	H	0.5	0.5	1	0	0
0	221	I0	2	S	44	A1	9	H	89.0	89.0	0	0	0
0	167	A0	12	H	168	A1	1	H	0.0	0.0	0	1	1
0	167	A0	11	H	168	A1	3	H	0.0	0.0	0	1	0
0	105	A0	9	H	107	E0	3	H	1.0	-1.0	0	1	1
0	105	A0	2	H	107	E0	11	H	1.0	-1.0	0	1	0
0	20	V1	3	H	260	A1	10	H	120.0	-120.0	0	0	1
0	20	V1	12	H	260	A1	3	H	120.0	-120.0	0	0	0
0	188	A1	2	H	114	A1	4	H	37.0	37.0	0	0	0
0	90	R1	9	C	120	D1	10	H	15.0	-15.0	0	0	1
0	90	R1	12	C	120	D1	6	H	15.0	-15.0	0	0	0
0	193	H0	5	C	66	F1	9	H	64.0	64.0	0	0	0
0	0	O0	-1	S	204	K1	4	H	0.5	0.5	1	0	1
0	0	O0	-1	S	204	K1	3	H	0.5	0.5	1	0	0
0	149	I0	11	S	288	A1	10	H	69.0	-69.0	0	0	0
0	0	O0	-1	S	105	A0	4	H	0.5	0.5	1	0	1
0	0	O0	-1	S	105	A0	6	H	0.5	0.5	1	0	0
0	167	A0	4	S	216	S1	9	H	24.0	-24.0	0	0	0
0	7	E0	4	H	0	O0	-1	S	0.5	0.5	1	0	1
0	7	E0	12	H	0	O0	-1	S	0.5	0.5	1	0	0
0	12	E1	2	H	150	I1	9	S	69.0	-69.0	0	0	0
0	18	L1	5	H	0	O0	-1	S	0.5	0.5	1	0	1
0	18	L1	4	H	0	O0	-1	S	0.5	0.5	1	0	0
0	86	F1	5	H	149	I0	2	S	32.0	-32.0	0	0	0
0	88	D1	7	C	0	O0	-1	S	0.5	0.5	1	0	1
0	88	D1	5	C	0	O0	-1	S	0.5	0.5	1	0	0
0	285	A0	4	C	164	H1	4	S	61.0	61.0	0	0	0
0	48	H1	8	H	138	L1	12	H	45.0	-45.0	0	0	1
0	48	H1	3	H	138	L1	5	H	45.0	-45.0	0	0	0
0	54	D1	2	H	95	H0	1	H	21.0	-21.0	0	0	0
0	5	S0	8	C	11	E0	7	H	3.0	-3.0	0	0	1
0	5	S0	2	C	11	E0	8	H	3.0	-3.0	0	0	0
0	135	V0	10	C	49	G0	5	H	43.0	43.0	0	0	0
0	161	H0	9	C	163	H0	3	C	1.0	-1.0	0	1	1
0	161	H0	7	C	163	H0	7	C	1.0	-1.0	0	1	0
0	84	K1	4	C	206	Y1	12	H	61.0	-61.0	0	0	1
0	84	K1	6	C	206	Y1	1	H	61.0	-61.0	0	0	0
0	168	A1	2	C	31	K0	10	H	68.0	68.0	0	0	0
0	271	E0	8	H	273	L0	3	H	1.0	-1.0	0	1	1
0	271	E0	6	H	273	L0	2	H	1.0	-1.0	0	1	0
0	111	K0	9	H	113	A0	3	C	1.0	-1.0	0	1	1
0	111	K0	12	H	113	A0	1	C	1.0	-1.0	0	1	0
0	236	R1	2	H	235	R0	11	H	0.0	0.0	0	1	1
0	236	R1	9	H	235	R0	10	H	0.0	0.0	0	1	0
0	188	A1	4	H	179	A0	9	H	4.0	4.0	0	0	1
0	188	A1	3	H	179	A0	7	H	4.0	4.0	0	0	0
0	115	S0	10	H	17	L0	5	H	49.0	49.0	0	0	0
0	197	I0	8	C	292	Y1	11	H	47.0	-47.0	0	0	1
0	197	I0	10	C	292	Y1	7	H	47.0	-47.0	0	0	0
0	261	M0	2	C	220	A1	4	H	21.0	21.0	0	0	0
0	156	K1	5	C	0	O0	-1	S	0.5	0.5	1	0	1
0	156	K1	1	C	0	O0	-1	S	0.5	0.5	1	0	0
0	273	L0	4	C	109	M0	9	S	82.0	82.0	0	0	0
0	0	O0	-1	S	287	A0	11	H	0.5	0.5	1	0	1
0	0	O0	-1	S	287	A0	8	H	0.5	0.5	1	0	0
0	137	L0	10	S	122	L1	8	H	8.0	8.0	0	0	0
0	24	H1	11	H	0	O0	-1	S	0.5	0.5	1	0	1
0	24	H1	1	H	0	O0	-1	S	0.5	0.5	1	0	0
0	233	S0	9	H	99	K0	5	S	67.0	67.0	0	0	0
0	192	K1	9	C	0	O0	-1	S	0.5	0.5	1	0	1
0	192	K1	2	C	0	O0	-1	S	0.5	0.5	1	0	0
0	277	R0	11	C	234	S1	3	S	22.0	22.0	0	0	0
0	222	I1	10	H	262	M1	10	H	20.0	-20.0	0	0	1
0	222	I1	2	H	262	M1	1	H	20.0	-20.0	0	0	0
0	128	H1	6	H	289	K0	5	H	81.0	-81.0	0	0	0
0	273	L0	11	H	274	L1	2	H	0.0	0.0	0	1	1
0	273	L0	10	H	274	L1	8	H	0.0	0.0	0	1	0
0	162	H1	5	C	0	O0	-1	S	0.5	0.5	1	0	1
0	162	H1	1	C	0	O0	-1	S	0.5	0.5	1	0	0
0	79	L0	7	C	95	H0	6	S	8.0	-8.0	0	0	0
0	225	H0	11	H	226	H1	2	H	0.0	0.0	0	1	1
0	225	H0	2	H	226	H1	1	H	0.0	0.0	0	1	0
0	152	L1	11	H	262	M1	6	H	55.0	-55.0	0	0	1
0	152	L1	5	H	262	M1	1	H	55.0	-55.0	0	0	0
0	172	L1	1	H	239	P0	12	H	34.0	-34.0	0	0	0
0	0	O0	-1	S	273	L0	5	H	0.5	0.5	1	0	1
0	0	O0	-1	S	273	L0	6	H	0.5	0.5	1	0	0
0	9	G0	7	S	8	E1	9	H	1.0	1.0	0	0	0
0	183	S0	6	H	192	K1	7	C	4.0	-4.0	0	0	1
0	183	S0	11	H	192	K1	2	C	4.0	-4.0	0	0	0
0	193	H0	5	H	50	G1	4	C	72.0	72.0	0	0	0
0	18	L1	8	H	260	A1	12	H	121.0	-121.0	0	0	1
0	18	L1	9	H	260	A1	9	H	121.0	-121.0	0	0	0
0	120	D1	5	H	291	Y0	1	H	86.0	-86.0	0	0	0
0	277	R0	12	H	278	R1	1	H	0.0	0.0	0	1	1
0	277	R0	4	H	278	R1	10	H	0.0	0.0	0	1	0
0	0	O0	-1	S	126	K1	6	H	0.5	0.5	1	0	1
0	0	O0	-1	S	126	K1	8	H	0.5	0.5	1	0	0
0	87	D0	4	S	120	D1	9	H	16.0	-16.0	0	0	0
0	67	K0	8	H	69	S0	3	H	1.0	-1.0	0	1	1
0	67	K0	4	H	69	S0	5	H	1.0	-1.0	0	1	0
0	49	G0	12	H	50	G1	1	H	0.0	0.0	0	1	1
0	49	G0	5	H	50	G1	4	H	0.0	0.0	0	1	0
0	0	O0	-1	S	256	Q1	8	H	0.5	0.5	1	0	1
0	0	O0	-1	S	256	Q1	4	H	0.5	0.5	1	0	0
0	47	H0	6	S	280	K1	3	H	116.0	-116.0	0	0	0
0	128	H1	1	H	134	T1	7	H	3.0	-3.0	0	0	1
0	128	H1	6	H	134	T1	2	H	3.0	-3.0	0	0	0
0	86	F1	3	H	273	L0	4	H	94.0	-94.0	0	0	0
0	178	L1	2	H	177	L0	11	H	0.0	0.0	0	1	1
0	178	L1	6	H	177	L0	2	H	0.0	0.0	0	1	0
0	36	E1	12	H	154	K1	4	H	59.0	-59.0	0	0	1
0	36	E1	9	H	154	K1	5	H	59.0	-59.0	0	0	0
0	152	L1	8	H	107	E0	11	H	22.0	22.0	0	0	0
0	0	O0	-1	S	148	A1	6	H	0.5	0.5	1	0	1
0	0	O0	-1	S	148	A1	9	H	0.5	0.5	1	0	0
0	171	L0	1	S	54	D1	9	H	59.0	59.0	0	0	0
0	43	A0	10	H	52	Q1	3	H	4.0	-4.0	0	0	1
0	43	A0	7	H	52	Q1	2	H	4.0	-4.0	0	0	0
0	142	A1	6	H	226	H1	3	H	42.0	-42.0	0	0	0
0	47	H0	8	H	49	G0	3	H	1.0	-1.0	0	1	1
0	47	H0	2	H	49	G0	5	H	1.0	-1.0	0	1	0
0	280	K1	9	H	0	O0	-1	S	0.5	0.5	1	0	1
0	280	K1	3	H	0	O0	-1	S	0.5	0.5	1	0	0
0	164	H1	4	H	247	G0	10	S	42.0	-42.0	0	0	0
0	162	H1	4	C	0	O0	-1	S	0.5	0.5	1	0	1
0	162	H1	1	C	0	O0	-1	S	0.5	0.5	1	0	0
0	186	H1	9	C	152	L1	12	S	17.0	17.0	0	0	0
0	131	V0	1	H	137	L0	7	H	3.0	-3.0	0	0	1
0	131	V0	11	H	137	L0	2	H	3.0	-3.0	0	0	0
0	171	L0	1	H	82	E1	6	H	45.0	45.0	0	0	0
0	227	V0	6	H	234	S1	7	H	3.0	-3.0	0	0	1
0	227	V0	5	H	234	S1	5	H	3.0	-3.0	0	0	0
0	92	F1	8	H	264	N1	8	H	86.0	-86.0	0	0	0
0	62	R1	5	H	0	O0	-1	S	0.5	0.5	1	0	1
0	62	R1	1	H	0	O0	-1	S	0.5	0.5	1	0	0
0	162	H1	1	H	285	A0	5	S	62.0	-62.0	0	0	0
0	24	H1	5	H	0	O0	-1	S	0.5	0.5	1	0	1
0	24	H1	8	H	0	O0	-1	S	0.5	0.5	1	0	0
0	103	E0	2	H	112	K1	9	S	4.0	-4.0	0	0	0
0	284	I1	8	H	202	I1	5	H	41.0	41.0	0	0	1
0	284	I1	5	H	202	I1	9	H	41.0	41.0	0	0	0
0	138	L1	9	H	5	S0	2	H	66.0	66.0	0	0	0
0	0	O0	-1	S	206	Y1	3	H	0.5	0.5	1	0	1
0	0	O0	-1	S	206	Y1	9	H	0.5	0.5	1	0	0
0	294	K1	1	S	50	G1	3	H	122.0	122.0	0	0	0
0	0	O0	-1	S	174	K1	7	H	0.5	0.5	1	0	1
0	0	O0	-1	S	174	K1	6	H	0.5	0.5	1	0	0
0	235	R0	1	S	148	A1	3	H	44.0	44.0	0	0	0
0	177	L0	9	H	185	H0	4	H	4.0	-4.0	0	0	1
0	177	L0	12	H	185	H0	5	H	4.0	-4.0	0	0	0
0	64	L1	2	H	118	E1	8	H	27.0	-27.0	0	0	0
0	0	O0	-1	S	286	A1	10	H	0.5	0.5	1	0	1
0	0	O0	-1	S	286	A1	3	H	0.5	0.5	1	0	0
0	62	R1	1	S	240	P1	4	H	89.0	-89.0	0	0	0
0	62	R1	10	H	218	E1	9	H	78.0	-78.0	0	0	1
0	62	R1	1	H	218	E1	7	H	78.0	-78.0	0	0	0
0	187	A0	5	H	106	A1	5	H	41.0	41.0	0	0	0
0	0	O0	-1	S	228	V1	6	H	0.5	0.5	1	0	1
0	0	O0	-1	S	228	V1	9	H	0.5	0.5	1	0	0
0	60	I1	9	S	127	H0	4	H	34.0	-34.0	0	0	0
0	140	T1	1	H	139	T0	12	H	0.0	0.0	0	1	1
0	140	T1	3	H	139	T0	4	H	0.0	0.0	0	1	0
0	123	K0	12	H	124	K1	1	H	0.0	0.0	0	1	1
0	123	K0	7	H	124	K1	6	H	0.0	0.0	0	1	0
0	226	H1	9	H	234	S1	4	H	4.0	-4.0	0	0	1
0	226	H1	1	H	234	S1	2	H	4.0	-4.0	0	0	0
0	42	V1	9	H	246	F1	3	H	102.0	-102.0	0	0	0
0	217	E0	8	H	219	A0	3	H	1.0	-1.0	0	1	1
0	217	E0	2	H	219	A0	7	H	1.0	-1.0	0	1	0
0	121	L0	9	H	129	G0	4	H	4.0	-4.0	0	0	1
0	121	L0	5	H	129	G0	8	H	4.0	-4.0	0	0	0
0	169	E0	12	H	6	S1	2	H	82.0	82.0	0	0	0
0	49	G0	9	H	57	L0	4	H	4.0	-4.0	0	0	1
0	49	G0	5	H	57	L0	8	H	4.0	-4.0	0	0	0
0	265	K0	6	H	290	K1	1	H	12.0	-12.0	0	0	0
0	287	A0	6	H	294	K1	7	H	3.0	-3.0	0	0	1
0	287	A0	5	H	294	K1	1	H	3.0	-3.0	0	0	0
0	266	K1	1	H	107	E0	11	H	79.0	79.0	0	0	0
0	231	H0	8	H	233	S0	3	H	1.0	-1.0	0	1	1
0	231	H0	1	H	233	S0	1	H	1.0	-1.0	0	1	0
0	194	H1	3	C	192	K1	8	C	1.0	1.0	0	0	1
0	194	H1	12	C	192	K1	2	C	1.0	1.0	0	0	0
0	59	I0	11	C	250	A1	5	C	95.0	-95.0	0	0	0
0	271	E0	12	H	272	E1	1	H	0.0	0.0	0	1	1
0	271	E0	11	H	272	E1	6	H	0.0	0.0	0	1	0
0	26	V1	5	H	243	N0	10	H	109.0	-109.0	0	0	1
0	26	V1	9	H	243	N0	12	H	109.0	-109.0	0	0	0
0	119	D0	12	H	197	I0	1	H	39.0	-39.0	0	0	0
0	35	E0	11	H	36	E1	2	H	0.0	0.0	0	1	1
0	35	E0	12	H	36	E1	6	H	0.0	0.0	0	1	0
0	204	K1	5	H	0	O0	-1	S	0.5	0.5	1	0	1
0	204	K1	3	H	0	O0	-1	S	0.5	0.5	1	0	0
0	75	E0	4	H	226	H1	8	S	75.0	-75.0	0	0	0
0	147	A0	12	H	148	A1	1	H	0.0	0.0	0	1	1
0	147	A0	2	H	148	A1	8	H	0.0	0.0	0	1	0
0	22	L1	10	H	0	O0	-1	S	0.5	0.5	1	0	1
0	22	L1	6	H	0	O0	-1	S	0.5	0.5	1	0	0
0	203	K0	5	H	118	E1	1	S	43.0	43.0	0	0	0
0	266	K1	12	H	0	O0	-1	S	0.5	0.5	1	0	1
0	266	K1	9	H	0	O0	-1	S	0.5	0.5	1	0	0
0	199	P0	7	H	63	L0	11	S	68.0	68.0	0	0	0
0	153	K0	7	H	147	A0	1	H	3.0	3.0	0	0	1
0	153	K0	11	H	147	A0	8	H	3.0	3.0	0	0	0
0	207	L0	4	H	127	H0	6	H	40.0	40.0	0	0	0
0	203	K0	12	H	0	O0	-1	S	0.5	0.5	1	0	1
0	203	K0	8	H	0	O0	-1	S	0.5	0.5	1	0	0
0	87	D0	4	H	174	K1	11	S	43.0	-43.0	0	0	0
0	175	P0	5	H	182	Q1	7	H	3.0	-3.0	0	0	1
0	175	P0	12	H	182	Q1	5	H	3.0	-3.0	0	0	0
0	32	K1	3	H	234	S1	5	H	101.0	-101.0	0	0	0
0	184	S1	10	H	194	H1	7	C	5.0	-5.0	0	0	1
0	184	S1	3	H	194	H1	6	C	5.0	-5.0	0	0	0
0	194	H1	12	H	20	V1	9	C	87.0	87.0	0	0	0
0	186	H1	11	H	0	O0	-1	S	0.5	0.5	1	0	1
0	186	H1	9	H	0	O0	-1	S	0.5	0.5	1	0	0
0	266	K1	1	H	242	G1	9	S	12.0	12.0	0	0	0
0	30	A1	6	H	0	O0	-1	S	0.5	0.5	1	0	1
0	30	A1	8	H	0	O0	-1	S	0.5	0.5	1	0	0
0	236	R1	9	H	212	F1	9	S	12.0	12.0	0	0	0
0	48	H1	5	H	236	R1	8	H	94.0	-94.0	0	0	1
0	48	H1	1	H	236	R1	9	H	94.0	-94.0	0	0	0
0	156	K1	4	H	52	Q1	11	H	52.0	52.0	0	0	0
0	263	N0	4	H	255	Q0	9	H	4.0	4.0	0	0	1
0	263	N0	5	H	255	Q0	11	H	4.0	4.0	0	0	0
0	132	V1	8	H	26	V1	9	H	53.0	53.0	0	0	0
0	281	D0	11	H	282	D1	2	H	0.0	0.0	0	1	1
0	281	D0	5	H	282	D1	9	H	0.0	0.0	0	1	0
0	32	K1	11	H	0	O0	-1	S	0.5	0.5	1	0	1
0	32	K1	5	H	0	O0	-1	S	0.5	0.5	1	0	0
0	55	I0	2	H	171	L0	12	S	58.0	-58.0	0	0	0
0	71	H0	10	C	76	E1	2	H	2.0	-2.0	0	0	1
0	71	H0	12	C	76	E1	9	H	2.0	-2.0	0	0	0
0	176	P1	9	C	169	E0	8	H	3.0	3.0	0	0	0
0	44	A1	10	H	124	K1	9	H	40.0	-40.0	0	0	1
0	44	A1	6	H	124	K1	6	H	40.0	-40.0	0	0	0
0	187	A0	10	H	108	E1	10	H	40.0	40.0	0	0	0
0	22	L1	8	H	0	O0	-1	S	0.5	0.5	1	0	1
0	22	L1	1	H	0	O0	-1	S	0.5	0.5	1	0	0
0	117	E0	1	H	62	R1	7	S	28.0	28.0	0	0	0
0	251	D0	8	H	253	A0	3	H	1.0	-1.0	0	1	1
0	251	D0	7	H	253	A0	8	H	1.0	-1.0	0	1	0
0	124	K1	11	H	0	O0	-1	S	0.5	0.5	1	0	1
0	124	K1	2	H	0	O0	-1	S	0.5	0.5	1	0	0
0	171	L0	7	H	42	V1	9	S	65.0	65.0	0	0	0
0	0	O0	-1	S	296	E1	5	H	0.5	0.5	1	0	1
0	0	O0	-1	S	296	E1	10	H	0.5	0.5	1	0	0
0	53	D0	5	S	191	K0	10	H	69.0	-69.0	0	0	0
0	233	S0	12	H	234	S1	1	H	0.0	0.0	0	1	1
0	233	S0	1	H	234	S1	9	H	0.0	0.0	0	1	0
0	77	T0	8	H	79	L0	3	H	1.0	-1.0	0	1	1
0	77	T0	1	H	79	L0	2	H	1.0	-1.0	0	1	0
0	106	A1	11	H	0	O0	-1	S	0.5	0.5	1	0	1
0	106	A1	9	H	0	O0	-1	S	0.5	0.5	1	0	0
0	115	S0	10	H	289	K0	8	S	87.0	-87.0	0	0	0
0	93	K0	8	C	0	O0	-1	S	0.5	0.5	1	0	1
0	93	K0	2	C	0	O0	-1	S	0.5	0.5	1	0	0
0	49	G0	11	C	210	E1	3	S	80.0	-80.0	0	0	0
0	214	I1	1	H	213	I0	12	H	0.0	0.0	0	1	1
0	214	I1	3	H	213	I0	1	H	0.0	0.0	0	1	0
0	203	K0	11	H	204	K1	2	H	0.0	0.0	0	1	1
0	203	K0	8	H	204	K1	3	H	0.0	0.0	0	1	0
0	28	W1	9	H	36	E1	3	H	4.0	-4.0	0	0	1
0	28	W1	4	H	36	E1	6	H	4.0	-4.0	0	0	0
0	149	I0	11	H	277	R0	4	H	64.0	-64.0	0	0	0
0	71	H0	9	C	73	P0	3	H	1.0	-1.0	0	1	1
0	71	H0	11	C	73	P0	8	H	1.0	-1.0	0	1	0
0	88	D1	10	C	0	O0	-1	S	0.5	0.5	1	0	1
0	88	D1	5	C	0	O0	-1	S	0.5	0.5	1	0	0
0	26	V1	9	C	12	E1	12	S	7.0	7.0	0	0	0
0	186	H1	10	H	198	I1	7	C	6.0	-6.0	0	0	1
0	186	H1	9	H	198	I1	11	C	6.0	-6.0	0	0	0
0	208	L1	11	H	258	G1	3	C	25.0	-25.0	0	0	0
0	76	E1	10	H	206	Y1	5	H	65.0	-65.0	0	0	1
0	76	E1	9	H	206	Y1	6	H	65.0	-65.0	0	0	0
0	125	K0	11	H	10	G1	9	H	58.0	58.0	0	0	0
0	194	H1	11	C	0	O0	-1	S	0.5	0.5	1	0	1
0	194	H1	6	C	0	O0	-1	S	0.5	0.5	1	0	0
0	133	T0	10	C	68	K1	12	S	33.0	33.0	0	0	0
0	167	A0	6	H	0	O0	-1	S	0.5	0.5	1	0	1
0	167	A0	4	H	0	O0	-1	S	0.5	0.5	1	0	0
0	47	H0	4	H	185	H0	5	S	69.0	-69.0	0	0	0
0	258	G1	12	H	0	O0	-1	S	0.5	0.5	1	0	1
0	258	G1	6	H	0	O0	-1	S	0.5	0.5	1	0	0
0	300	G1	6	H	129	G0	2	S	85.0	85.0	0	0	0
0	0	O0	-1	S	2	V1	7	C	0.5	0.5	1	0	1
0	0	O0	-1	S	2	V1	6	C	0.5	0.5	1	0	0
0	220	A1	11	S	166	E1	6	C	27.0	27.0	0	0	0
0	84	K1	5	C	0	O0	-1	S	0.5	0.5	1	0	1
0	84	K1	1	C	0	O0	-1	S	0.5	0.5	1	0	0
0	104	E1	5	C	25	V0	4	S	39.0	39.0	0	0	0
0	17	L0	7	H	11	E0	1	H	3.0	3.0	0	0	1
0	17	L0	12	H	11	E0	11	H	3.0	3.0	0	0	0
0	129	G0	8	H	93	K0	11	H	18.0	18.0	0	0	0
0	26	V1	8	H	262	M1	4	H	118.0	-118.0	0	0	1
0	26	V1	11	H	262	M1	11	H	118.0	-118.0	0	0	0
0	271	E0	11	H	243	N0	8	H	14.0	14.0	0	0	0
0	181	Q0	5	H	298	L1	12	H	58.0	-58.0	0	0	1
0	181	Q0	11	H	298	L1	9	H	58.0	-58.0	0	0	0
0	153	K0	11	H	121	L0	12	H	16.0	16.0	0	0	0
0	16	Q1	11	H	0	O0	-1	S	0.5	0.5	1	0	1
0	16	Q1	4	H	0	O0	-1	S	0.5	0.5	1	0	0
0	19	V0	11	H	241	G0	2	S	111.0	-111.0	0	0	0
0	199	P0	10	C	203	K0	7	H	2.0	-2.0	0	0	1
0	199	P0	5	C	203	K0	5	H	2.0	-2.0	0	0	0
0	184	S1	12	C	149	I0	9	H	17.0	17.0	0	0	0
0	276	F1	10	H	0	O0	-1	S	0.5	0.5	1	0	1
0	276	F1	3	H	0	O0	-1	S	0.5	0.5	1	0	0
0	168	A1	9	H	228	V1	9	S	30.0	-30.0	0	0	0
0	103	E0	12	H	104	E1	1	H	0.0	0.0	0	1	1
0	103	E0	8	H	104	E1	5	H	0.0	0.0	0	1	0
0	39	D0	6	H	0	O0	-1	S	0.5	0.5	1	0	1
0	39	D0	12	H	0	O0	-1	S	0.5	0.5	1	0	0
0	206	Y1	1	H	78	T1	3	S	64.0	64.0	0	0	0
0	38	A1	5	H	0	O0	-1	S	0.5	0.5	1	0	1
0	38	A1	10	H	0	O0	-1	S	0.5	0.5	1	0	0
0	163	H0	7	H	200	P1	5	S	18.0	-18.0	0	0	0
0	137	L0	11	H	138	L1	2	H	0.0	0.0	0	1	1
0	137	L0	6	H	138	L1	11	H	0.0	0.0	0	1	0
0	287	A0	12	H	288	A1	1	H	0.0	0.0	0	1	1
0	287	A0	5	H	288	A1	10	H	0.0	0.0	0	1	0
0	118	E1	5	H	0	O0	-1	S	0.5	0.5	1	0	1
0	118	E1	1	H	0	O0	-1	S	0.5	0.5	1	0	0
0	75	E0	1	H	171	L0	12	S	48.0	-48.0	0	0	0
0	0	O0	-1	S	156	K1	6	C	0.5	0.5	1	0	1
0	0	O0	-1	S	156	K1	1	C	0.5	0.5	1	0	0
0	284	I1	10	S	36	E1	9	C	124.0	124.0	0	0	0
0	0	O0	-1	S	84	K1	9	C	0.5	0.5	1	0	1
0	0	O0	-1	S	84	K1	6	C	0.5	0.5	1	0	0
0	242	G1	8	S	279	K0	10	C	19.0	-19.0	0	0	0
0	56	I1	11	H	222	I1	5	H	83.0	-83.0	0	0	1
0	56	I1	2	H	222	I1	12	H	83.0	-83.0	0	0	0
0	4	L1	2	H	145	G0	6	H	71.0	-71.0	0	0	0
0	240	P1	12	H	0	O0	-1	S	0.5	0.5	1	0	1
0	240	P1	9	H	0	O0	-1	S	0.5	0.5	1	0	0
0	145	G0	5	H	213	I0	8	S	34.0	-34.0	0	0	0
0	2	V1	4	C	0	O0	-1	S	0.5	0.5	1	0	1
0	2	V1	3	C	0	O0	-1	S	0.5	0.5	1	0	0
0	288	A1	2	C	51	Q0	5	S	118.0	118.0	0	0	0
0	197	I0	2	C	302	Y1	10	C	52.0	-52.0	0	0	1
0	197	I0	12	C	302	Y1	3	C	52.0	-52.0	0	0	0
0	277	R0	10	C	23	H0	2	C	127.0	127.0	0	0	0
0	121	L0	11	H	122	L1	2	H	0.0	0.0	0	1	1
0	121	L0	12	H	122	L1	8	H	0.0	0.0	0	1	0
0	147	A0	4	H	139	T0	9	H	4.0	4.0	0	0	1
0	147	A0	2	H	139	T0	4	H	4.0	4.0	0	0	0
0	0	O0	2	H	44	A1	12	H	0.5	0.5	1	0	0
0	43	A0	12	H	44	A1	1	H	0.0	0.0	0	1	1
0	43	A0	7	H	44	A1	12	H	0.0	0.0	0	1	0
0	286	A1	6	H	0	O0	-1	S	0.5	0.5	1	0	1
0	286	A1	2	H	0	O0	-1	S	0.5	0.5	1	0	0
0	270	L1	9	H	116	S1	2	S	77.0	77.0	0	0	0
0	88	D1	4	C	0	O0	-1	S	0.5	0.5	1	0	1
0	88	D1	5	C	0	O0	-1	S	0.5	0.5	1	0	0
0	155	K0	7	C	67	K0	11	S	44.0	44.0	0	0	0
0	203	K0	4	H	0	O0	-1	S	0.5	0.5	1	0	1
0	203	K0	5	H	0	O0	-1	S	0.5	0.5	1	0	0
0	258	G1	4	H	250	A1	3	S	4.0	4.0	0	0	0
0	302	Y1	9	C	0	O0	-1	S	0.5	0.5	1	0	1
0	302	Y1	3	C	0	O0	-1	S	0.5	0.5	1	0	0
0	100	K1	5	C	68	K1	5	S	16.0	16.0	0	0	0
0	299	G0	6	C	0	O0	-1	S	0.5	0.5	1	0	1
0	299	G0	7	C	0	O0	-1	S	0.5	0.5	1	0	0
0	127	H0	2	C	210	E1	3	S	41.0	-41.0	0	0	0
0	0	O0	-1	S	82	E1	12	C	0.5	0.5	1	0	1
0	0	O0	-1	S	82	E1	3	C	0.5	0.5	1	0	0
0	110	M1	2	S	183	S0	11	C	37.0	-37.0	0	0	0
0	16	Q1	10	H	0	O0	-1	S	0.5	0.5	1	0	1
0	16	Q1	4	H	0	O0	-1	S	0.5	0.5	1	0	0
0	87	D0	12	H	50	G1	11	S	19.0	19.0	0	0	0
0	0	O0	-1	S	196	K1	11	C	0.5	0.5	1	0	1
0	0	O0	-1	S	196	K1	9	C	0.5	0.5	1	0	0
0	297	L0	1	S	58	L1	6	C	120.0	120.0	0	0	0
0	0	O0	-1	S	241	G0	6	H	0.5	0.5	1	0	1
0	0	O0	-1	S	241	G0	7	H	0.5	0.5	1	0	0
0	122	L1	1	S	134	T1	2	H	6.0	-6.0	0	0	0
0	284	I1	2	H	283	I0	11	H	0.0	0.0	0	1	1
0	284	I1	1	H	283	I0	10	H	0.0	0.0	0	1	0
0	302	Y1	6	C	0	O0	-1	S	0.5	0.5	1	0	1
0	302	Y1	3	C	0	O0	-1	S	0.5	0.5	1	0	0
0	90	R1	12	C	236	R1	9	S	73.0	-73.0	0	0	0
0	230	L1	8	H	246	F1	12	C	8.0	-8.0	0	0	1
0	230	L1	1	H	246	F1	3	C	8.0	-8.0	0	0	0
0	200	P1	5	H	76	E1	9	C	62.0	62.0	0	0	0
0	92	F1	11	C	122	L1	5	H	15.0	-15.0	0	0	1
0	92	F1	1	C	122	L1	1	H	15.0	-15.0	0	0	0
0	89	R0	2	C	282	D1	1	H	96.0	-96.0	0	0	0
0	92	F1	7	C	86	F1	10	C	3.0	3.0	0	0	1
0	92	F1	1	C	86	F1	3	C	3.0	3.0	0	0	0
0	157	K0	11	C	50	G1	3	C	54.0	54.0	0	0	0
0	102	T1	11	C	0	O0	-1	S	0.5	0.5	1	0	1
0	102	T1	2	C	0	O0	-1	S	0.5	0.5	1	0	0
0	215	S0	5	C	34	V1	2	S	91.0	91.0	0	0	0
0	252	D1	6	H	0	O0	-1	S	0.5	0.5	1	0	1
0	252	D1	3	H	0	O0	-1	S	0.5	0.5	1	0	0
0	125	K0	2	H	291	Y0	10	S	83.0	-83.0	0	0	0
0	0	O0	-1	S	86	F1	6	C	0.5	0.5	1	0	1
0	0	O0	-1	S	86	F1	4	C	0.5	0.5	1	0	0
0	33	V0	4	S	196	K1	9	C	81.0	-81.0	0	0	0
0	155	K0	1	C	158	K1	2	C	1.0	-1.0	0	0	1
0	155	K0	12	C	158	K1	9	C	1.0	-1.0	0	0	0
0	152	L1	1	C	288	A1	9	C	68.0	-68.0	0	0	0
0	0	O0	-1	S	178	L1	3	H	0.5	0.5	1	0	1
0	0	O0	-1	S	178	L1	5	H	0.5	0.5	1	0	0
0	90	R1	12	S	122	L1	7	H	16.0	-16.0	0	0	0
0	219	A0	4	H	211	F0	9	H	4.0	4.0	0	0	1
0	219	A0	2	H	211	F0	12	H	4.0	4.0	0	0	0
0	87	D0	6	H	120	D1	6	H	16.0	-16.0	0	0	0
0	297	L0	6	H	0	O0	-1	S	0.5	0.5	1	0	1
0	297	L0	2	H	0	O0	-1	S	0.5	0.5	1	0	0
0	3	L0	4	H	172	L1	6	S	84.0	-84.0	0	0	0
0	249	A0	7	H	0	O0	-1	S	0.5	0.5	1	0	1
0	249	A0	2	H	0	O0	-1	S	0.5	0.5	1	0	0
0	242	G1	6	H	197	I0	1	S	22.0	22.0	0	0	0
0	0	O0	-1	S	142	A1	11	H	0.5	0.5	1	0	1
0	0	O0	-1	S	142	A1	8	H	0.5	0.5	1	0	0
0	24	H1	1	S	106	A1	2	H	41.0	-41.0	0	0	0
0	204	K1	1	H	210	E1	7	H	3.0	-3.0	0	0	1
0	204	K1	3	H	210	E1	10	H	3.0	-3.0	0	0	0
0	182	Q1	5	H	120	D1	6	H	31.0	31.0	0	0	0
0	253	A0	6	H	260	A1	7	H	3.0	-3.0	0	0	1
0	253	A0	11	H	260	A1	4	H	3.0	-3.0	0	0	0
0	232	H1	3	H	168	A1	9	H	32.0	32.0	0	0	0
0	299	G0	5	C	0	O0	-1	S	0.5	0.5	1	0	1
0	299	G0	8	C	0	O0	-1	S	0.5	0.5	1	0	0
0	196	K1	9	C	280	K1	3	S	42.0	-42.0	0	0	0
0	216	S1	12	H	278	R1	4	H	31.0	-31.0	0	0	1
0	216	S1	8	H	278	R1	9	H	31.0	-31.0	0	0	0
0	21	L0	4	H	48	H1	6	H	13.0	-13.0	0	0	0
0	29	A0	1	H	35	E0	7	H	3.0	-3.0	0	0	1
0	29	A0	6	H	35	E0	8	H	3.0	-3.0	0	0	0
0	293	K0	2	H	217	E0	2	H	38.0	38.0	0	0	0
0	0	O0	-1	S	193	H0	6	C	0.5	0.5	1	0	1
0	0	O0	-1	S	193	H0	2	C	0.5	0.5	1	0	0
0	9	G0	5	S	106	A1	2	C	48.0	-48.0	0	0	0
0	82	E1	4	C	0	O0	-1	S	0.5	0.5	1	0	1
0	82	E1	3	C	0	O0	-1	S	0.5	0.5	1	0	0
0	116	S1	7	C	83	K0	2	S	16.0	16.0	0	0	0
0	135	V0	12	H	136	V1	1	H	0.0	0.0	0	1	1
0	135	V0	11	H	136	V1	11	H	0.0	0.0	0	1	0
0	95	H0	10	C	0	O0	-1	S	0.5	0.5	1	0	1
0	95	H0	4	C	0	O0	-1	S	0.5	0.5	1	0	0
0	244	N1	1	C	147	A0	2	S	48.0	48.0	0	0	0
0	170	E1	6	H	0	O0	-1	S	0.5	0.5	1	0	1
0	170	E1	3	H	0	O0	-1	S	0.5	0.5	1	0	0
0	43	A0	2	H	296	E1	8	S	126.0	-126.0	0	0	0
0	51	Q0	1	H	57	L0	7	H	3.0	-3.0	0	0	1
0	51	Q0	11	H	57	L0	2	H	3.0	-3.0	0	0	0
0	282	D1	1	H	180	A1	10	H	51.0	51.0	0	0	0
0	36	E1	1	H	42	V1	4	H	3.0	-3.0	0	0	1
0	36	E1	9	H	42	V1	2	H	3.0	-3.0	0	0	0
0	38	A1	3	H	166	E1	2	H	64.0	-64.0	0	0	0
0	296	E1	5	H	0	O0	-1	S	0.5	0.5	1	0	1
0	296	E1	12	H	0	O0	-1	S	0.5	0.5	1	0	0
0	77	T0	1	H	31	K0	8	S	23.0	23.0	0	0	0
0	148	A1	12	H	0	O0	-1	S	0.5	0.5	1	0	1
0	148	A1	8	H	0	O0	-1	S	0.5	0.5	1	0	0
0	77	T0	2	H	280	K1	3	S	101.0	-101.0	0	0	0
0	87	D0	11	C	88	D1	2	C	0.0	0.0	0	1	1
0	87	D0	12	C	88	D1	5	C	0.0	0.0	0	1	0
0	97	L0	7	C	93	K0	1	C	2.0	2.0	0	0	1
0	97	L0	12	C	93	K0	6	C	2.0	2.0	0	0	0
0	186	H1	5	C	84	K1	1	C	51.0	51.0	0	0	0
0	247	G0	4	C	241	G0	1	H	3.0	3.0	0	0	1
0	247	G0	7	C	241	G0	2	H	3.0	3.0	0	0	0
0	250	A1	5	C	100	K1	5	H	75.0	75.0	0	0	0
0	89	R0	8	C	92	F1	2	C	1.0	-1.0	0	0	1
0	89	R0	11	C	92	F1	1	C	1.0	-1.0	0	0	0
0	296	E1	3	C	271	E0	2	C	12.0	12.0	0	0	0
0	237	H0	10	C	243	N0	7	H	3.0	-3.0	0	0	1
0	237	H0	11	C	243	N0	8	H	3.0	-3.0	0	0	0
0	226	H1	3	C	122	L1	1	H	52.0	52.0	0	0	0
0	0	O0	-1	S	175	P0	4	H	0.5	0.5	1	0	1
0	0	O0	-1	S	175	P0	2	H	0.5	0.5	1	0	0
0	228	V1	5	S	77	T0	11	H	75.0	75.0	0	0	0
0	6	S1	11	C	0	O0	-1	S	0.5	0.5	1	0	1
0	6	S1	2	C	0	O0	-1	S	0.5	0.5	1	0	0
0	296	E1	12	C	49	G0	5	S	123.0	123.0	0	0	0
0	192	K1	6	C	0	O0	-1	S	0.5	0.5	1	0	1
0	192	K1	2	C	0	O0	-1	S	0.5	0.5	1	0	0
0	212	F1	9	C	230	L1	6	S	9.0	-9.0	0	0	0
0	0	O0	-1	S	239	P0	10	H	0.5	0.5	1	0	1
0	0	O0	-1	S	239	P0	6	H	0.5	0.5	1	0	0
0	221	I0	11	S	298	L1	4	H	38.0	-38.0	0	0	0
0	74	P1	4	H	0	O0	-1	S	0.5	0.5	1	0	1
0	74	P1	6	H	0	O0	-1	S	0.5	0.5	1	0	0
0	243	N0	1	H	193	H0	11	S	25.0	25.0	0	0	0
0	20	V1	1	H	19	V0	12	H	0.0	0.0	0	1	1
0	20	V1	9	H	19	V0	5	H	0.0	0.0	0	1	0
0	263	N0	10	H	272	E1	3	H	4.0	-4.0	0	0	1
0	263	N0	5	H	272	E1	2	H	4.0	-4.0	0	0	0
0	230	L1	6	H	152	L1	1	H	39.0	39.0	0	0	0
0	267	A0	6	H	274	L1	7	H	3.0	-3.0	0	0	1
0	267	A0	11	H	274	L1	5	H	3.0	-3.0	0	0	0
0	60	I1	5	H	218	E1	1	H	79.0	-79.0	0	0	0
0	286	A1	12	H	0	O0	-1	S	0.5	0.5	1	0	1
0	286	A1	2	H	0	O0	-1	S	0.5	0.5	1	0	0
0	68	K1	12	H	273	L0	10	S	103.0	-103.0	0	0	0
0	243	N0	4	H	0	O0	-1	S	0.5	0.5	1	0	1
0	243	N0	1	H	0	O0	-1	S	0.5	0.5	1	0	0
0	299	G0	8	H	77	T0	10	S	111.0	111.0	0	0	0
0	115	S0	7	C	109	M0	1	H	3.0	3.0	0	0	1
0	115	S0	2	C	109	M0	9	H	3.0	3.0	0	0	0
0	73	P0	8	C	276	F1	12	H	101.0	-101.0	0	0	0
0	273	L0	8	H	275	F0	3	H	1.0	-1.0	0	1	1
0	273	L0	4	H	275	F0	7	H	1.0	-1.0	0	1	0
0	294	K1	11	H	0	O0	-1	S	0.5	0.5	1	0	1
0	294	K1	1	H	0	O0	-1	S	0.5	0.5	1	0	0
0	214	I1	8	H	118	E1	3	S	48.0	48.0	0	0	0
0	286	A1	10	H	0	O0	-1	S	0.5	0.5	1	0	1
0	286	A1	9	H	0	O0	-1	S	0.5	0.5	1	0	0
0	195	K0	4	H	210	E1	8	S	7.0	-7.0	0	0	0
0	285	A0	12	H	286	A1	1	H	0.0	0.0	0	1	1
0	285	A0	11	H	286	A1	9	H	0.0	0.0	0	1	0
0	88	D1	8	C	0	O0	-1	S	0.5	0.5	1	0	1
0	88	D1	5	C	0	O0	-1	S	0.5	0.5	1	0	0
0	153	K0	11	C	90	R1	12	S	32.0	32.0	0	0	0
0	80	L1	6	H	91	F0	8	C	6.0	-6.0	0	0	1
0	80	L1	11	H	91	F0	10	C	6.0	-6.0	0	0	0
0	195	K0	2	H	178	L1	6	C	9.0	9.0	0	0	0
0	120	D1	12	H	0	O0	-1	S	0.5	0.5	1	0	1
0	120	D1	3	H	0	O0	-1	S	0.5	0.5	1	0	0
0	195	K0	4	H	259	A0	2	S	32.0	-32.0	0	0	0
0	299	G0	10	C	0	O0	-1	S	0.5	0.5	1	0	1
0	299	G0	8	C	0	O0	-1	S	0.5	0.5	1	0	0
0	141	A0	10	C	196	K1	9	S	27.0	-27.0	0	0	0
0	175	P0	7	H	176	P1	6	H	0.0	0.0	0	1	1
0	175	P0	12	H	176	P1	1	H	0.0	0.0	0	1	0
0	87	D0	1	C	93	K0	7	C	3.0	-3.0	0	0	1
0	87	D0	9	C	93	K0	6	C	3.0	-3.0	0	0	0
0	207	L0	7	C	157	K0	4	C	25.0	25.0	0	0	0
0	8	E1	4	H	0	O0	-1	S	0.5	0.5	1	0	1
0	8	E1	1	H	0	O0	-1	S	0.5	0.5	1	0	0
0	271	E0	11	H	168	A1	9	S	52.0	52.0	0	0	0
0	232	H1	10	H	0	O0	-1	S	0.5	0.5	1	0	1
0	232	H1	3	H	0	O0	-1	S	0.5	0.5	1	0	0
0	222	I1	6	H	137	L0	12	S	42.0	42.0	0	0	0
0	18	L1	11	H	252	D1	10	H	117.0	-117.0	0	0	1
0	18	L1	9	H	252	D1	8	H	117.0	-117.0	0	0	0
0	1	V0	11	H	171	L0	5	H	85.0	-85.0	0	0	0
0	165	E0	1	H	172	L1	7	H	3.0	-3.0	0	0	1
0	165	E0	11	H	172	L1	1	H	3.0	-3.0	0	0	0
0	177	L0	7	H	245	F0	12	H	34.0	-34.0	0	0	0
0	37	A0	6	H	0	O0	-1	S	0.5	0.5	1	0	1
0	37	A0	5	H	0	O0	-1	S	0.5	0.5	1	0	0
0	219	A0	11	H	49	G0	2	S	85.0	85.0	0	0	0
0	185	H0	11	H	186	H1	2	H	0.0	0.0	0	1	1
0	185	H0	5	H	186	H1	4	H	0.0	0.0	0	1	0
0	36	E1	4	H	145	G0	11	H	55.0	-55.0	0	0	1
0	36	E1	6	H	145	G0	5	H	55.0	-55.0	0	0	0
0	115	S0	10	H	146	G1	6	H	15.0	-15.0	0	0	0
0	236	R1	5	H	0	O0	-1	S	0.5	0.5	1	0	1
0	236	R1	9	H	0	O0	-1	S	0.5	0.5	1	0	0
0	105	A0	2	H	279	K0	5	S	87.0	-87.0	0	0	0
0	73	P0	10	H	0	O0	-1	S	0.5	0.5	1	0	1
0	73	P0	1	H	0	O0	-1	S	0.5	0.5	1	0	0
0	279	K0	11	H	95	H0	7	S	92.0	92.0	0	0	0
0	178	L1	12	H	276	F1	6	H	49.0	-49.0	0	0	1
0	178	L1	6	H	276	F1	8	H	49.0	-49.0	0	0	0
0	217	E0	12	H	296	E1	3	H	39.0	-39.0	0	0	0
0	185	H0	9	H	187	A0	3	H	1.0	-1.0	0	1	1
0	185	H0	1	H	187	A0	2	H	1.0	-1.0	0	1	0
0	17	L0	11	H	18	L1	2	H	0.0	0.0	0	1	1
0	17	L0	5	H	18	L1	9	H	0.0	0.0	0	1	0
0	107	E0	9	H	115	S0	4	C	4.0	-4.0	0	0	1
0	107	E0	11	H	115	S0	2	C	4.0	-4.0	0	0	0
0	137	L0	10	H	122	L1	1	C	8.0	8.0	0	0	0
0	6	S1	10	C	10	G1	7	H	2.0	-2.0	0	0	1
0	6	S1	2	C	10	G1	2	H	2.0	-2.0	0	0	0
0	38	A1	2	C	191	K0	4	H	77.0	-77.0	0	0	0
0	118	E1	4	H	0	O0	-1	S	0.5	0.5	1	0	1
0	118	E1	3	H	0	O0	-1	S	0.5	0.5	1	0	0
0	194	H1	12	H	290	K1	10	S	48.0	-48.0	0	0	0
0	168	A1	12	H	0	O0	-1	S	0.5	0.5	1	0	1
0	168	A1	3	H	0	O0	-1	S	0.5	0.5	1	0	0
0	15	Q0	2	H	280	K1	3	S	132.0	-132.0	0	0	0
0	215	S0	12	H	216	S1	1	H	0.0	0.0	0	1	1
0	215	S0	10	H	216	S1	8	H	0.0	0.0	0	1	0
0	54	D1	11	H	0	O0	-1	S	0.5	0.5	1	0	1
0	54	D1	5	H	0	O0	-1	S	0.5	0.5	1	0	0
0	280	K1	3	H	108	E1	2	S	86.0	86.0	0	0	0
0	112	K1	12	H	0	O0	-1	S	0.5	0.5	1	0	1
0	112	K1	9	H	0	O0	-1	S	0.5	0.5	1	0	0
0	152	L1	8	H	150	I1	3	S	1.0	1.0	0	0	0
0	79	L0	12	H	80	L1	1	H	0.0	0.0	0	1	1
0	79	L0	7	H	80	L1	8	H	0.0	0.0	0	1	0
0	11	E0	5	H	0	O0	-1	S	0.5	0.5	1	0	1
0	11	E0	8	H	0	O0	-1	S	0.5	0.5	1	0	0
0	50	G1	2	H	270	L1	9	S	110.0	-110.0	0	0	0
0	74	P1	10	H	0	O0	-1	S	0.5	0.5	1	0	1
0	74	P1	6	H	0	O0	-1	S	0.5	0.5	1	0	0
0	125	K0	11	H	218	E1	1	S	46.0	-46.0	0	0	0
0	217	E0	6	H	224	I1	7	H	3.0	-3.0	0	0	1
0	217	E0	2	H	224	I1	9	H	3.0	-3.0	0	0	0
0	37	A0	2	H	160	G1	12	H	61.0	-61.0	0	0	0
0	41	V0	12	H	42	V1	1	H	0.0	0.0	0	1	1
0	41	V0	2	H	42	V1	9	H	0.0	0.0	0	1	0
0	239	P0	7	H	240	P1	6	H	0.0	0.0	0	1	1
0	239	P0	6	H	240	P1	4	H	0.0	0.0	0	1	0
0	244	N1	2	H	243	N0	11	H	0.0	0.0	0	1	1
0	244	N1	7	H	243	N0	6	H	0.0	0.0	0	1	0
0	296	E1	11	H	0	O0	-1	S	0.5	0.5	1	0	1
0	296	E1	3	H	0	O0	-1	S	0.5	0.5	1	0	0
0	9	G0	10	H	105	A0	8	S	48.0	-48.0	0	0	0
0	8	E1	11	H	0	O0	-1	S	0.5	0.5	1	0	1
0	8	E1	1	H	0	O0	-1	S	0.5	0.5	1	0	0
0	122	L1	8	H	240	P1	4	S	59.0	-59.0	0	0	0
0	173	K0	7	H	167	A0	1	H	3.0	3.0	0	0	1
0	173	K0	2	H	167	A0	2	H	3.0	3.0	0	0	0
0	195	K0	7	H	295	E0	2	H	50.0	-50.0	0	0	0
0	123	K0	4	H	115	S0	8	C	4.0	4.0	0	0	1
0	123	K0	2	H	115	S0	1	C	4.0	4.0	0	0	0
0	173	K0	2	H	280	K1	3	C	53.0	-53.0	0	0	0
0	57	L0	6	H	64	L1	7	H	3.0	-3.0	0	0	1
0	57	L0	5	H	64	L1	4	H	3.0	-3.0	0	0	0
0	284	I1	10	H	198	I1	12	H	43.0	43.0	0	0	0
0	0	O0	-1	S	32	K1	11	H	0.5	0.5	1	0	1
0	0	O0	-1	S	32	K1	3	H	0.5	0.5	1	0	0
0	102	T1	12	S	158	K1	7	H	28.0	-28.0	0	0	0
0	29	A0	9	H	31	K0	3	H	1.0	-1.0	0	1	1
0	29	A0	6	H	31	K0	8	H	1.0	-1.0	0	1	0
0	90	R1	8	C	128	H1	4	H	19.0	-19.0	0	0	1
0	90	R1	12	C	128	H1	10	H	19.0	-19.0	0	0	0
0	180	A1	9	C	78	T1	9	H	51.0	51.0	0	0	0
0	135	V0	8	H	137	L0	3	H	1.0	-1.0	0	1	1
0	135	V0	11	H	137	L0	12	H	1.0	-1.0	0	1	0
0	125	K0	8	H	127	H0	3	H	1.0	-1.0	0	1	1
0	125	K0	11	H	127	H0	6	H	1.0	-1.0	0	1	0
0	279	K0	12	H	280	K1	1	H	0.0	0.0	0	1	1
0	279	K0	2	H	280	K1	3	H	0.0	0.0	0	1	0
0	0	O0	-1	S	30	A1	4	H	0.5	0.5	1	0	1
0	0	O0	-1	S	30	A1	5	H	0.5	0.5	1	0	0
0	40	D1	7	S	265	K0	12	H	113.0	-113.0	0	0	0
0	0	O0	-1	S	302	Y1	4	C	0.5	0.5	1	0	1
0	0	O0	-1	S	302	Y1	3	C	0.5	0.5	1	0	0
0	24	H1	3	S	167	A0	4	C	72.0	-72.0	0	0	0
0	137	L0	9	H	139	T0	3	H	1.0	-1.0	0	1	1
0	137	L0	2	H	139	T0	11	H	1.0	-1.0	0	1	0
0	0	O0	-1	S	200	P1	11	C	0.5	0.5	1	0	1
0	0	O0	-1	S	200	P1	5	C	0.5	0.5	1	0	0
0	130	G1	3	S	185	H0	5	C	28.0	-28.0	0	0	0
0	30	A1	4	H	0	O0	-1	S	0.5	0.5	1	0	1
0	30	A1	12	H	0	O0	-1	S	0.5	0.5	1	0	0
0	124	K1	3	H	98	L1	9	S	13.0	13.0	0	0	0
0	47	H0	10	H	56	I1	3	H	4.0	-4.0	0	0	1
0	47	H0	12	H	56	I1	9	H	4.0	-4.0	0	0	0
0	275	F0	10	H	253	A0	2	H	11.0	11.0	0	0	0
0	23	H0	5	H	0	O0	-1	S	0.5	0.5	1	0	1
0	23	H0	8	H	0	O0	-1	S	0.5	0.5	1	0	0
0	272	E1	8	H	147	A0	2	S	62.0	62.0	0	0	0
0	21	L0	9	H	23	H0	3	H	1.0	-1.0	0	1	1
0	21	L0	4	H	23	H0	6	H	1.0	-1.0	0	1	0
0	119	D0	6	H	126	K1	7	H	3.0	-3.0	0	0	1
0	119	D0	5	H	126	K1	2	H	3.0	-3.0	0	0	0
0	61	R0	2	H	49	G0	5	H	6.0	6.0	0	0	0
0	186	H1	1	H	194	H1	8	C	4.0	-4.0	0	0	1
0	186	H1	4	H	194	H1	10	C	4.0	-4.0	0	0	0
0	254	A1	7	H	203	K0	5	C	25.0	25.0	0	0	0
0	0	O0	-1	S	159	G0	10	C	0.5	0.5	1	0	1
0	0	O0	-1	S	159	G0	6	C	0.5	0.5	1	0	0
0	114	A1	2	S	132	V1	2	C	9.0	-9.0	0	0	0
0	151	L0	11	H	152	L1	2	H	0.0	0.0	0	1	1
0	151	L0	4	H	152	L1	8	H	0.0	0.0	0	1	0
0	237	H0	1	C	240	P1	1	H	1.0	-1.0	0	0	1
0	237	H0	11	C	240	P1	4	H	1.0	-1.0	0	0	0
0	143	L0	8	C	12	E1	2	H	66.0	66.0	0	0	0
0	236	R1	10	H	0	O0	-1	S	0.5	0.5	1	0	1
0	236	R1	9	H	0	O0	-1	S	0.5	0.5	1	0	0
0	135	V0	4	H	48	H1	10	S	44.0	44.0	0	0	0
0	232	H1	4	H	256	Q1	11	H	12.0	-12.0	0	0	1
0	232	H1	3	H	256	Q1	2	H	12.0	-12.0	0	0	0
0	275	F0	2	H	101	T0	4	H	87.0	87.0	0	0	0
0	193	H0	6	C	0	O0	-1	S	0.5	0.5	1	0	1
0	193	H0	1	C	0	O0	-1	S	0.5	0.5	1	0	0
0	51	Q0	5	C	289	K0	8	S	119.0	-119.0	0	0	0
0	228	V1	4	H	220	A1	9	H	4.0	4.0	0	0	1
0	228	V1	5	H	220	A1	4	H	4.0	4.0	0	0	0
0	97	L0	12	H	256	Q1	2	H	79.0	-79.0	0	0	0
0	38	A1	11	H	0	O0	-1	S	0.5	0.5	1	0	1
0	38	A1	4	H	0	O0	-1	S	0.5	0.5	1	0	0
0	80	L1	2	H	177	L0	5	S	49.0	-49.0	0	0	0
0	94	K1	10	C	0	O0	-1	S	0.5	0.5	1	0	1
0	94	K1	12	C	0	O0	-1	S	0.5	0.5	1	0	0
0	220	A1	4	C	208	L1	11	S	6.0	6.0	0	0	0
0	283	I0	9	H	291	Y0	4	H	4.0	-4.0	0	0	1
0	283	I0	4	H	291	Y0	10	H	4.0	-4.0	0	0	0
0	133	T0	11	H	28	W1	4	H	53.0	53.0	0	0	0
0	152	L1	6	H	268	A1	10	H	58.0	-58.0	0	0	1
0	152	L1	8	H	268	A1	4	H	58.0	-58.0	0	0	0
0	144	L1	10	H	41	V0	2	H	51.0	51.0	0	0	0
0	170	E1	10	H	150	I1	5	H	10.0	10.0	0	0	1
0	170	E1	3	H	150	I1	3	H	10.0	10.0	0	0	0
0	96	H1	7	H	156	K1	4	H	30.0	-30.0	0	0	0
0	204	K1	11	H	0	O0	-1	S	0.5	0.5	1	0	1
0	204	K1	3	H	0	O0	-1	S	0.5	0.5	1	0	0
0	278	R1	9	H	126	K1	11	S	76.0	76.0	0	0	0
0	149	I0	8	H	151	L0	3	H	1.0	-1.0	0	1	1
0	149	I0	10	H	151	L0	5	H	1.0	-1.0	0	1	0
0	265	K0	5	H	272	E1	7	H	3.0	-3.0	0	0	1
0	265	K0	4	H	272	E1	8	H	3.0	-3.0	0	0	0
0	229	L0	12	H	93	K0	6	H	68.0	68.0	0	0	0
0	182	Q1	10	H	0	O0	-1	S	0.5	0.5	1	0	1
0	182	Q1	2	H	0	O0	-1	S	0.5	0.5	1	0	0
0	225	H0	12	H	45	G0	5	S	90.0	90.0	0	0	0
0	291	Y0	9	H	299	G0	2	C	4.0	-4.0	0	0	1
0	291	Y0	10	H	299	G0	11	C	4.0	-4.0	0	0	0
0	75	E0	2	H	293	K0	2	C	109.0	-109.0	0	0	0
0	0	O0	-1	S	191	K0	9	C	0.5	0.5	1	0	1
0	0	O0	-1	S	191	K0	4	C	0.5	0.5	1	0	0
0	276	F1	2	S	148	A1	8	C	64.0	64.0	0	0	0
0	174	K1	5	H	290	K1	11	H	58.0	-58.0	0	0	1
0	174	K1	6	H	290	K1	5	H	58.0	-58.0	0	0	0
0	287	A0	2	H	285	A0	6	H	1.0	1.0	0	0	0
0	29	A0	5	H	36	E1	7	H	3.0	-3.0	0	0	1
0	29	A0	4	H	36	E1	6	H	3.0	-3.0	0	0	0
0	214	I1	4	H	124	K1	4	H	45.0	45.0	0	0	0
0	266	K1	5	H	0	O0	-1	S	0.5	0.5	1	0	1
0	266	K1	1	H	0	O0	-1	S	0.5	0.5	1	0	0
0	36	E1	6	H	187	A0	11	S	76.0	-76.0	0	0	0
0	249	A0	5	H	256	Q1	7	H	3.0	-3.0	0	0	1
0	249	A0	2	H	256	Q1	4	H	3.0	-3.0	0	0	0
0	294	K1	1	H	102	T1	12	H	96.0	96.0	0	0	0
0	101	T0	2	C	110	M1	3	H	4.0	-4.0	0	0	1
0	101	T0	4	C	110	M1	8	H	4.0	-4.0	0	0	0
0	42	V1	9	C	269	L0	8	H	114.0	-114.0	0	0	0
0	189	T0	11	H	0	O0	-1	S	0.5	0.5	1	0	1
0	189	T0	4	H	0	O0	-1	S	0.5	0.5	1	0	0
0	137	L0	6	H	248	G1	4	S	55.0	-55.0	0	0	0
0	59	I0	10	H	68	K1	3	H	4.0	-4.0	0	0	1
0	59	I0	2	H	68	K1	5	H	4.0	-4.0	0	0	0
0	127	H0	12	H	28	W1	8	H	50.0	50.0	0	0	0
0	133	T0	1	H	140	T1	7	H	3.0	-3.0	0	0	1
0	133	T0	4	H	140	T1	2	H	3.0	-3.0	0	0	0
0	61	R0	6	H	106	A1	2	H	22.0	-22.0	0	0	0
0	72	H1	5	C	0	O0	-1	S	0.5	0.5	1	0	1
0	72	H1	1	C	0	O0	-1	S	0.5	0.5	1	0	0
0	28	W1	8	C	232	H1	3	S	102.0	-102.0	0	0	0
0	81	E0	6	C	94	K1	5	C	6.0	-6.0	0	0	1
0	81	E0	10	C	94	K1	4	C	6.0	-6.0	0	0	0
0	240	P1	4	C	194	H1	1	C	23.0	23.0	0	0	0
0	159	G0	1	C	164	H1	3	C	2.0	-2.0	0	0	1
0	159	G0	8	C	164	H1	9	C	2.0	-2.0	0	0	0
0	293	K0	12	C	264	N1	8	C	15.0	15.0	0	0	0
0	154	K1	12	H	0	O0	-1	S	0.5	0.5	1	0	1
0	154	K1	2	H	0	O0	-1	S	0.5	0.5	1	0	0
0	52	Q1	6	H	127	H0	2	S	38.0	-38.0	0	0	0
0	40	D1	11	H	0	O0	-1	S	0.5	0.5	1	0	1
0	40	D1	7	H	0	O0	-1	S	0.5	0.5	1	0	0
0	87	D0	9	H	12	E1	12	S	38.0	38.0	0	0	0
0	0	O0	-1	S	46	G1	11	H	0.5	0.5	1	0	1
0	0	O0	-1	S	46	G1	5	H	0.5	0.5	1	0	0
0	88	D1	5	S	247	G0	10	H	80.0	-80.0	0	0	0
0	0	O0	-1	S	274	L1	11	H	0.5	0.5	1	0	1
0	0	O0	-1	S	274	L1	5	H	0.5	0.5	1	0	0
0	25	V0	8	S	268	A1	2	H	121.0	-121.0	0	0	0
0	155	K0	9	C	157	K0	3	C	1.0	-1.0	0	1	1
0	155	K0	7	C	157	K0	5	C	1.0	-1.0	0	1	0
0	294	K1	10	H	0	O0	-1	S	0.5	0.5	1	0	1
0	294	K1	1	H	0	O0	-1	S	0.5	0.5	1	0	0
0	255	Q0	2	H	92	F1	1	S	82.0	82.0	0	0	0
0	167	A0	8	H	170	E1	2	H	1.0	-1.0	0	0	1
0	167	A0	7	H	170	E1	3	H	1.0	-1.0	0	0	0
0	62	R1	1	H	279	K0	5	H	109.0	-109.0	0	0	0
0	0	O0	-1	S	249	A0	10	H	0.5	0.5	1	0	1
0	0	O0	-1	S	249	A0	8	H	0.5	0.5	1	0	0
0	273	L0	10	S	89	R0	10	H	92.0	92.0	0	0	0
0	282	D1	5	H	0	O0	-1	S	0.5	0.5	1	0	1
0	282	D1	9	H	0	O0	-1	S	0.5	0.5	1	0	0
0	183	S0	2	H	56	I1	2	S	64.0	64.0	0	0	0
0	0	O0	-1	S	101	T0	6	C	0.5	0.5	1	0	1
0	0	O0	-1	S	101	T0	10	C	0.5	0.5	1	0	0
0	46	G1	6	S	133	T0	11	C	44.0	-44.0	0	0	0
0	106	A1	6	H	0	O0	-1	S	0.5	0.5	1	0	1
0	106	A1	3	H	0	O0	-1	S	0.5	0.5	1	0	0
0	6	S1	3	H	12	E1	2	S	3.0	-3.0	0	0	0
0	0	O0	-1	S	93	K0	8	C	0.5	0.5	1	0	1
0	0	O0	-1	S	93	K0	2	C	0.5	0.5	1	0	0
0	244	N1	9	S	158	K1	7	C	43.0	43.0	0	0	0
0	155	K0	11	C	156	K1	2	C	0.0	0.0	0	1	1
0	155	K0	7	C	156	K1	1	C	0.0	0.0	0	1	0
0	295	E0	11	H	0	O0	-1	S	0.5	0.5	1	0	1
0	295	E0	2	H	0	O0	-1	S	0.5	0.5	1	0	0
0	32	K1	3	H	292	Y1	7	S	130.0	-130.0	0	0	0
0	110	M1	4	H	0	O0	-1	S	0.5	0.5	1	0	1
0	110	M1	6	H	0	O0	-1	S	0.5	0.5	1	0	0
0	1	V0	11	H	256	Q1	4	S	127.0	-127.0	0	0	0
0	67	K0	12	H	68	K1	1	H	0.0	0.0	0	1	1
0	67	K0	11	H	68	K1	5	H	0.0	0.0	0	1	0
0	212	F1	6	H	0	O0	-1	S	0.5	0.5	1	0	1
0	212	F1	9	H	0	O0	-1	S	0.5	0.5	1	0	0
0	223	I0	10	H	100	K1	3	S	62.0	62.0	0	0	0
0	95	H0	12	C	96	H1	1	C	0.0	0.0	0	1	1
0	95	H0	2	C	96	H1	9	C	0.0	0.0	0	1	0
0	91	F0	9	C	93	K0	3	C	1.0	-1.0	0	1	1
0	91	F0	11	C	93	K0	10	C	1.0	-1.0	0	1	0
0	33	V0	8	H	35	E0	3	H	1.0	-1.0	0	1	1
0	33	V0	7	H	35	E0	8	H	1.0	-1.0	0	1	0
0	23	H0	11	H	24	H1	2	H	0.0	0.0	0	1	1
0	23	H0	12	H	24	H1	3	H	0.0	0.0	0	1	0
0	71	H0	8	C	78	T1	7	H	3.0	-3.0	0	0	1
0	71	H0	6	C	78	T1	6	H	3.0	-3.0	0	0	0
0	85	F0	1	C	158	K1	12	H	36.0	-36.0	0	0	0
0	203	K0	9	H	205	Y0	3	H	1.0	-1.0	0	1	1
0	203	K0	6	H	205	Y0	1	H	1.0	-1.0	0	1	0
0	9	G0	9	H	11	E0	3	H	1.0	-1.0	0	1	1
0	9	G0	2	H	11	E0	11	H	1.0	-1.0	0	1	0
0	6	S1	6	C	0	O0	-1	S	0.5	0.5	1	0	1
0	6	S1	7	C	0	O0	-1	S	0.5	0.5	1	0	0
0	168	A1	9	C	161	H0	12	S	3.0	3.0	0	0	0
0	213	I0	6	H	220	A1	7	H	3.0	-3.0	0	0	1
0	213	I0	2	H	220	A1	4	H	3.0	-3.0	0	0	0
0	148	A1	3	H	180	A1	6	H	16.0	-16.0	0	0	0
0	0	O0	-1	S	104	E1	3	H	0.5	0.5	1	0	1
0	0	O0	-1	S	104	E1	2	H	0.5	0.5	1	0	0
0	5	S0	2	S	201	I0	1	H	98.0	-98.0	0	0	0
0	250	A1	10	H	0	O0	-1	S	0.5	0.5	1	0	1
0	250	A1	5	H	0	O0	-1	S	0.5	0.5	1	0	0
0	145	G0	2	H	278	R1	7	S	66.0	-66.0	0	0	0
0	178	L1	9	H	186	H1	7	H	4.0	-4.0	0	0	1
0	178	L1	5	H	186	H1	12	H	4.0	-4.0	0	0	0
0	142	A1	9	H	30	A1	12	H	56.0	56.0	0	0	0
0	7	E0	5	H	14	W1	7	H	3.0	-3.0	0	0	1
0	7	E0	6	H	14	W1	4	H	3.0	-3.0	0	0	0
0	296	E1	8	H	138	L1	1	H	79.0	79.0	0	0	0
0	60	I1	11	H	111	K0	5	H	26.0	-26.0	0	0	1
0	60	I1	9	H	111	K0	1	H	26.0	-26.0	0	0	0
0	245	F0	10	H	232	H1	3	H	7.0	7.0	0	0	0
0	302	Y1	11	C	195	K0	6	C	53.0	53.0	0	0	1
0	302	Y1	3	C	195	K0	7	C	53.0	53.0	0	0	0
0	3	L0	1	C	194	H1	6	C	95.0	-95.0	0	0	0
0	113	A0	12	C	114	A1	1	C	0.0	0.0	0	1	1
0	113	A0	11	C	114	A1	2	C	0.0	0.0	0	1	0
0	241	G0	12	H	242	G1	1	H	0.0	0.0	0	1	1
0	241	G0	8	H	242	G1	4	H	0.0	0.0	0	1	0
0	289	K0	11	H	290	K1	2	H	0.0	0.0	0	1	1
0	289	K0	4	H	290	K1	9	H	0.0	0.0	0	1	0
0	47	H0	1	H	54	D1	7	H	3.0	-3.0	0	0	1
0	47	H0	6	H	54	D1	5	H	3.0	-3.0	0	0	0
0	268	A1	2	H	103	E0	8	H	82.0	82.0	0	0	0
0	104	E1	10	H	0	O0	-1	S	0.5	0.5	1	0	1
0	104	E1	2	H	0	O0	-1	S	0.5	0.5	1	0	0
0	171	L0	8	H	90	R1	12	S	41.0	41.0	0	0	0
0	257	G0	11	H	0	O0	-1	S	0.5	0.5	1	0	1
0	257	G0	2	H	0	O0	-1	S	0.5	0.5	1	0	0
0	55	I0	11	H	263	N0	2	S	104.0	-104.0	0	0	0
0	62	R1	11	H	0	O0	-1	S	0.5	0.5	1	0	1
0	62	R1	3	H	0	O0	-1	S	0.5	0.5	1	0	0
0	123	K0	10	H	46	G1	9	S	39.0	39.0	0	0	0
0	32	K1	1	H	0	O0	-1	S	0.5	0.5	1	0	1
0	32	K1	5	H	0	O0	-1	S	0.5	0.5	1	0	0
0	228	V1	7	H	16	Q1	4	S	106.0	106.0	0	0	0
0	216	S1	11	H	269	L0	12	H	27.0	-27.0	0	0	1
0	216	S1	10	H	269	L0	5	H	27.0	-27.0	0	0	0
0	244	N1	1	H	130	G1	3	H	57.0	57.0	0	0	0
0	15	Q0	5	H	0	O0	-1	S	0.5	0.5	1	0	1
0	15	Q0	11	H	0	O0	-1	S	0.5	0.5	1	0	0
0	257	G0	2	H	283	I0	2	S	13.0	-13.0	0	0	0
0	177	L0	8	H	179	A0	3	H	1.0	-1.0	0	1	1
0	177	L0	2	H	179	A0	5	H	1.0	-1.0	0	1	0
0	96	H1	2	C	98	L1	3	C	1.0	-1.0	0	0	1
0	96	H1	7	C	98	L1	8	C	1.0	-1.0	0	0	0
0	133	T0	10	C	142	A1	2	C	4.0	-4.0	0	0	0
0	34	V1	5	H	238	H1	12	C	102.0	-102.0	0	0	1
0	34	V1	10	H	238	H1	3	C	102.0	-102.0	0	0	0
0	98	L1	1	H	284	I1	10	C	93.0	-93.0	0	0	0
0	28	W1	1	H	34	V1	7	H	3.0	-3.0	0	0	1
0	28	W1	4	H	34	V1	2	H	3.0	-3.0	0	0	0
0	96	H1	3	H	15	Q0	11	H	40.0	40.0	0	0	0
0	182	Q1	11	H	0	O0	-1	S	0.5	0.5	1	0	1
0	182	Q1	5	H	0	O0	-1	S	0.5	0.5	1	0	0
0	180	A1	6	H	62	R1	1	S	59.0	59.0	0	0	0
0	0	O0	-1	S	282	D1	5	H	0.5	0.5	1	0	1
0	0	O0	-1	S	282	D1	1	H	0.5	0.5	1	0	0
0	105	A0	2	S	130	G1	3	H	12.0	-12.0	0	0	0
0	128	H1	5	H	0	O0	-1	S	0.5	0.5	1	0	1
0	128	H1	10	H	0	O0	-1	S	0.5	0.5	1	0	0
0	79	L0	6	H	288	A1	5	S	104.0	-104.0	0	0	0
0	190	T1	4	H	298	L1	10	H	54.0	-54.0	0	0	1
0	190	T1	2	H	298	L1	4	H	54.0	-54.0	0	0	0
0	47	H0	4	H	245	F0	1	H	99.0	-99.0	0	0	0
0	0	O0	-1	S	190	T1	11	H	0.5	0.5	1	0	1
0	0	O0	-1	S	190	T1	8	H	0.5	0.5	1	0	0
0	297	L0	12	S	27	W0	2	H	135.0	135.0	0	0	0
0	164	H1	11	C	150	I1	6	H	7.0	7.0	0	0	1
0	164	H1	5	C	150	I1	8	H	7.0	7.0	0	0	0
0	117	E0	1	C	239	P0	4	H	61.0	-61.0	0	0	0
0	0	O0	-1	S	72	H1	6	C	0.5	0.5	1	0	1
0	0	O0	-1	S	72	H1	11	C	0.5	0.5	1	0	0
0	232	H1	3	S	36	E1	9	C	98.0	98.0	0	0	0
0	231	H0	11	H	232	H1	2	H	0.0	0.0	0	1	1
0	231	H0	2	H	232	H1	3	H	0.0	0.0	0	1	0
0	0	O0	-1	S	38	A1	11	H	0.5	0.5	1	0	1
0	0	O0	-1	S	38	A1	3	H	0.5	0.5	1	0	0
0	146	G1	10	S	151	L0	4	H	3.0	-3.0	0	0	0
0	68	K1	6	H	0	O0	-1	S	0.5	0.5	1	0	1
0	68	K1	9	H	0	O0	-1	S	0.5	0.5	1	0	0
0	212	F1	9	H	229	L0	12	S	9.0	-9.0	0	0	0
0	86	F1	6	C	0	O0	-1	S	0.5	0.5	1	0	1
0	86	F1	9	C	0	O0	-1	S	0.5	0.5	1	0	0
0	181	Q0	11	C	162	H1	3	S	10.0	10.0	0	0	0
0	96	H1	8	C	116	S1	11	C	10.0	-10.0	0	0	1
0	96	H1	7	C	116	S1	3	C	10.0	-10.0	0	0	0
0	104	E1	2	C	226	H1	1	C	61.0	-61.0	0	0	0
0	104	E1	3	H	0	O0	-1	S	0.5	0.5	1	0	1
0	104	E1	2	H	0	O0	-1	S	0.5	0.5	1	0	0
0	22	L1	6	H	239	P0	4	S	109.0	-109.0	0	0	0
0	278	R1	3	H	269	L0	10	H	4.0	4.0	0	0	1
0	278	R1	7	H	269	L0	1	H	4.0	4.0	0	0	0
0	73	P0	7	H	137	L0	1	H	32.0	-32.0	0	0	0
0	253	A0	9	H	255	Q0	3	H	1.0	-1.0	0	1	1
0	253	A0	11	H	255	Q0	2	H	1.0	-1.0	0	1	0
0	5	S0	6	C	0	O0	-1	S	0.5	0.5	1	0	1
0	5	S0	2	C	0	O0	-1	S	0.5	0.5	1	0	0
0	3	L0	8	C	16	Q1	1	S	6.0	-6.0	0	0	0
0	210	E1	4	H	0	O0	-1	S	0.5	0.5	1	0	1
0	210	E1	10	H	0	O0	-1	S	0.5	0.5	1	0	0
0	284	I1	10	H	168	A1	7	S	58.0	58.0	0	0	0
0	0	O0	-1	S	96	H1	5	C	0.5	0.5	1	0	1
0	0	O0	-1	S	96	H1	9	C	0.5	0.5	1	0	0
0	236	R1	9	S	223	I0	10	C	6.0	6.0	0	0	0
0	240	P1	2	H	0	O0	-1	S	0.5	0.5	1	0	1
0	240	P1	4	H	0	O0	-1	S	0.5	0.5	1	0	0
0	173	K0	6	H	262	M1	1	S	44.0	-44.0	0	0	0
0	132	V1	11	H	0	O0	-1	S	0.5	0.5	1	0	1
0	132	V1	2	H	0	O0	-1	S	0.5	0.5	1	0	0
0	256	Q1	4	H	102	T1	12	S	77.0	77.0	0	0	0
0	72	H1	4	C	0	O0	-1	S	0.5	0.5	1	0	1
0	72	H1	1	C	0	O0	-1	S	0.5	0.5	1	0	0
0	214	I1	2	C	120	D1	6	S	47.0	47.0	0	0	0
0	121	L0	8	H	123	K0	3	H	1.0	-1.0	0	1	1
0	121	L0	5	H	123	K0	2	H	1.0	-1.0	0	1	0
0	196	K1	7	C	0	O0	-1	S	0.5	0.5	1	0	1
0	196	K1	9	C	0	O0	-1	S	0.5	0.5	1	0	0
0	282	D1	11	C	22	L1	6	S	130.0	130.0	0	0	0
0	152	L1	4	H	144	L1	9	H	4.0	4.0	0	0	1
0	152	L1	5	H	144	L1	6	H	4.0	4.0	0	0	0
0	121	L0	6	H	233	S0	9	H	56.0	-56.0	0	0	0
0	168	A1	4	H	0	O0	-1	S	0.5	0.5	1	0	1
0	168	A1	7	H	0	O0	-1	S	0.5	0.5	1	0	0
0	195	K0	12	H	223	I0	10	S	14.0	-14.0	0	0	0
0	95	H0	5	C	0	O0	-1	S	0.5	0.5	1	0	1
0	95	H0	1	C	0	O0	-1	S	0.5	0.5	1	0	0
0	133	T0	10	C	245	F0	10	S	56.0	-56.0	0	0	0
0	164	H1	7	C	274	L1	10	H	55.0	-55.0	0	0	1
0	164	H1	4	C	274	L1	8	H	55.0	-55.0	0	0	0
0	183	S0	2	C	112	K1	1	H	36.0	36.0	0	0	0
0	190	T1	9	H	0	O0	-1	S	0.5	0.5	1	0	1
0	190	T1	7	H	0	O0	-1	S	0.5	0.5	1	0	0
0	154	K1	5	H	31	K0	8	S	61.0	61.0	0	0	0
0	166	E1	10	H	0	O0	-1	S	0.5	0.5	1	0	1
0	166	E1	6	H	0	O0	-1	S	0.5	0.5	1	0	0
0	296	E1	12	H	169	E0	12	S	63.0	63.0	0	0	0
0	261	M0	1	H	267	A0	7	H	3.0	-3.0	0	0	1
0	261	M0	2	H	267	A0	10	H	3.0	-3.0	0	0	0
0	180	A1	10	H	80	L1	3	H	50.0	50.0	0	0	0
0	59	I0	5	H	66	F1	7	H	3.0	-3.0	0	0	1
0	59	I0	6	H	66	F1	9	H	3.0	-3.0	0	0	0
0	36	E1	6	H	284	I1	4	H	124.0	-124.0	0	0	0
0	72	H1	12	C	212	F1	10	H	70.0	-70.0	0	0	1
0	72	H1	1	C	212	F1	9	H	70.0	-70.0	0	0	0
0	250	A1	3	C	35	E0	4	H	107.0	107.0	0	0	0
0	83	K0	5	C	0	O0	-1	S	0.5	0.5	1	0	1
0	83	K0	12	C	0	O0	-1	S	0.5	0.5	1	0	0
0	154	K1	5	C	261	M0	7	S	54.0	-54.0	0	0	0
0	61	R0	1	H	67	K0	7	H	3.0	-3.0	0	0	1
0	61	R0	12	H	67	K0	5	H	3.0	-3.0	0	0	0
0	95	H0	8	H	194	H1	2	H	49.0	-49.0	0	0	0
0	42	V1	6	H	138	L1	8	H	48.0	-48.0	0	0	1
0	42	V1	9	H	138	L1	9	H	48.0	-48.0	0	0	0
0	8	E1	1	H	212	F1	9	H	102.0	-102.0	0	0	0
0	242	G1	12	H	0	O0	-1	S	0.5	0.5	1	0	1
0	242	G1	6	H	0	O0	-1	S	0.5	0.5	1	0	0
0	21	L0	4	H	260	A1	2	S	119.0	-119.0	0	0	0
0	29	A0	10	H	0	O0	-1	S	0.5	0.5	1	0	1
0	29	A0	4	H	0	O0	-1	S	0.5	0.5	1	0	0
0	214	I1	3	H	33	V0	6	S	90.0	90.0	0	0	0
0	35	E0	1	H	39	D0	2	H	2.0	-2.0	0	0	1
0	35	E0	8	H	39	D0	12	H	2.0	-2.0	0	0	0
0	148	A1	2	H	177	L0	5	H	15.0	-15.0	0	0	0
0	89	R0	5	C	0	O0	-1	S	0.5	0.5	1	0	1
0	89	R0	11	C	0	O0	-1	S	0.5	0.5	1	0	0
0	2	V1	3	C	83	K0	4	S	41.0	-41.0	0	0	0
0	132	V1	4	H	44	A1	5	H	44.0	44.0	0	0	1
0	132	V1	2	H	44	A1	11	H	44.0	44.0	0	0	0
0	155	K0	2	H	22	L1	6	H	67.0	67.0	0	0	0
0	242	G1	11	H	0	O0	-1	S	0.5	0.5	1	0	1
0	242	G1	2	H	0	O0	-1	S	0.5	0.5	1	0	0
0	10	G1	2	H	31	K0	4	S	11.0	-11.0	0	0	0
0	191	K0	1	C	196	K1	3	C	2.0	-2.0	0	0	1
0	191	K0	4	C	196	K1	9	C	2.0	-2.0	0	0	0
0	92	F1	8	C	144	L1	4	C	26.0	-26.0	0	0	0
0	90	R1	7	C	0	O0	-1	S	0.5	0.5	1	0	1
0	90	R1	12	C	0	O0	-1	S	0.5	0.5	1	0	0
0	146	G1	6	C	119	D0	12	S	13.0	13.0	0	0	0
0	294	K1	8	H	0	O0	-1	S	0.5	0.5	1	0	1
0	294	K1	1	H	0	O0	-1	S	0.5	0.5	1	0	0
0	298	L1	4	H	177	L0	2	S	60.0	60.0	0	0	0
0	145	G0	12	H	146	G1	1	H	0.0	0.0	0	1	1
0	145	G0	2	H	146	G1	2	H	0.0	0.0	0	1	0
0	227	V0	7	H	221	I0	1	H	3.0	3.0	0	0	1
0	227	V0	4	H	221	I0	2	H	3.0	3.0	0	0	0
0	43	A0	8	H	38	A1	3	H	3.0	3.0	0	0	0
0	0	O0	-1	S	266	K1	6	H	0.5	0.5	1	0	1
0	0	O0	-1	S	266	K1	1	H	0.5	0.5	1	0	0
0	102	T1	6	S	101	T0	10	H	0.0	0.0	0	0	0
0	0	O0	-1	S	133	T0	6	H	0.5	0.5	1	0	1
0	0	O0	-1	S	133	T0	2	H	0.5	0.5	1	0	0
0	54	D1	9	S	169	E0	7	H	58.0	-58.0	0	0	0
0	36	E1	11	H	0	O0	-1	S	0.5	0.5	1	0	1
0	36	E1	6	H	0	O0	-1	S	0.5	0.5	1	0	0
0	236	R1	9	H	231	H0	12	S	2.0	2.0	0	0	0
0	0	O0	-1	S	110	M1	4	H	0.5	0.5	1	0	1
0	0	O0	-1	S	110	M1	12	H	0.5	0.5	1	0	0
0	161	H0	12	S	246	F1	3	H	42.0	-42.0	0	0	0
0	185	H0	7	H	179	A0	1	H	3.0	3.0	0	0	1
0	185	H0	5	H	179	A0	11	H	3.0	3.0	0	0	0
0	211	F0	12	H	36	E1	6	H	88.0	88.0	0	0	0
0	0	O0	-1	S	140	T1	10	H	0.5	0.5	1	0	1
0	0	O0	-1	S	140	T1	2	H	0.5	0.5	1	0	0
0	128	H1	10	S	299	G0	11	H	86.0	-86.0	0	0	0
0	247	G0	9	C	249	A0	3	H	1.0	-1.0	0	1	1
0	247	G0	7	C	249	A0	8	H	1.0	-1.0	0	1	0
0	0	O0	-1	S	99	K0	10	C	0.5	0.5	1	0	1
0	0	O0	-1	S	99	K0	4	C	0.5	0.5	1	0	0
0	164	H1	2	S	118	E1	8	C	23.0	23.0	0	0	0
0	199	P0	9	C	201	I0	3	H	1.0	-1.0	0	1	1
0	199	P0	7	C	201	I0	12	H	1.0	-1.0	0	1	0
0	87	D0	5	C	94	K1	3	C	3.0	-3.0	0	0	1
0	87	D0	4	C	94	K1	4	C	3.0	-3.0	0	0	0
0	141	A0	2	C	301	Y0	4	C	80.0	-80.0	0	0	0
0	285	A0	8	H	0	O0	-1	S	0.5	0.5	1	0	1
0	285	A0	6	H	0	O0	-1	S	0.5	0.5	1	0	0
0	280	K1	3	H	114	A1	2	S	83.0	83.0	0	0	0
0	109	M0	8	H	111	K0	3	H	1.0	-1.0	0	1	1
0	109	M0	11	H	111	K0	4	H	1.0	-1.0	0	1	0
0	295	E0	5	H	0	O0	-1	S	0.5	0.5	1	0	1
0	295	E0	4	H	0	O0	-1	S	0.5	0.5	1	0	0
0	60	I1	9	H	136	V1	12	S	38.0	-38.0	0	0	0
0	0	O0	-1	S	279	K0	6	H	0.5	0.5	1	0	1
0	0	O0	-1	S	279	K0	2	H	0.5	0.5	1	0	0
0	17	L0	12	S	202	I1	6	H	92.0	-92.0	0	0	0
0	35	E0	9	H	37	A0	3	H	1.0	-1.0	0	1	1
0	35	E0	5	H	37	A0	4	H	1.0	-1.0	0	1	0
0	249	A0	1	H	255	Q0	7	H	3.0	-3.0	0	0	1
0	249	A0	8	H	255	Q0	11	H	3.0	-3.0	0	0	0
0	98	L1	8	H	50	G1	6	H	24.0	24.0	0	0	0
0	284	I1	7	H	277	R0	6	H	3.0	3.0	0	0	1
0	284	I1	1	H	277	R0	2	H	3.0	3.0	0	0	0
0	37	A0	2	H	108	E1	10	H	35.0	-35.0	0	0	0
0	53	D0	1	H	60	I1	7	H	3.0	-3.0	0	0	1
0	53	D0	11	H	60	I1	5	H	3.0	-3.0	0	0	0
0	127	H0	12	H	67	K0	5	H	30.0	30.0	0	0	0
0	107	E0	12	H	108	E1	1	H	0.0	0.0	0	1	1
0	107	E0	10	H	108	E1	10	H	0.0	0.0	0	1	0
0	140	T1	12	H	0	O0	-1	S	0.5	0.5	1	0	1
0	140	T1	3	H	0	O0	-1	S	0.5	0.5	1	0	0
0	206	Y1	1	H	87	D0	12	S	59.0	59.0	0	0	0
0	147	A0	11	H	0	O0	-1	S	0.5	0.5	1	0	1
0	147	A0	8	H	0	O0	-1	S	0.5	0.5	1	0	0
0	71	H0	12	H	149	I0	9	S	39.0	-39.0	0	0	0
0	37	A0	12	H	38	A1	1	H	0.0	0.0	0	1	1
0	37	A0	2	H	38	A1	10	H	0.0	0.0	0	1	0
0	115	S0	5	C	0	O0	-1	S	0.5	0.5	1	0	1
0	115	S0	11	C	0	O0	-1	S	0.5	0.5	1	0	0
0	189	T0	4	C	171	L0	8	S	9.0	9.0	0	0	0
0	164	H1	8	C	282	D1	12	H	59.0	-59.0	0	0	1
0	164	H1	9	C	282	D1	1	H	59.0	-59.0	0	0	0
0	125	K0	11	C	20	V1	9	H	53.0	53.0	0	0	0
0	180	A1	12	H	290	K1	8	H	55.0	-55.0	0	0	1
0	180	A1	6	H	290	K1	10	H	55.0	-55.0	0	0	0
0	78	T1	2	H	136	V1	9	H	29.0	-29.0	0	0	0
0	7	E0	9	H	9	G0	3	H	1.0	-1.0	0	1	1
0	7	E0	12	H	9	G0	10	H	1.0	-1.0	0	1	0
0	281	D0	6	H	288	A1	7	H	3.0	-3.0	0	0	1
0	281	D0	2	H	288	A1	3	H	3.0	-3.0	0	0	0
0	7	E0	12	H	292	Y1	7	H	142.0	-142.0	0	0	0
0	244	N1	6	H	0	O0	-1	S	0.5	0.5	1	0	1
0	244	N1	9	H	0	O0	-1	S	0.5	0.5	1	0	0
0	149	I0	2	H	238	H1	1	S	44.0	-44.0	0	0	0
0	188	A1	6	H	302	Y1	7	C	57.0	-57.0	0	0	1
0	188	A1	2	H	302	Y1	3	C	57.0	-57.0	0	0	0
0	226	H1	4	H	47	H0	12	C	89.0	89.0	0	0	0
0	69	S0	4	H	61	R0	9	H	4.0	4.0	0	0	1
0	69	S0	11	H	61	R0	6	H	4.0	4.0	0	0	0
0	78	T1	9	H	121	L0	5	H	22.0	-22.0	0	0	0
0	183	S0	8	H	185	H0	3	H	1.0	-1.0	0	1	1
0	183	S0	2	H	185	H0	5	H	1.0	-1.0	0	1	0
0	163	H0	2	C	166	E1	1	H	1.0	-1.0	0	0	1
0	163	H0	7	C	166	E1	5	H	1.0	-1.0	0	0	0
0	284	I1	1	C	124	K1	3	H	80.0	80.0	0	0	0
0	225	H0	1	H	231	H0	7	H	3.0	-3.0	0	0	1
0	225	H0	12	H	231	H0	1	H	3.0	-3.0	0	0	0
0	163	H0	7	H	78	T1	3	H	43.0	43.0	0	0	0
0	0	O0	-1	S	108	E1	6	H	0.5	0.5	1	0	1
0	0	O0	-1	S	108	E1	10	H	0.5	0.5	1	0	0
0	106	A1	2	S	241	G0	2	H	68.0	-68.0	0	0	0
0	29	A0	12	H	30	A1	1	H	0.0	0.0	0	1	1
0	29	A0	8	H	30	A1	8	H	0.0	0.0	0	1	0
0	0	O0	-1	S	192	K1	3	C	0.5	0.5	1	0	1
0	0	O0	-1	S	192	K1	2	C	0.5	0.5	1	0	0
0	175	P0	11	S	158	K1	12	C	9.0	9.0	0	0	0
0	90	R1	4	C	0	O0	-1	S	0.5	0.5	1	0	1
0	90	R1	12	C	0	O0	-1	S	0.5	0.5	1	0	0
0	78	T1	11	C	74	P1	6	S	2.0	2.0	0	0	0
0	291	Y0	11	H	292	Y1	2	H	0.0	0.0	0	1	1
0	291	Y0	1	H	292	Y1	1	H	0.0	0.0	0	1	0
0	0	O0	-1	S	160	G1	10	C	0.5	0.5	1	0	1
0	0	O0	-1	S	160	G1	8	C	0.5	0.5	1	0	0
0	281	D0	12	S	138	L1	11	C	72.0	72.0	0	0	0
0	0	O0	-1	S	182	Q1	11	H	0.5	0.5	1	0	1
0	0	O0	-1	S	182	Q1	5	H	0.5	0.5	1	0	0
0	57	L0	8	S	294	K1	1	H	118.0	-118.0	0	0	0
0	18	L1	10	H	253	A0	5	H	118.0	-118.0	0	0	1
0	18	L1	4	H	253	A0	7	H	118.0	-118.0	0	0	0
0	151	L0	10	H	252	D1	9	H	50.0	-50.0	0	0	0
0	216	S1	6	H	270	L1	10	H	27.0	-27.0	0	0	1
0	216	S1	5	H	270	L1	1	H	27.0	-27.0	0	0	0
0	168	A1	3	H	1	V0	6	H	83.0	83.0	0	0	0
0	257	G0	9	H	259	A0	3	H	1.0	-1.0	0	1	1
0	257	G0	8	H	259	A0	10	H	1.0	-1.0	0	1	0
0	192	K1	5	C	0	O0	-1	S	0.5	0.5	1	0	1
0	192	K1	2	C	0	O0	-1	S	0.5	0.5	1	0	0
0	86	F1	1	C	50	G1	9	S	18.0	18.0	0	0	0
0	135	V0	9	H	143	L0	4	H	4.0	-4.0	0	0	1
0	135	V0	2	H	143	L0	12	H	4.0	-4.0	0	0	0
0	263	N0	12	H	2	V1	6	H	131.0	131.0	0	0	0
0	0	O0	-1	S	7	E0	4	H	0.5	0.5	1	0	1
0	0	O0	-1	S	7	E0	12	H	0.5	0.5	1	0	0
0	53	D0	7	S	264	N1	6	H	105.0	-105.0	0	0	0
0	222	I1	7	H	215	S0	6	H	3.0	3.0	0	0	1
0	222	I1	6	H	215	S0	10	H	3.0	3.0	0	0	0
0	189	T0	7	H	79	L0	10	H	55.0	55.0	0	0	0
0	132	V1	9	H	140	T1	4	H	4.0	-4.0	0	0	1
0	132	V1	8	H	140	T1	2	H	4.0	-4.0	0	0	0
0	241	G0	8	H	262	M1	11	H	10.0	-10.0	0	0	0
0	196	K1	4	C	0	O0	-1	S	0.5	0.5	1	0	1
0	196	K1	9	C	0	O0	-1	S	0.5	0.5	1	0	0
0	263	N0	12	C	222	I1	12	S	21.0	21.0	0	0	0
0	37	A0	10	H	0	O0	-1	S	0.5	0.5	1	0	1
0	37	A0	4	H	0	O0	-1	S	0.5	0.5	1	0	0
0	63	L0	5	H	234	S1	11	S	85.0	-85.0	0	0	0
0	233	S0	2	H	237	H0	2	C	2.0	-2.0	0	0	1
0	233	S0	1	H	237	H0	5	C	2.0	-2.0	0	0	0
0	144	L1	1	H	195	K0	2	C	26.0	-26.0	0	0	0
0	265	K0	7	H	259	A0	1	H	3.0	3.0	0	0	1
0	265	K0	6	H	259	A0	11	H	3.0	3.0	0	0	0
0	185	H0	5	H	102	T1	2	H	42.0	42.0	0	0	0
0	44	A1	4	H	0	O0	-1	S	0.5	0.5	1	0	1
0	44	A1	12	H	0	O0	-1	S	0.5	0.5	1	0	0
0	179	A0	10	H	198	I1	12	S	9.0	-9.0	0	0	0
0	191	K0	5	C	0	O0	-1	S	0.5	0.5	1	0	1
0	191	K0	4	C	0	O0	-1	S	0.5	0.5	1	0	0
0	112	K1	9	C	131	V0	11	S	10.0	-10.0	0	0	0
0	117	E0	9	H	119	D0	3	H	1.0	-1.0	0	1	1
0	117	E0	5	H	119	D0	8	H	1.0	-1.0	0	1	0
0	246	F1	9	C	256	Q1	5	H	5.0	-5.0	0	0	1
0	246	F1	3	C	256	Q1	4	H	5.0	-5.0	0	0	0
0	200	P1	5	C	160	G1	9	H	20.0	20.0	0	0	0
0	207	L0	8	H	278	R1	5	H	35.0	-35.0	0	0	1
0	207	L0	10	H	278	R1	12	H	35.0	-35.0	0	0	0
0	294	K1	1	H	78	T1	6	H	108.0	108.0	0	0	0
0	0	O0	-1	S	300	G1	5	C	0.5	0.5	1	0	1
0	0	O0	-1	S	300	G1	6	C	0.5	0.5	1	0	0
0	42	V1	2	S	287	A0	5	C	123.0	-123.0	0	0	0
0	132	V1	10	H	0	O0	-1	S	0.5	0.5	1	0	1
0	132	V1	8	H	0	O0	-1	S	0.5	0.5	1	0	0
0	263	N0	2	H	255	Q0	1	S	4.0	4.0	0	0	0
0	195	K0	9	C	197	I0	3	C	1.0	-1.0	0	1	1
0	195	K0	12	C	197	I0	10	C	1.0	-1.0	0	1	0
0	32	K1	9	H	0	O0	-1	S	0.5	0.5	1	0	1
0	32	K1	5	H	0	O0	-1	S	0.5	0.5	1	0	0
0	91	F0	12	H	7	E0	6	S	42.0	42.0	0	0	0
0	133	T0	8	H	135	V0	3	H	1.0	-1.0	0	1	1
0	133	T0	2	H	135	V0	4	H	1.0	-1.0	0	1	0
0	85	F0	10	C	89	R0	7	C	2.0	-2.0	0	0	1
0	85	F0	2	C	89	R0	2	C	2.0	-2.0	0	0	0
0	10	G1	9	C	258	G1	4	C	124.0	-124.0	0	0	0
0	204	K1	8	H	0	O0	-1	S	0.5	0.5	1	0	1
0	204	K1	3	H	0	O0	-1	S	0.5	0.5	1	0	0
0	25	V0	4	H	105	A0	6	S	40.0	-40.0	0	0	0
0	129	G0	12	H	130	G1	1	H	0.0	0.0	0	1	1
0	129	G0	11	H	130	G1	11	H	0.0	0.0	0	1	0
0	16	Q1	6	H	0	O0	-1	S	0.5	0.5	1	0	1
0	16	Q1	4	H	0	O0	-1	S	0.5	0.5	1	0	0
0	254	A1	5	H	10	G1	9	S	122.0	122.0	0	0	0
0	213	I0	9	H	215	S0	3	H	1.0	-1.0	0	1	1
0	213	I0	8	H	215	S0	10	H	1.0	-1.0	0	1	0
0	17	L0	8	H	19	V0	3	H	1.0	-1.0	0	1	1
0	17	L0	5	H	19	V0	10	H	1.0	-1.0	0	1	0
0	230	L1	12	H	262	M1	12	H	16.0	-16.0	0	0	1
0	230	L1	1	H	262	M1	1	H	16.0	-16.0	0	0	0
0	178	L1	4	H	116	S1	2	H	31.0	31.0	0	0	0
0	9	G0	11	H	0	O0	-1	S	0.5	0.5	1	0	1
0	9	G0	2	H	0	O0	-1	S	0.5	0.5	1	0	0
0	91	F0	12	H	283	I0	4	S	96.0	-96.0	0	0	0
0	170	E1	1	H	168	A1	8	H	1.0	1.0	0	0	1
0	170	E1	3	H	168	A1	9	H	1.0	1.0	0	0	0
0	86	F1	8	H	203	K0	8	H	59.0	-59.0	0	0	0
0	36	E1	10	H	0	O0	-1	S	0.5	0.5	1	0	1
0	36	E1	9	H	0	O0	-1	S	0.5	0.5	1	0	0
0	98	L1	1	H	120	D1	9	S	11.0	-11.0	0	0	0
0	264	N1	4	H	0	O0	-1	S	0.5	0.5	1	0	1
0	264	N1	6	H	0	O0	-1	S	0.5	0.5	1	0	0
0	74	P1	6	H	207	L0	4	S	67.0	-67.0	0	0	0
0	164	H1	12	C	275	F0	5	H	56.0	-56.0	0	0	1
0	164	H1	9	C	275	F0	7	H	56.0	-56.0	0	0	0
0	174	K1	11	C	16	Q1	1	H	79.0	79.0	0	0	0
0	247	G0	8	C	252	D1	2	H	2.0	-2.0	0	0	1
0	247	G0	7	C	252	D1	8	H	2.0	-2.0	0	0	0
0	214	I1	10	C	121	L0	7	H	46.0	46.0	0	0	0
0	0	O0	-1	S	293	K0	10	H	0.5	0.5	1	0	1
0	0	O0	-1	S	293	K0	6	H	0.5	0.5	1	0	0
0	124	K1	10	S	115	S0	1	H	4.0	4.0	0	0	0
0	45	G0	10	H	236	R1	11	H	95.0	-95.0	0	0	1
0	45	G0	7	H	236	R1	9	H	95.0	-95.0	0	0	0
0	14	W1	4	H	231	H0	12	H	109.0	-109.0	0	0	0
0	217	E0	9	H	225	H0	4	H	4.0	-4.0	0	0	1
0	217	E0	4	H	225	H0	2	H	4.0	-4.0	0	0	0
0	37	A0	5	H	190	T1	8	H	76.0	-76.0	0	0	0
0	170	E1	11	H	148	A1	10	H	11.0	11.0	0	0	1
0	170	E1	3	H	148	A1	9	H	11.0	11.0	0	0	0
0	2	V1	2	H	242	G1	7	H	120.0	-120.0	0	0	0
0	0	O0	-1	S	52	Q1	12	H	0.5	0.5	1	0	1
0	0	O0	-1	S	52	Q1	2	H	0.5	0.5	1	0	0
0	112	K1	6	S	276	F1	2	H	82.0	-82.0	0	0	0
0	171	L0	3	H	169	E0	9	H	1.0	1.0	0	1	1
0	171	L0	7	H	169	E0	7	H	1.0	1.0	0	1	0
0	69	S0	12	H	70	S1	1	H	0.0	0.0	0	1	1
0	69	S0	5	H	70	S1	2	H	0.0	0.0	0	1	0
0	123	K0	8	H	125	K0	3	H	1.0	-1.0	0	1	1
0	123	K0	10	H	125	K0	11	H	1.0	-1.0	0	1	0
0	272	E1	10	H	0	O0	-1	S	0.5	0.5	1	0	1
0	272	E1	6	H	0	O0	-1	S	0.5	0.5	1	0	0
0	11	E0	10	H	82	E1	5	S	35.0	-35.0	0	0	0
0	67	K0	6	H	0	O0	-1	S	0.5	0.5	1	0	1
0	67	K0	11	H	0	O0	-1	S	0.5	0.5	1	0	0
0	104	E1	2	H	81	E0	5	S	11.0	11.0	0	0	0
0	39	D0	1	H	0	O0	-1	S	0.5	0.5	1	0	1
0	39	D0	12	H	0	O0	-1	S	0.5	0.5	1	0	0
0	186	H1	12	H	35	E0	12	S	75.0	75.0	0	0	0
0	59	I0	12	H	60	I1	1	H	0.0	0.0	0	1	1
0	59	I0	8	H	60	I1	9	H	0.0	0.0	0	1	0
0	155	K0	6	C	0	O0	-1	S	0.5	0.5	1	0	1
0	155	K0	12	C	0	O0	-1	S	0.5	0.5	1	0	0
0	79	L0	4	C	232	H1	3	S	76.0	-76.0	0	0	0
0	217	E0	11	H	0	O0	-1	S	0.5	0.5	1	0	1
0	217	E0	2	H	0	O0	-1	S	0.5	0.5	1	0	0
0	224	I1	9	H	83	K0	10	S	70.0	70.0	0	0	0
0	196	K1	12	C	0	O0	-1	S	0.5	0.5	1	0	1
0	196	K1	9	C	0	O0	-1	S	0.5	0.5	1	0	0
0	97	L0	4	C	233	S0	9	S	68.0	-68.0	0	0	0
0	20	V1	5	H	261	M0	5	H	121.0	-121.0	0	0	1
0	20	V1	9	H	261	M0	2	H	121.0	-121.0	0	0	0
0	150	I1	8	H	119	D0	5	H	15.0	15.0	0	0	0
0	256	Q1	10	H	0	O0	-1	S	0.5	0.5	1	0	1
0	256	Q1	2	H	0	O0	-1	S	0.5	0.5	1	0	0
0	299	G0	8	H	174	K1	6	S	63.0	63.0	0	0	0
0	232	H1	6	H	0	O0	-1	S	0.5	0.5	1	0	1
0	232	H1	3	H	0	O0	-1	S	0.5	0.5	1	0	0
0	87	D0	9	H	79	L0	11	S	4.0	4.0	0	0	0
0	34	V1	4	H	230	L1	5	H	98.0	-98.0	0	0	1
0	34	V1	10	H	230	L1	9	H	98.0	-98.0	0	0	0
0	240	P1	9	H	160	G1	7	H	40.0	40.0	0	0	0
0	170	E1	5	H	0	O0	-1	S	0.5	0.5	1	0	1
0	170	E1	3	H	0	O0	-1	S	0.5	0.5	1	0	0
0	11	E0	10	H	91	F0	5	S	40.0	-40.0	0	0	0
0	263	N0	8	H	265	K0	3	H	1.0	-1.0	0	1	1
0	263	N0	6	H	265	K0	10	H	1.0	-1.0	0	1	0
0	108	E1	12	H	100	K1	8	C	4.0	4.0	0	0	1
0	108	E1	10	H	100	K1	5	C	4.0	4.0	0	0	0
0	156	K1	11	H	198	I1	11	C	21.0	-21.0	0	0	0
0	62	R1	9	H	70	S1	4	H	4.0	-4.0	0	0	1
0	62	R1	1	H	70	S1	7	H	4.0	-4.0	0	0	0
0	257	G0	2	H	296	E1	4	H	19.0	-19.0	0	0	0
0	0	O0	-1	S	177	L0	4	H	0.5	0.5	1	0	1
0	0	O0	-1	S	177	L0	10	H	0.5	0.5	1	0	0
0	142	A1	6	S	147	A0	8	H	3.0	-3.0	0	0	0
0	80	L1	12	H	0	O0	-1	S	0.5	0.5	1	0	1
0	80	L1	11	H	0	O0	-1	S	0.5	0.5	1	0	0
0	9	G0	7	H	37	A0	5	S	14.0	-14.0	0	0	0
0	237	H0	9	C	239	P0	3	H	1.0	-1.0	0	1	1
0	237	H0	5	C	239	P0	12	H	1.0	-1.0	0	1	0
0	251	D0	1	H	257	G0	7	H	3.0	-3.0	0	0	1
0	251	D0	7	H	257	G0	8	H	3.0	-3.0	0	0	0
0	243	N0	6	H	84	K1	11	H	80.0	80.0	0	0	0
0	249	A0	6	H	0	O0	-1	S	0.5	0.5	1	0	1
0	249	A0	8	H	0	O0	-1	S	0.5	0.5	1	0	0
0	150	I1	8	H	257	G0	8	S	54.0	-54.0	0	0	0
0	176	P1	8	H	0	O0	-1	S	0.5	0.5	1	0	1
0	176	P1	1	H	0	O0	-1	S	0.5	0.5	1	0	0
0	141	A0	7	H	130	G1	3	S	6.0	6.0	0	0	0
0	182	Q1	12	H	0	O0	-1	S	0.5	0.5	1	0	1
0	182	Q1	8	H	0	O0	-1	S	0.5	0.5	1	0	0
0	187	A0	4	H	208	L1	5	S	10.0	-10.0	0	0	0
0	149	I0	12	H	150	I1	1	H	0.0	0.0	0	1	1
0	149	I0	9	H	150	I1	8	H	0.0	0.0	0	1	0
0	257	G0	10	H	266	K1	3	H	4.0	-4.0	0	0	1
0	257	G0	4	H	266	K1	1	H	4.0	-4.0	0	0	0
0	211	F0	6	H	299	G0	4	H	44.0	-44.0	0	0	0
0	131	V0	9	H	133	T0	3	H	1.0	-1.0	0	1	1
0	131	V0	8	H	133	T0	11	H	1.0	-1.0	0	1	0
0	0	O0	-1	S	69	S0	6	H	0.5	0.5	1	0	1
0	0	O0	-1	S	69	S0	5	H	0.5	0.5	1	0	0
0	155	K0	12	S	220	A1	3	H	32.0	-32.0	0	0	0
0	156	K1	6	C	0	O0	-1	S	0.5	0.5	1	0	1
0	156	K1	10	C	0	O0	-1	S	0.5	0.5	1	0	0
0	84	K1	8	C	259	A0	11	S	88.0	-88.0	0	0	0
0	79	L0	9	H	85	F0	7	C	3.0	-3.0	0	0	1
0	79	L0	11	H	85	F0	2	C	3.0	-3.0	0	0	0
0	284	I1	10	H	166	E1	6	C	59.0	59.0	0	0	0
0	302	Y1	1	C	0	O0	-1	S	0.5	0.5	1	0	1
0	302	Y1	3	C	0	O0	-1	S	0.5	0.5	1	0	0
0	64	L1	12	C	272	E1	8	S	104.0	-104.0	0	0	0
0	16	Q1	2	H	18	L1	1	H	1.0	-1.0	0	0	1
0	16	Q1	1	H	18	L1	4	H	1.0	-1.0	0	0	0
0	175	P0	12	H	182	Q1	5	H	3.0	-3.0	0	0	0
0	212	F1	5	H	0	O0	-1	S	0.5	0.5	1	0	1
0	212	F1	9	H	0	O0	-1	S	0.5	0.5	1	0	0
0	39	D0	12	H	261	M0	7	S	111.0	-111.0	0	0	0
0	43	A0	9	H	45	G0	3	H	1.0	-1.0	0	1	1
0	43	A0	8	H	45	G0	4	H	1.0	-1.0	0	1	0
0	168	A1	6	H	0	O0	-1	S	0.5	0.5	1	0	1
0	168	A1	3	H	0	O0	-1	S	0.5	0.5	1	0	0
0	197	I0	1	H	4	L1	9	S	97.0	97.0	0	0	0
0	0	O0	-1	S	125	K0	5	H	0.5	0.5	1	0	1
0	0	O0	-1	S	125	K0	2	H	0.5	0.5	1	0	0
0	112	K1	9	S	57	L0	8	H	27.0	27.0	0	0	0
0	101	T0	6	C	0	O0	-1	S	0.5	0.5	1	0	1
0	101	T0	4	C	0	O0	-1	S	0.5	0.5	1	0	0
0	195	K0	4	C	56	I1	6	S	70.0	70.0	0	0	0
0	147	A0	6	H	0	O0	-1	S	0.5	0.5	1	0	1
0	147	A0	8	H	0	O0	-1	S	0.5	0.5	1	0	0
0	232	H1	3	H	29	A0	8	S	101.0	101.0	0	0	0
0	172	L1	5	H	150	I1	11	H	11.0	11.0	0	0	1
0	172	L1	8	H	150	I1	2	H	11.0	11.0	0	0	0
0	238	H1	3	H	170	E1	3	H	34.0	34.0	0	0	0
0	62	R1	12	H	226	H1	12	H	82.0	-82.0	0	0	1
0	62	R1	3	H	226	H1	3	H	82.0	-82.0	0	0	0
0	75	E0	1	H	71	H0	6	H	2.0	2.0	0	0	0
0	91	F0	6	C	98	L1	7	C	3.0	-3.0	0	0	1
0	91	F0	10	C	98	L1	5	C	3.0	-3.0	0	0	0
0	44	A1	11	C	74	P1	6	C	15.0	-15.0	0	0	0
0	0	O0	-1	S	112	K1	11	H	0.5	0.5	1	0	1
0	0	O0	-1	S	112	K1	5	H	0.5	0.5	1	0	0
0	257	G0	8	S	216	S1	8	H	21.0	21.0	0	0	0
0	0	O0	-1	S	80	L1	12	H	0.5	0.5	1	0	1
0	0	O0	-1	S	80	L1	4	H	0.5	0.5	1	0	0
0	58	L1	1	S	97	L0	1	H	20.0	-20.0	0	0	0
0	188	A1	8	H	190	T1	3	H	1.0	-1.0	0	0	1
0	188	A1	3	H	190	T1	8	H	1.0	-1.0	0	0	0
0	253	A0	2	H	185	H0	12	H	34.0	34.0	0	0	0
0	32	K1	12	H	244	N1	12	H	106.0	-106.0	0	0	1
0	32	K1	3	H	244	N1	1	H	106.0	-106.0	0	0	0
0	252	D1	8	H	188	A1	2	H	32.0	32.0	0	0	0
0	100	K1	6	C	0	O0	-1	S	0.5	0.5	1	0	1
0	100	K1	3	C	0	O0	-1	S	0.5	0.5	1	0	0
0	97	L0	5	C	288	A1	3	S	95.0	-95.0	0	0	0
0	108	E1	4	H	0	O0	-1	S	0.5	0.5	1	0	1
0	108	E1	10	H	0	O0	-1	S	0.5	0.5	1	0	0
0	155	K0	5	H	296	E1	4	S	70.0	-70.0	0	0	0
0	58	L1	9	H	66	F1	4	H	4.0	-4.0	0	0	1
0	58	L1	7	H	66	F1	9	H	4.0	-4.0	0	0	0
0	150	I1	3	H	250	A1	3	H	50.0	-50.0	0	0	0
0	223	I0	1	H	230	L1	7	H	3.0	-3.0	0	0	1
0	223	I0	8	H	230	L1	6	H	3.0	-3.0	0	0	0
0	224	I1	2	H	183	S0	11	H	20.0	20.0	0	0	0
0	78	T1	4	H	212	F1	8	H	67.0	-67.0	0	0	1
0	78	T1	11	H	212	F1	9	H	67.0	-67.0	0	0	0
0	240	P1	9	H	296	E1	10	H	28.0	-28.0	0	0	0
0	282	D1	6	H	0	O0	-1	S	0.5	0.5	1	0	1
0	282	D1	10	H	0	O0	-1	S	0.5	0.5	1	0	0
0	295	E0	2	H	288	A1	9	S	4.0	4.0	0	0	0
0	8	E1	6	H	158	K1	10	C	75.0	-75.0	0	0	1
0	8	E1	9	H	158	K1	9	C	75.0	-75.0	0	0	0
0	55	I0	8	H	187	A0	4	C	66.0	-66.0	0	0	0
0	202	I1	7	H	0	O0	-1	S	0.5	0.5	1	0	1
0	202	I1	1	H	0	O0	-1	S	0.5	0.5	1	0	0
0	152	L1	12	H	86	F1	8	S	33.0	33.0	0	0	0
0	219	A0	8	H	221	I0	3	H	1.0	-1.0	0	1	1
0	219	A0	7	H	221	I0	11	H	1.0	-1.0	0	1	0
0	33	V0	9	H	39	D0	7	H	3.0	-3.0	0	0	1
0	33	V0	4	H	39	D0	5	H	3.0	-3.0	0	0	0
0	255	Q0	1	H	139	T0	5	H	58.0	58.0	0	0	0
0	267	A0	1	H	273	L0	7	H	3.0	-3.0	0	0	1
0	267	A0	10	H	273	L0	12	H	3.0	-3.0	0	0	0
0	128	H1	10	H	84	K1	8	H	22.0	22.0	0	0	0
0	5	S0	9	C	7	E0	3	H	1.0	-1.0	0	1	1
0	5	S0	2	C	7	E0	6	H	1.0	-1.0	0	1	0
0	241	G0	6	H	0	O0	-1	S	0.5	0.5	1	0	1
0	241	G0	7	H	0	O0	-1	S	0.5	0.5	1	0	0
0	206	Y1	9	H	158	K1	7	S	24.0	24.0	0	0	0
0	5	S0	4	C	0	O0	-1	S	0.5	0.5	1	0	1
0	5	S0	1	C	0	O0	-1	S	0.5	0.5	1	0	0
0	205	Y0	12	C	51	Q0	11	S	77.0	77.0	0	0	0
0	0	O0	-1	S	218	E1	12	H	0.5	0.5	1	0	1
0	0	O0	-1	S	218	E1	1	H	0.5	0.5	1	0	0
0	212	F1	9	S	51	Q0	11	H	80.0	80.0	0	0	0
0	184	S1	11	H	0	O0	-1	S	0.5	0.5	1	0	1
0	184	S1	4	H	0	O0	-1	S	0.5	0.5	1	0	0
0	166	E1	6	H	249	A0	2	S	42.0	-42.0	0	0	0
0	22	L1	12	H	0	O0	-1	S	0.5	0.5	1	0	1
0	22	L1	1	H	0	O0	-1	S	0.5	0.5	1	0	0
0	129	G0	8	H	228	V1	5	S	49.0	-49.0	0	0	0
0	0	O0	-1	S	248	G1	6	C	0.5	0.5	1	0	1
0	0	O0	-1	S	248	G1	4	C	0.5	0.5	1	0	0
0	291	Y0	6	S	179	A0	10	C	56.0	56.0	0	0	0
0	99	K0	8	C	102	T1	3	C	1.0	-1.0	0	0	1
0	99	K0	1	C	102	T1	12	C	1.0	-1.0	0	0	0
0	274	L1	1	C	167	A0	4	C	53.0	53.0	0	0	0
0	76	E1	8	H	212	F1	12	H	68.0	-68.0	0	0	1
0	76	E1	9	H	212	F1	9	H	68.0	-68.0	0	0	0
0	110	M1	6	H	55	I0	8	H	27.0	27.0	0	0	0
0	234	S1	6	H	0	O0	-1	S	0.5	0.5	1	0	1
0	234	S1	9	H	0	O0	-1	S	0.5	0.5	1	0	0
0	84	K1	6	H	192	K1	2	S	54.0	-54.0	0	0	0
0	270	L1	7	H	263	N0	1	H	3.0	3.0	0	0	1
0	270	L1	6	H	263	N0	2	H	3.0	3.0	0	0	0
0	5	S0	1	H	225	H0	2	H	110.0	-110.0	0	0	0
0	225	H0	6	H	232	H1	7	H	3.0	-3.0	0	0	1
0	225	H0	10	H	232	H1	3	H	3.0	-3.0	0	0	0
0	90	R1	12	H	235	R0	1	H	73.0	-73.0	0	0	0
0	189	T0	12	H	190	T1	1	H	0.0	0.0	0	1	1
0	189	T0	8	H	190	T1	2	H	0.0	0.0	0	1	0
0	35	E0	10	H	0	O0	-1	S	0.5	0.5	1	0	1
0	35	E0	5	H	0	O0	-1	S	0.5	0.5	1	0	0
0	4	L1	10	H	41	V0	1	S	19.0	-19.0	0	0	0
0	258	G1	5	H	0	O0	-1	S	0.5	0.5	1	0	1
0	258	G1	9	H	0	O0	-1	S	0.5	0.5	1	0	0
0	234	S1	5	H	90	R1	12	S	72.0	72.0	0	0	0
0	126	K1	12	H	0	O0	-1	S	0.5	0.5	1	0	1
0	126	K1	2	H	0	O0	-1	S	0.5	0.5	1	0	0
0	73	P0	1	H	234	S1	3	S	80.0	-80.0	0	0	0
0	1	V0	12	C	2	V1	1	C	0.0	0.0	0	1	1
0	1	V0	1	C	2	V1	3	C	0.0	0.0	0	1	0
0	225	H0	5	H	0	O0	-1	S	0.5	0.5	1	0	1
0	225	H0	10	H	0	O0	-1	S	0.5	0.5	1	0	0
0	177	L0	12	H	223	I0	8	S	23.0	-23.0	0	0	0
0	159	G0	9	C	161	H0	3	C	1.0	-1.0	0	1	1
0	159	G0	7	C	161	H0	12	C	1.0	-1.0	0	1	0
0	167	A0	10	H	0	O0	-1	S	0.5	0.5	1	0	1
0	167	A0	4	H	0	O0	-1	S	0.5	0.5	1	0	0
0	32	K1	3	H	194	H1	12	S	81.0	-81.0	0	0	0
0	252	D1	12	H	0	O0	-1	S	0.5	0.5	1	0	1
0	252	D1	3	H	0	O0	-1	S	0.5	0.5	1	0	0
0	206	Y1	6	H	54	D1	3	S	76.0	76.0	0	0	0
0	0	O0	-1	S	71	H0	5	C	0.5	0.5	1	0	1
0	0	O0	-1	S	71	H0	12	C	0.5	0.5	1	0	0
0	154	K1	2	S	71	H0	6	C	41.0	41.0	0	0	0
0	89	R0	6	C	0	O0	-1	S	0.5	0.5	1	0	1
0	89	R0	10	C	0	O0	-1	S	0.5	0.5	1	0	0
0	104	E1	5	C	293	K0	2	S	95.0	-95.0	0	0	0
0	32	K1	10	H	0	O0	-1	S	0.5	0.5	1	0	1
0	32	K1	5	H	0	O0	-1	S	0.5	0.5	1	0	0
0	214	I1	4	H	6	S1	7	S	104.0	104.0	0	0	0
0	96	H1	11	C	0	O0	-1	S	0.5	0.5	1	0	1
0	96	H1	3	C	0	O0	-1	S	0.5	0.5	1	0	0
0	213	I0	1	C	274	L1	8	S	30.0	-30.0	0	0	0
0	154	K1	8	H	0	O0	-1	S	0.5	0.5	1	0	1
0	154	K1	5	H	0	O0	-1	S	0.5	0.5	1	0	0
0	63	L0	2	H	123	K0	2	S	30.0	-30.0	0	0	0
0	265	K0	9	H	267	A0	3	H	1.0	-1.0	0	1	1
0	265	K0	12	H	267	A0	11	H	1.0	-1.0	0	1	0
0	280	K1	2	H	282	D1	3	H	1.0	-1.0	0	0	1
0	280	K1	3	H	282	D1	9	H	1.0	-1.0	0	0	0
0	190	T1	2	H	123	K0	2	H	33.0	33.0	0	0	0
0	45	G0	8	H	47	H0	3	H	1.0	-1.0	0	1	1
0	45	G0	7	H	47	H0	2	H	1.0	-1.0	0	1	0
0	38	A1	8	H	0	O0	-1	S	0.5	0.5	1	0	1
0	38	A1	2	H	0	O0	-1	S	0.5	0.5	1	0	0
0	155	K0	4	H	178	L1	4	S	11.0	-11.0	0	0	0
0	195	K0	11	C	196	K1	2	C	0.0	0.0	0	1	1
0	195	K0	12	C	196	K1	9	C	0.0	0.0	0	1	0
0	238	H1	4	C	48	H1	11	H	95.0	95.0	0	0	1
0	238	H1	3	C	48	H1	6	H	95.0	95.0	0	0	0
0	61	R0	12	C	172	L1	8	H	55.0	-55.0	0	0	0
0	250	A1	6	H	0	O0	-1	S	0.5	0.5	1	0	1
0	250	A1	5	H	0	O0	-1	S	0.5	0.5	1	0	0
0	20	V1	9	H	174	K1	6	S	77.0	-77.0	0	0	0
0	218	E1	12	H	0	O0	-1	S	0.5	0.5	1	0	1
0	218	E1	10	H	0	O0	-1	S	0.5	0.5	1	0	0
0	215	S0	5	H	302	Y1	3	S	43.0	-43.0	0	0	0
0	296	E1	6	H	0	O0	-1	S	0.5	0.5	1	0	1
0	296	E1	12	H	0	O0	-1	S	0.5	0.5	1	0	0
0	126	K1	11	H	203	K0	1	S	39.0	-39.0	0	0	0
0	67	K0	9	H	0	O0	-1	S	0.5	0.5	1	0	1
0	67	K0	4	H	0	O0	-1	S	0.5	0.5	1	0	0
0	224	I1	9	H	54	D1	3	S	85.0	85.0	0	0	0
0	165	E0	8	H	167	A0	3	H	1.0	-1.0	0	1	1
0	165	E0	5	H	167	A0	7	H	1.0	-1.0	0	1	0
0	192	K1	11	C	0	O0	-1	S	0.5	0.5	1	0	1
0	192	K1	2	C	0	O0	-1	S	0.5	0.5	1	0	0
0	159	G0	6	C	154	K1	2	S	3.0	3.0	0	0	0
0	93	K0	9	C	95	H0	3	C	1.0	-1.0	0	1	1
0	93	K0	10	C	95	H0	2	C	1.0	-1.0	0	1	0
0	37	A0	1	H	0	O0	-1	S	0.5	0.5	1	0	1
0	37	A0	4	H	0	O0	-1	S	0.5	0.5	1	0	0
0	294	K1	1	H	63	L0	10	S	115.0	115.0	0	0	0
0	293	K0	1	H	299	G0	1	C	3.0	-3.0	0	0	1
0	293	K0	12	H	299	G0	11	C	3.0	-3.0	0	0	0
0	234	S1	9	H	53	D0	11	C	90.0	90.0	0	0	0
0	169	E0	6	H	0	O0	-1	S	0.5	0.5	1	0	1
0	169	E0	12	H	0	O0	-1	S	0.5	0.5	1	0	0
0	295	E0	2	H	153	K0	4	S	71.0	71.0	0	0	0
0	0	O0	-1	S	194	H1	11	C	0.5	0.5	1	0	1
0	0	O0	-1	S	194	H1	1	C	0.5	0.5	1	0	0
0	55	I0	8	S	119	D0	5	C	32.0	-32.0	0	0	0
0	189	T0	1	H	196	K1	5	C	3.0	-3.0	0	0	1
0	189	T0	8	H	196	K1	9	C	3.0	-3.0	0	0	0
0	45	G0	5	H	122	L1	10	C	38.0	-38.0	0	0	0
0	192	K1	10	C	0	O0	-1	S	0.5	0.5	1	0	1
0	192	K1	2	C	0	O0	-1	S	0.5	0.5	1	0	0
0	217	E0	12	C	145	G0	8	S	36.0	36.0	0	0	0
0	224	I1	11	H	264	N1	5	H	20.0	-20.0	0	0	1
0	224	I1	9	H	264	N1	6	H	20.0	-20.0	0	0	0
0	227	V0	11	H	222	I1	12	H	3.0	3.0	0	0	0
0	0	O0	-1	S	242	G1	5	H	0.5	0.5	1	0	1
0	0	O0	-1	S	242	G1	6	H	0.5	0.5	1	0	0
0	52	Q1	11	S	249	A0	8	H	99.0	-99.0	0	0	0
0	217	E0	5	H	0	O0	-1	S	0.5	0.5	1	0	1
0	217	E0	4	H	0	O0	-1	S	0.5	0.5	1	0	0
0	99	K0	12	H	177	L0	7	S	39.0	-39.0	0	0	0
0	26	V1	10	H	230	L1	10	H	102.0	-102.0	0	0	1
0	26	V1	11	H	230	L1	1	H	102.0	-102.0	0	0	0
0	6	S1	2	H	134	T1	4	H	64.0	-64.0	0	0	0
0	13	W0	11	H	14	W1	2	H	0.0	0.0	0	1	1
0	13	W0	6	H	14	W1	10	H	0.0	0.0	0	1	0
0	120	D1	4	H	0	O0	-1	S	0.5	0.5	1	0	1
0	120	D1	6	H	0	O0	-1	S	0.5	0.5	1	0	0
0	7	E0	6	H	106	A1	2	S	49.0	-49.0	0	0	0
0	0	O0	-1	S	226	H1	5	H	0.5	0.5	1	0	1
0	0	O0	-1	S	226	H1	1	H	0.5	0.5	1	0	0
0	194	H1	1	S	6	S1	3	H	94.0	94.0	0	0	0
0	15	Q0	8	H	17	L0	3	H	1.0	-1.0	0	1	1
0	15	Q0	2	H	17	L0	4	H	1.0	-1.0	0	1	0
0	294	K1	12	H	0	O0	-1	S	0.5	0.5	1	0	1
0	294	K1	1	H	0	O0	-1	S	0.5	0.5	1	0	0
0	101	T0	10	H	242	G1	7	S	70.0	-70.0	0	0	0
0	162	H1	10	C	0	O0	-1	S	0.5	0.5	1	0	1
0	162	H1	7	C	0	O0	-1	S	0.5	0.5	1	0	0
0	106	A1	8	C	235	R0	10	S	65.0	-65.0	0	0	0
0	239	P0	1	H	245	F0	7	C	3.0	-3.0	0	0	1
0	239	P0	6	H	245	F0	10	C	3.0	-3.0	0	0	0
0	134	T1	4	H	115	S0	11	C	9.0	9.0	0	0	0
0	0	O0	-1	S	214	I1	12	H	0.5	0.5	1	0	1
0	0	O0	-1	S	214	I1	2	H	0.5	0.5	1	0	0
0	77	T0	5	S	245	F0	5	H	84.0	-84.0	0	0	0
0	0	O0	-1	S	41	V0	7	H	0.5	0.5	1	0	1
0	0	O0	-1	S	41	V0	11	H	0.5	0.5	1	0	0
0	230	L1	6	S	77	T0	2	H	76.0	76.0	0	0	0
0	85	F0	9	C	87	D0	3	C	1.0	-1.0	0	1	1
0	85	F0	12	C	87	D0	12	C	1.0	-1.0	0	1	0
0	269	L0	11	H	270	L1	2	H	0.0	0.0	0	1	1
0	269	L0	5	H	270	L1	6	H	0.0	0.0	0	1	0
0	21	L0	1	H	25	V0	2	H	2.0	-2.0	0	0	1
0	21	L0	10	H	25	V0	11	H	2.0	-2.0	0	0	0
0	246	F1	3	H	125	K0	11	H	60.0	60.0	0	0	0
0	239	P0	11	H	0	O0	-1	S	0.5	0.5	1	0	1
0	239	P0	4	H	0	O0	-1	S	0.5	0.5	1	0	0
0	135	V0	2	H	220	A1	3	S	42.0	-42.0	0	0	0
0	7	E0	8	H	0	O0	-1	S	0.5	0.5	1	0	1
0	7	E0	6	H	0	O0	-1	S	0.5	0.5	1	0	0
0	20	V1	12	H	73	P0	11	S	27.0	-27.0	0	0	0
0	61	R0	8	H	63	L0	3	H	1.0	-1.0	0	1	1
0	61	R0	12	H	63	L0	11	H	1.0	-1.0	0	1	0
0	0	O0	-1	S	211	F0	5	H	0.5	0.5	1	0	1
0	0	O0	-1	S	211	F0	12	H	0.5	0.5	1	0	0
0	143	L0	2	S	132	V1	8	H	6.0	6.0	0	0	0
0	141	A0	9	H	143	L0	3	H	1.0	-1.0	0	1	1
0	141	A0	2	H	143	L0	12	H	1.0	-1.0	0	1	0
0	32	K1	6	H	0	O0	-1	S	0.5	0.5	1	0	1
0	32	K1	5	H	0	O0	-1	S	0.5	0.5	1	0	0
0	56	I1	4	H	172	L1	6	S	58.0	-58.0	0	0	0
0	228	V1	6	H	0	O0	-1	S	0.5	0.5	1	0	1
0	228	V1	7	H	0	O0	-1	S	0.5	0.5	1	0	0
0	113	A0	1	H	261	M0	7	S	74.0	-74.0	0	0	0
0	0	O0	-1	S	120	D1	12	H	0.5	0.5	1	0	1
0	0	O0	-1	S	120	D1	1	H	0.5	0.5	1	0	0
0	43	A0	11	S	14	W1	4	H	15.0	15.0	0	0	0
0	166	E1	3	H	161	H0	6	C	2.0	2.0	0	0	1
0	166	E1	5	H	161	H0	10	C	2.0	2.0	0	0	0
0	226	H1	8	H	116	S1	7	C	55.0	55.0	0	0	0
0	0	O0	-1	S	170	E1	6	H	0.5	0.5	1	0	1
0	0	O0	-1	S	170	E1	3	H	0.5	0.5	1	0	0
0	201	I0	1	S	244	N1	7	H	21.0	-21.0	0	0	0
0	0	O0	-1	S	285	A0	10	H	0.5	0.5	1	0	1
0	0	O0	-1	S	285	A0	4	H	0.5	0.5	1	0	0
0	259	A0	11	S	139	T0	5	H	60.0	60.0	0	0	0
0	166	E1	11	H	0	O0	-1	S	0.5	0.5	1	0	1
0	166	E1	5	H	0	O0	-1	S	0.5	0.5	1	0	0
0	118	E1	8	H	245	F0	12	S	64.0	-64.0	0	0	0
0	146	G1	5	H	28	W1	10	H	59.0	59.0	0	0	1
0	146	G1	2	H	28	W1	5	H	59.0	59.0	0	0	0
0	276	F1	4	H	118	E1	8	H	79.0	79.0	0	0	0
0	28	W1	11	H	144	L1	8	H	58.0	-58.0	0	0	1
0	28	W1	5	H	144	L1	4	H	58.0	-58.0	0	0	0
0	92	F1	12	H	83	K0	4	H	4.0	4.0	0	0	0
0	183	S0	7	H	177	L0	1	H	3.0	3.0	0	0	1
0	183	S0	10	H	177	L0	7	H	3.0	3.0	0	0	0
0	270	L1	9	H	124	K1	6	H	73.0	73.0	0	0	0
0	143	L0	10	H	152	L1	3	H	4.0	-4.0	0	0	1
0	143	L0	12	H	152	L1	1	H	4.0	-4.0	0	0	0
0	78	T1	10	H	289	K0	12	H	106.0	-106.0	0	0	0
0	80	L1	9	H	93	K0	5	C	7.0	-7.0	0	0	1
0	80	L1	3	H	93	K0	11	C	7.0	-7.0	0	0	0
0	65	F0	2	H	98	L1	8	C	16.0	-16.0	0	0	0
0	32	K1	8	H	238	H1	11	C	103.0	-103.0	0	0	1
0	32	K1	5	H	238	H1	3	C	103.0	-103.0	0	0	0
0	128	H1	6	H	93	K0	2	C	17.0	17.0	0	0	0
0	215	S0	8	H	217	E0	3	H	1.0	-1.0	0	1	1
0	215	S0	11	H	217	E0	12	H	1.0	-1.0	0	1	0
0	202	I1	8	H	0	O0	-1	S	0.5	0.5	1	0	1
0	202	I1	1	H	0	O0	-1	S	0.5	0.5	1	0	0
0	238	H1	3	H	192	K1	2	S	23.0	23.0	0	0	0
0	59	I0	1	H	65	F0	7	H	3.0	-3.0	0	0	1
0	59	I0	6	H	65	F0	9	H	3.0	-3.0	0	0	0
0	272	E1	6	H	178	L1	6	H	47.0	47.0	0	0	0
0	0	O0	-1	S	155	K0	6	C	0.5	0.5	1	0	1
0	0	O0	-1	S	155	K0	12	C	0.5	0.5	1	0	0
0	114	A1	3	S	35	E0	2	C	39.0	39.0	0	0	0
0	219	A0	1	H	225	H0	7	H	3.0	-3.0	0	0	1
0	219	A0	7	H	225	H0	12	H	3.0	-3.0	0	0	0
0	11	E0	8	H	54	D1	3	H	21.0	-21.0	0	0	0
0	157	K0	12	C	158	K1	1	C	0.0	0.0	0	1	1
0	157	K0	5	C	158	K1	9	C	0.0	0.0	0	1	0
0	60	I1	6	H	110	M1	10	H	25.0	-25.0	0	0	1
0	60	I1	5	H	110	M1	12	H	25.0	-25.0	0	0	0
0	247	G0	10	H	272	E1	6	H	12.0	-12.0	0	0	0
0	249	A0	10	H	0	O0	-1	S	0.5	0.5	1	0	1
0	249	A0	8	H	0	O0	-1	S	0.5	0.5	1	0	0
0	23	H0	8	H	197	I0	12	S	87.0	-87.0	0	0	0
0	96	H1	12	C	0	O0	-1	S	0.5	0.5	1	0	1
0	96	H1	3	C	0	O0	-1	S	0.5	0.5	1	0	0
0	186	H1	8	C	296	E1	4	S	55.0	-55.0	0	0	0
0	66	F1	12	H	122	L1	11	H	28.0	-28.0	0	0	1
0	66	F1	9	H	122	L1	8	H	28.0	-28.0	0	0	0
0	54	D1	5	H	167	A0	7	H	57.0	-57.0	0	0	0
0	0	O0	-1	S	153	K0	10	H	0.5	0.5	1	0	1
0	0	O0	-1	S	153	K0	1	H	0.5	0.5	1	0	0
0	121	L0	12	S	175	P0	6	H	27.0	-27.0	0	0	0
0	2	V1	12	C	0	O0	-1	S	0.5	0.5	1	0	1
0	2	V1	2	C	0	O0	-1	S	0.5	0.5	1	0	0
0	65	F0	5	C	194	H1	2	S	64.0	-64.0	0	0	0
0	268	A1	1	H	267	A0	12	H	0.0	0.0	0	1	1
0	268	A1	9	H	267	A0	2	H	0.0	0.0	0	1	0
0	78	T1	12	H	64	L1	9	H	7.0	7.0	0	0	1
0	78	T1	10	H	64	L1	10	H	7.0	7.0	0	0	0
0	193	H0	5	H	245	F0	4	H	26.0	-26.0	0	0	0
0	0	O0	-1	S	166	E1	11	H	0.5	0.5	1	0	1
0	0	O0	-1	S	166	E1	5	H	0.5	0.5	1	0	0
0	1	V0	5	S	295	E0	2	H	147.0	-147.0	0	0	0
0	98	L1	11	C	116	S1	4	C	9.0	-9.0	0	0	1
0	98	L1	9	C	116	S1	3	C	9.0	-9.0	0	0	0
0	35	E0	12	C	36	E1	6	C	0.0	0.0	0	0	0
0	178	L1	11	H	142	A1	10	H	18.0	18.0	0	0	1
0	178	L1	4	H	142	A1	6	H	18.0	18.0	0	0	0
0	182	Q1	8	H	132	V1	8	H	25.0	25.0	0	0	0
0	105	A0	12	H	106	A1	1	H	0.0	0.0	0	1	1
0	105	A0	6	H	106	A1	8	H	0.0	0.0	0	1	0
0	267	A0	8	H	269	L0	3	H	1.0	-1.0	0	1	1
0	267	A0	10	H	269	L0	1	H	1.0	-1.0	0	1	0
0	270	L1	3	H	261	M0	10	H	4.0	4.0	0	0	1
0	270	L1	1	H	261	M0	8	H	4.0	4.0	0	0	0
0	128	H1	10	H	144	L1	6	H	8.0	-8.0	0	0	0
0	169	E0	1	H	176	P1	7	H	3.0	-3.0	0	0	1
0	169	E0	12	H	176	P1	3	H	3.0	-3.0	0	0	0
0	100	K1	5	H	242	G1	4	H	71.0	-71.0	0	0	0
0	221	I0	9	H	229	L0	4	H	4.0	-4.0	0	0	1
0	221	I0	4	H	229	L0	10	H	4.0	-4.0	0	0	0
0	88	D1	5	H	251	D0	10	H	82.0	-82.0	0	0	0
0	199	P0	4	C	200	P1	9	C	0.0	0.0	0	1	1
0	199	P0	5	C	200	P1	2	C	0.0	0.0	0	1	0
0	166	E1	4	H	0	O0	-1	S	0.5	0.5	1	0	1
0	166	E1	6	H	0	O0	-1	S	0.5	0.5	1	0	0
0	240	P1	9	H	208	L1	8	S	16.0	16.0	0	0	0
0	74	P1	8	H	0	O0	-1	S	0.5	0.5	1	0	1
0	74	P1	6	H	0	O0	-1	S	0.5	0.5	1	0	0
0	207	L0	4	H	29	A0	6	S	89.0	89.0	0	0	0
0	280	K1	11	H	0	O0	-1	S	0.5	0.5	1	0	1
0	280	K1	3	H	0	O0	-1	S	0.5	0.5	1	0	0
0	274	L1	5	H	132	V1	2	S	71.0	71.0	0	0	0
0	245	F0	11	C	246	F1	2	C	0.0	0.0	0	1	1
0	245	F0	1	C	246	F1	3	C	0.0	0.0	0	1	0
0	11	E0	6	H	260	A1	11	H	124.0	-124.0	0	0	1
0	11	E0	11	H	260	A1	3	H	124.0	-124.0	0	0	0
0	183	S0	10	H	212	F1	9	H	14.0	-14.0	0	0	0
0	112	K1	10	H	0	O0	-1	S	0.5	0.5	1	0	1
0	112	K1	9	H	0	O0	-1	S	0.5	0.5	1	0	0
0	106	A1	2	H	251	D0	10	S	73.0	-73.0	0	0	0
0	297	L0	8	H	301	Y0	7	C	2.0	-2.0	0	0	1
0	297	L0	5	H	301	Y0	5	C	2.0	-2.0	0	0	0
0	106	A1	3	H	213	I0	1	C	54.0	-54.0	0	0	0
0	72	H1	6	C	0	O0	-1	S	0.5	0.5	1	0	1
0	72	H1	1	C	0	O0	-1	S	0.5	0.5	1	0	0
0	168	A1	3	C	1	V0	3	S	83.0	83.0	0	0	0
0	173	K0	9	H	181	Q0	4	H	4.0	-4.0	0	0	1
0	173	K0	6	H	181	Q0	2	H	4.0	-4.0	0	0	0
0	65	F0	2	H	262	M1	1	H	98.0	-98.0	0	0	0
0	269	L0	9	H	271	E0	3	H	1.0	-1.0	0	1	1
0	269	L0	2	H	271	E0	6	H	1.0	-1.0	0	1	0
0	94	K1	2	C	0	O0	-1	S	0.5	0.5	1	0	1
0	94	K1	12	C	0	O0	-1	S	0.5	0.5	1	0	0
0	206	Y1	1	C	21	L0	5	S	92.0	92.0	0	0	0
0	219	A0	9	H	228	V1	3	H	4.0	-4.0	0	0	1
0	219	A0	2	H	228	V1	5	H	4.0	-4.0	0	0	0
0	3	L0	11	H	237	H0	11	H	117.0	-117.0	0	0	0
0	40	D1	6	H	0	O0	-1	S	0.5	0.5	1	0	1
0	40	D1	7	H	0	O0	-1	S	0.5	0.5	1	0	0
0	124	K1	3	H	282	D1	1	S	79.0	-79.0	0	0	0
0	243	N0	5	H	0	O0	-1	S	0.5	0.5	1	0	1
0	243	N0	12	H	0	O0	-1	S	0.5	0.5	1	0	0
0	126	K1	2	H	111	K0	2	S	7.0	7.0	0	0	0
0	134	T1	6	H	0	O0	-1	S	0.5	0.5	1	0	1
0	134	T1	2	H	0	O0	-1	S	0.5	0.5	1	0	0
0	23	H0	2	H	224	I1	2	S	100.0	-100.0	0	0	0
0	293	K0	7	H	287	A0	1	H	3.0	3.0	0	0	1
0	293	K0	6	H	287	A0	2	H	3.0	3.0	0	0	0
0	95	H0	2	H	198	I1	1	H	51.0	-51.0	0	0	0
0	301	Y0	9	C	0	O0	-1	S	0.5	0.5	1	0	1
0	301	Y0	5	C	0	O0	-1	S	0.5	0.5	1	0	0
0	295	E0	4	C	177	L0	2	S	59.0	59.0	0	0	0
0	164	H1	6	C	170	E1	8	H	3.0	-3.0	0	0	1
0	164	H1	5	C	170	E1	3	H	3.0	-3.0	0	0	0
0	176	P1	1	C	106	A1	8	H	35.0	35.0	0	0	0
0	87	D0	10	C	0	O0	-1	S	0.5	0.5	1	0	1
0	87	D0	12	C	0	O0	-1	S	0.5	0.5	1	0	0
0	241	G0	2	C	28	W1	4	S	107.0	107.0	0	0	0
0	103	E0	4	H	0	O0	-1	S	0.5	0.5	1	0	1
0	103	E0	6	H	0	O0	-1	S	0.5	0.5	1	0	0
0	110	M1	2	H	164	H1	2	S	27.0	-27.0	0	0	0
0	25	V0	9	H	27	W0	3	H	1.0	-1.0	0	1	1
0	25	V0	11	H	27	W0	12	H	1.0	-1.0	0	1	0
0	205	Y0	9	H	207	L0	3	H	1.0	-1.0	0	1	1
0	205	Y0	1	H	207	L0	2	H	1.0	-1.0	0	1	0
0	0	O0	-1	S	278	R1	8	H	0.5	0.5	1	0	1
0	0	O0	-1	S	278	R1	9	H	0.5	0.5	1	0	0
0	27	W0	8	S	113	A0	2	H	43.0	-43.0	0	0	0
0	90	R1	3	C	0	O0	-1	S	0.5	0.5	1	0	1
0	90	R1	12	C	0	O0	-1	S	0.5	0.5	1	0	0
0	151	L0	8	C	160	G1	6	S	4.0	-4.0	0	0	0
0	218	E1	11	H	0	O0	-1	S	0.5	0.5	1	0	1
0	218	E1	7	H	0	O0	-1	S	0.5	0.5	1	0	0
0	205	Y0	12	H	71	H0	12	S	67.0	67.0	0	0	0
0	178	L1	8	H	284	I1	11	H	53.0	-53.0	0	0	1
0	178	L1	6	H	284	I1	10	H	53.0	-53.0	0	0	0
0	68	K1	9	H	146	G1	12	H	39.0	-39.0	0	0	0
0	147	A0	7	H	141	A0	1	H	3.0	3.0	0	0	1
0	147	A0	2	H	141	A0	10	H	3.0	3.0	0	0	0
0	281	D0	12	H	31	K0	12	H	125.0	125.0	0	0	0
0	127	H0	11	H	128	H1	2	H	0.0	0.0	0	1	1
0	127	H0	5	H	128	H1	6	H	0.0	0.0	0	1	0
0	241	G0	9	H	243	N0	3	H	1.0	-1.0	0	1	1
0	241	G0	7	H	243	N0	8	H	1.0	-1.0	0	1	0
0	233	S0	8	H	235	R0	3	H	1.0	-1.0	0	1	1
0	233	S0	1	H	235	R0	1	H	1.0	-1.0	0	1	0
0	93	K0	12	C	94	K1	1	C	0.0	0.0	0	1	1
0	93	K0	2	C	94	K1	4	C	0.0	0.0	0	1	0
0	279	K0	8	H	281	D0	3	H	1.0	-1.0	0	1	1
0	279	K0	2	H	281	D0	2	H	1.0	-1.0	0	1	0
0	16	Q1	12	H	0	O0	-1	S	0.5	0.5	1	0	1
0	16	Q1	4	H	0	O0	-1	S	0.5	0.5	1	0	0
0	286	A1	2	H	38	A1	4	S	124.0	124.0	0	0	0
0	0	O0	-1	S	186	H1	11	H	0.5	0.5	1	0	1
0	0	O0	-1	S	186	H1	6	H	0.5	0.5	1	0	0
0	243	N0	12	S	291	Y0	6	H	24.0	-24.0	0	0	0
0	163	H0	9	C	165	E0	3	H	1.0	-1.0	0	1	1
0	163	H0	4	C	165	E0	11	H	1.0	-1.0	0	1	0
0	148	A1	11	H	0	O0	-1	S	0.5	0.5	1	0	1
0	148	A1	3	H	0	O0	-1	S	0.5	0.5	1	0	0
0	276	F1	8	H	138	L1	9	S	69.0	69.0	0	0	0
0	249	A0	9	H	251	D0	3	H	1.0	-1.0	0	1	1
0	249	A0	2	H	251	D0	10	H	1.0	-1.0	0	1	0
0	5	S0	7	C	12	E1	7	H	3.0	-3.0	0	0	1
0	5	S0	1	C	12	E1	3	H	3.0	-3.0	0	0	0
0	293	K0	12	C	242	G1	6	H	26.0	26.0	0	0	0
0	66	F1	1	H	64	L1	8	H	1.0	1.0	0	0	1
0	66	F1	9	H	64	L1	12	H	1.0	1.0	0	0	0
0	253	A0	11	H	289	K0	2	H	18.0	-18.0	0	0	0
0	141	A0	11	H	0	O0	-1	S	0.5	0.5	1	0	1
0	141	A0	2	H	0	O0	-1	S	0.5	0.5	1	0	0
0	138	L1	9	H	221	I0	2	S	42.0	-42.0	0	0	0
0	64	L1	5	H	213	I0	5	H	75.0	-75.0	0	0	1
0	64	L1	6	H	213	I0	1	H	75.0	-75.0	0	0	0
0	87	D0	6	H	61	R0	12	H	13.0	13.0	0	0	0
0	224	I1	4	H	270	L1	12	H	23.0	-23.0	0	0	1
0	224	I1	2	H	270	L1	6	H	23.0	-23.0	0	0	0
0	192	K1	2	H	0	O0	3	H	0.5	0.5	1	0	0
0	54	D1	4	H	0	O0	-1	S	0.5	0.5	1	0	1
0	54	D1	9	H	0	O0	-1	S	0.5	0.5	1	0	0
0	48	H1	10	H	301	Y0	2	S	127.0	-127.0	0	0	0
0	289	K0	9	H	291	Y0	3	H	1.0	-1.0	0	1	1
0	289	K0	2	H	291	Y0	12	H	1.0	-1.0	0	1	0
0	102	T1	9	C	105	A0	7	H	2.0	-2.0	0	0	1
0	102	T1	6	C	105	A0	6	H	2.0	-2.0	0	0	0
0	185	H0	5	C	15	Q0	12	H	85.0	85.0	0	0	0
0	197	I0	9	C	199	P0	3	C	1.0	-1.0	0	1	1
0	197	I0	12	C	199	P0	5	C	1.0	-1.0	0	1	0
0	8	E1	10	H	0	O0	-1	S	0.5	0.5	1	0	1
0	8	E1	1	H	0	O0	-1	S	0.5	0.5	1	0	0
0	111	K0	12	H	143	L0	7	S	16.0	-16.0	0	0	0
0	35	E0	6	H	42	V1	3	H	3.0	-3.0	0	0	1
0	35	E0	12	H	42	V1	11	H	3.0	-3.0	0	0	0
0	277	R0	11	H	92	F1	1	H	93.0	93.0	0	0	0
0	176	P1	12	H	0	O0	-1	S	0.5	0.5	1	0	1
0	176	P1	9	H	0	O0	-1	S	0.5	0.5	1	0	0
0	68	K1	9	H	289	K0	8	S	111.0	-111.0	0	0	0
0	223	I0	7	H	217	E0	1	H	3.0	3.0	0	0	1
0	223	I0	4	H	217	E0	12	H	3.0	3.0	0	0	0
0	53	D0	2	H	74	P1	6	H	10.0	-10.0	0	0	0
0	158	K1	5	C	22	L1	4	H	68.0	68.0	0	0	1
0	158	K1	9	C	22	L1	9	H	68.0	68.0	0	0	0
0	173	K0	2	C	50	G1	2	H	62.0	62.0	0	0	0
0	1	V0	8	C	0	O0	-1	S	0.5	0.5	1	0	1
0	1	V0	3	C	0	O0	-1	S	0.5	0.5	1	0	0
0	273	L0	6	C	111	K0	10	S	81.0	81.0	0	0	0
0	52	Q1	5	H	123	K0	11	H	36.0	-36.0	0	0	1
0	52	Q1	2	H	123	K0	10	H	36.0	-36.0	0	0	0
0	26	V1	11	H	30	A1	8	H	2.0	-2.0	0	0	0
0	292	Y1	8	H	0	O0	-1	S	0.5	0.5	1	0	1
0	292	Y1	7	H	0	O0	-1	S	0.5	0.5	1	0	0
0	261	M0	7	H	79	L0	10	S	91.0	91.0	0	0	0
0	69	S0	10	H	72	H1	2	C	1.0	-1.0	0	0	1
0	69	S0	5	H	72	H1	10	C	1.0	-1.0	0	0	0
0	206	Y1	1	H	27	W0	10	C	89.0	89.0	0	0	0
0	203	K0	3	H	201	I0	9	H	1.0	1.0	0	1	1
0	203	K0	1	H	201	I0	5	H	1.0	1.0	0	1	0
0	113	A0	5	C	0	O0	-1	S	0.5	0.5	1	0	1
0	113	A0	8	C	0	O0	-1	S	0.5	0.5	1	0	0
0	43	A0	2	C	126	K1	9	S	41.0	-41.0	0	0	0
0	0	O0	-1	S	9	G0	4	H	0.5	0.5	1	0	1
0	0	O0	-1	S	9	G0	2	H	0.5	0.5	1	0	0
0	185	H0	12	S	61	R0	6	H	62.0	62.0	0	0	0
0	0	O0	-1	S	107	E0	5	H	0.5	0.5	1	0	1
0	0	O0	-1	S	107	E0	11	H	0.5	0.5	1	0	0
0	205	Y0	1	S	171	L0	7	H	17.0	17.0	0	0	0
0	31	K0	11	H	32	K1	2	H	0.0	0.0	0	1	1
0	31	K0	12	H	32	K1	3	H	0.0	0.0	0	1	0
0	62	R1	4	H	0	O0	-1	S	0.5	0.5	1	0	1
0	62	R1	3	H	0	O0	-1	S	0.5	0.5	1	0	0
0	206	Y1	9	H	82	E1	5	S	62.0	62.0	0	0	0
0	190	T1	6	H	0	O0	-1	S	0.5	0.5	1	0	1
0	190	T1	8	H	0	O0	-1	S	0.5	0.5	1	0	0
0	25	V0	7	H	129	G0	11	S	52.0	-52.0	0	0	0
0	154	K1	6	H	0	O0	-1	S	0.5	0.5	1	0	1
0	154	K1	5	H	0	O0	-1	S	0.5	0.5	1	0	0
0	77	T0	10	H	197	I0	10	S	60.0	-60.0	0	0	0
0	38	A1	6	H	0	O0	-1	S	0.5	0.5	1	0	1
0	38	A1	3	H	0	O0	-1	S	0.5	0.5	1	0	0
0	243	N0	8	H	64	L1	3	S	90.0	90.0	0	0	0
0	90	R1	6	C	0	O0	-1	S	0.5	0.5	1	0	1
0	90	R1	12	C	0	O0	-1	S	0.5	0.5	1	0	0
0	193	H0	2	C	4	L1	9	S	95.0	95.0	0	0	0
0	75	E0	5	H	0	O0	-1	S	0.5	0.5	1	0	1
0	75	E0	11	H	0	O0	-1	S	0.5	0.5	1	0	0
0	78	T1	9	H	52	Q1	11	S	13.0	13.0	0	0	0
0	14	W1	5	H	268	A1	5	H	127.0	-127.0	0	0	1
0	14	W1	4	H	268	A1	11	H	127.0	-127.0	0	0	0
0	256	Q1	2	H	292	Y1	1	H	18.0	-18.0	0	0	0
0	232	H1	5	H	245	F0	8	C	7.0	-7.0	0	0	1
0	232	H1	3	H	245	F0	5	C	7.0	-7.0	0	0	0
0	88	D1	5	H	37	A0	4	C	25.0	25.0	0	0	0
0	275	F0	12	H	276	F1	1	H	0.0	0.0	0	1	1
0	275	F0	2	H	276	F1	2	H	0.0	0.0	0	1	0
0	232	H1	9	H	0	O0	-1	S	0.5	0.5	1	0	1
0	232	H1	3	H	0	O0	-1	S	0.5	0.5	1	0	0
0	173	K0	2	H	123	K0	7	S	25.0	25.0	0	0	0
0	216	S1	7	H	209	E0	6	H	3.0	3.0	0	0	1
0	216	S1	4	H	209	E0	7	H	3.0	3.0	0	0	0
0	137	L0	2	H	261	M0	7	H	62.0	-62.0	0	0	0
0	244	N1	5	H	0	O0	-1	S	0.5	0.5	1	0	1
0	244	N1	9	H	0	O0	-1	S	0.5	0.5	1	0	0
0	26	V1	11	H	229	L0	5	S	102.0	-102.0	0	0	0
0	66	F1	10	H	80	L1	5	H	7.0	-7.0	0	0	1
0	66	F1	9	H	80	L1	3	H	7.0	-7.0	0	0	0
0	240	P1	9	H	216	S1	4	H	12.0	12.0	0	0	0
0	210	E1	9	H	0	O0	-1	S	0.5	0.5	1	0	1
0	210	E1	3	H	0	O0	-1	S	0.5	0.5	1	0	0
0	62	R1	7	H	222	I1	6	S	80.0	-80.0	0	0	0
0	15	Q0	7	H	9	G0	1	H	3.0	3.0	0	0	1
0	15	Q0	12	H	9	G0	8	H	3.0	3.0	0	0	0
0	266	K1	9	H	22	L1	9	H	122.0	122.0	0	0	0
0	45	G0	6	H	52	Q1	7	H	3.0	-3.0	0	0	1
0	45	G0	7	H	52	Q1	11	H	3.0	-3.0	0	0	0
0	109	M0	5	H	260	A1	2	H	75.0	-75.0	0	0	0
0	143	L0	6	H	150	I1	7	H	3.0	-3.0	0	0	1
0	143	L0	5	H	150	I1	9	H	3.0	-3.0	0	0	0
0	183	S0	10	H	32	K1	3	H	76.0	76.0	0	0	0
0	108	E1	11	H	0	O0	-1	S	0.5	0.5	1	0	1
0	108	E1	2	H	0	O0	-1	S	0.5	0.5	1	0	0
0	159	G0	6	H	290	K1	1	S	65.0	-65.0	0	0	0
0	208	L1	9	H	278	R1	6	H	35.0	-35.0	0	0	1
0	208	L1	11	H	278	R1	10	H	35.0	-35.0	0	0	0
0	12	E1	9	H	94	K1	6	H	41.0	-41.0	0	0	0
0	0	O0	-1	S	62	R1	6	H	0.5	0.5	1	0	1
0	0	O0	-1	S	62	R1	3	H	0.5	0.5	1	0	0
0	120	D1	6	S	252	D1	8	H	66.0	-66.0	0	0	0
0	62	R1	8	H	220	A1	6	H	79.0	-79.0	0	0	1
0	62	R1	1	H	220	A1	8	H	79.0	-79.0	0	0	0
0	228	V1	9	H	155	K0	7	H	36.0	36.0	0	0	0
0	170	E1	12	H	149	I0	5	H	10.0	10.0	0	0	1
0	170	E1	3	H	149	I0	11	H	10.0	10.0	0	0	0
0	176	P1	3	H	228	V1	5	H	26.0	-26.0	0	0	0
0	233	S0	6	H	0	O0	-1	S	0.5	0.5	1	0	1
0	233	S0	9	H	0	O0	-1	S	0.5	0.5	1	0	0
0	166	E1	6	H	45	G0	2	S	60.0	60.0	0	0	0
0	175	P0	8	H	177	L0	3	H	1.0	-1.0	0	1	1
0	175	P0	2	H	177	L0	2	H	1.0	-1.0	0	1	0
0	174	K1	7	H	0	O0	-1	S	0.5	0.5	1	0	1
0	174	K1	2	H	0	O0	-1	S	0.5	0.5	1	0	0
0	153	K0	11	H	168	A1	2	S	7.0	-7.0	0	0	0
0	75	E0	8	H	206	Y1	11	H	65.0	-65.0	0	0	1
0	75	E0	4	H	206	Y1	6	H	65.0	-65.0	0	0	0
0	271	E0	2	H	25	V0	11	H	123.0	123.0	0	0	0
0	196	K1	10	C	0	O0	-1	S	0.5	0.5	1	0	1
0	196	K1	9	C	0	O0	-1	S	0.5	0.5	1	0	0
0	142	A1	2	C	217	E0	4	S	38.0	-38.0	0	0	0
0	3	L0	9	C	5	S0	3	C	1.0	-1.0	0	1	1
0	3	L0	6	C	5	S0	2	C	1.0	-1.0	0	1	0
0	294	K1	3	H	0	O0	-1	S	0.5	0.5	1	0	1
0	294	K1	1	H	0	O0	-1	S	0.5	0.5	1	0	0
0	302	Y1	3	H	50	G1	6	S	126.0	126.0	0	0	0
0	165	E0	4	H	166	E1	9	H	0.0	0.0	0	1	1
0	165	E0	5	H	166	E1	6	H	0.0	0.0	0	1	0
0	196	K1	8	C	0	O0	-1	S	0.5	0.5	1	0	1
0	196	K1	9	C	0	O0	-1	S	0.5	0.5	1	0	0
0	286	A1	3	C	78	T1	9	S	104.0	104.0	0	0	0
0	123	K0	6	H	130	G1	7	H	3.0	-3.0	0	0	1
0	123	K0	2	H	130	G1	10	H	3.0	-3.0	0	0	0
0	273	L0	2	H	170	E1	3	H	52.0	52.0	0	0	0
0	88	D1	6	C	0	O0	-1	S	0.5	0.5	1	0	1
0	88	D1	5	C	0	O0	-1	S	0.5	0.5	1	0	0
0	137	L0	12	C	96	H1	9	S	21.0	21.0	0	0	0
0	102	T1	10	C	106	A1	7	H	2.0	-2.0	0	0	1
0	102	T1	2	C	106	A1	3	H	2.0	-2.0	0	0	0
0	266	K1	9	C	75	E0	4	H	95.0	95.0	0	0	0
0	102	T1	8	C	107	E0	4	H	3.0	-3.0	0	0	1
0	102	T1	12	C	107	E0	10	H	3.0	-3.0	0	0	0
0	127	H0	2	C	88	D1	5	H	20.0	20.0	0	0	0
0	108	E1	6	H	0	O0	-1	S	0.5	0.5	1	0	1
0	108	E1	2	H	0	O0	-1	S	0.5	0.5	1	0	0
0	212	F1	9	H	54	D1	5	S	79.0	79.0	0	0	0
0	113	A0	9	C	115	S0	3	C	1.0	-1.0	0	1	1
0	113	A0	1	C	115	S0	1	C	1.0	-1.0	0	1	0
0	0	O0	-1	S	118	E1	4	H	0.5	0.5	1	0	1
0	0	O0	-1	S	118	E1	8	H	0.5	0.5	1	0	0
0	285	A0	2	S	36	E1	6	H	125.0	125.0	0	0	0
0	140	T1	11	H	0	O0	-1	S	0.5	0.5	1	0	1
0	140	T1	2	H	0	O0	-1	S	0.5	0.5	1	0	0
0	17	L0	10	H	55	I0	5	S	19.0	-19.0	0	0	0
0	293	K0	10	H	0	O0	-1	S	0.5	0.5	1	0	1
0	293	K0	6	H	0	O0	-1	S	0.5	0.5	1	0	0
0	123	K0	7	H	101	T0	1	S	11.0	11.0	0	0	0
0	70	S1	11	H	0	O0	-1	S	0.5	0.5	1	0	1
0	70	S1	8	H	0	O0	-1	S	0.5	0.5	1	0	0
0	277	R0	4	H	269	L0	8	S	4.0	4.0	0	0	0
0	103	E0	1	H	109	M0	7	H	3.0	-3.0	0	0	1
0	103	E0	2	H	109	M0	9	H	3.0	-3.0	0	0	0
0	260	A1	2	H	0	O0	10	H	0.5	0.5	1	0	0
0	108	E1	5	H	0	O0	-1	S	0.5	0.5	1	0	1
0	108	E1	10	H	0	O0	-1	S	0.5	0.5	1	0	0
0	168	A1	7	H	195	K0	4	S	14.0	-14.0	0	0	0
0	131	V0	12	H	132	V1	1	H	0.0	0.0	0	1	1
0	131	V0	2	H	132	V1	2	H	0.0	0.0	0	1	0
0	18	L1	12	H	0	O0	-1	S	0.5	0.5	1	0	1
0	18	L1	9	H	0	O0	-1	S	0.5	0.5	1	0	0
0	283	I0	5	H	26	V1	11	S	129.0	129.0	0	0	0
0	139	T0	1	H	145	G0	7	H	3.0	-3.0	0	0	1
0	139	T0	4	H	145	G0	2	H	3.0	-3.0	0	0	0
0	159	G0	4	H	74	P1	6	H	43.0	43.0	0	0	0
0	205	Y0	4	H	200	P1	8	C	3.0	3.0	0	0	1
0	205	Y0	12	H	200	P1	6	C	3.0	3.0	0	0	0
0	288	A1	2	H	54	D1	5	C	117.0	117.0	0	0	0
0	295	E0	8	H	297	L0	3	H	1.0	-1.0	0	1	1
0	295	E0	4	H	297	L0	1	H	1.0	-1.0	0	1	0
0	199	P0	6	C	0	O0	-1	S	0.5	0.5	1	0	1
0	199	P0	5	C	0	O0	-1	S	0.5	0.5	1	0	0
0	134	T1	2	C	95	H0	4	S	19.0	19.0	0	0	0
0	39	D0	9	H	41	V0	3	H	1.0	-1.0	0	1	1
0	39	D0	12	H	41	V0	4	H	1.0	-1.0	0	1	0
0	154	K1	10	H	0	O0	-1	S	0.5	0.5	1	0	1
0	154	K1	5	H	0	O0	-1	S	0.5	0.5	1	0	0
0	168	A1	9	H	222	I1	6	S	27.0	-27.0	0	0	0
0	207	L0	9	H	209	E0	3	H	1.0	-1.0	0	1	1
0	207	L0	7	H	209	E0	2	H	1.0	-1.0	0	1	0
0	9	G0	4	H	0	O0	-1	S	0.5	0.5	1	0	1
0	9	G0	5	H	0	O0	-1	S	0.5	0.5	1	0	0
0	186	H1	12	H	97	L0	5	S	44.0	44.0	0	0	0
0	173	K0	5	H	290	K1	12	H	58.0	-58.0	0	0	1
0	173	K0	2	H	290	K1	5	H	58.0	-58.0	0	0	0
0	215	S0	5	H	269	L0	1	H	27.0	-27.0	0	0	0
0	171	L0	6	H	178	L1	7	H	3.0	-3.0	0	0	1
0	171	L0	12	H	178	L1	6	H	3.0	-3.0	0	0	0
0	125	K0	10	H	219	A0	7	H	47.0	-47.0	0	0	0
0	82	E1	8	C	0	O0	-1	S	0.5	0.5	1	0	1
0	82	E1	3	C	0	O0	-1	S	0.5	0.5	1	0	0
0	150	I1	2	C	275	F0	9	S	63.0	-63.0	0	0	0
0	237	H0	4	C	238	H1	9	C	0.0	0.0	0	1	1
0	237	H0	12	C	238	H1	1	C	0.0	0.0	0	1	0
0	20	V1	10	H	152	L1	10	H	66.0	-66.0	0	0	1
0	20	V1	9	H	152	L1	8	H	66.0	-66.0	0	0	0
0	71	H0	6	H	55	I0	2	H	8.0	8.0	0	0	0
0	119	D0	11	H	120	D1	2	H	0.0	0.0	0	1	1
0	119	D0	5	H	120	D1	9	H	0.0	0.0	0	1	0
0	115	S0	12	C	116	S1	1	C	0.0	0.0	0	1	1
0	115	S0	1	C	116	S1	2	C	0.0	0.0	0	1	0
0	211	F0	8	H	213	I0	3	H	1.0	-1.0	0	1	1
0	211	F0	10	H	213	I0	4	H	1.0	-1.0	0	1	0
0	173	K0	8	H	175	P0	3	H	1.0	-1.0	0	1	1
0	173	K0	2	H	175	P0	2	H	1.0	-1.0	0	1	0
0	0	O0	-1	S	167	A0	5	H	0.5	0.5	1	0	1
0	0	O0	-1	S	167	A0	2	H	0.5	0.5	1	0	0
0	70	S1	7	S	282	D1	10	H	106.0	-106.0	0	0	0
0	259	A0	12	H	260	A1	1	H	0.0	0.0	0	1	1
0	259	A0	10	H	260	A1	4	H	0.0	0.0	0	1	0
0	273	L0	5	H	0	O0	-1	S	0.5	0.5	1	0	1
0	273	L0	4	H	0	O0	-1	S	0.5	0.5	1	0	0
0	219	A0	11	H	220	A1	11	S	0.0	0.0	0	0	0
0	295	E0	9	H	0	O0	-1	S	0.5	0.5	1	0	1
0	295	E0	2	H	0	O0	-1	S	0.5	0.5	1	0	0
0	79	L0	7	H	240	P1	9	S	80.0	-80.0	0	0	0
0	155	K0	10	C	162	H1	8	C	3.0	-3.0	0	0	1
0	155	K0	2	C	162	H1	1	C	3.0	-3.0	0	0	0
0	170	E1	3	C	39	D0	10	C	65.0	65.0	0	0	0
0	88	D1	9	C	0	O0	-1	S	0.5	0.5	1	0	1
0	88	D1	5	C	0	O0	-1	S	0.5	0.5	1	0	0
0	240	P1	4	C	27	W0	2	S	106.0	106.0	0	0	0
0	232	H1	8	H	0	O0	-1	S	0.5	0.5	1	0	1
0	232	H1	3	H	0	O0	-1	S	0.5	0.5	1	0	0
0	72	H1	1	H	196	K1	9	S	62.0	-62.0	0	0	0
0	27	W0	9	H	29	A0	3	H	1.0	-1.0	0	1	1
0	27	W0	8	H	29	A0	8	H	1.0	-1.0	0	1	0
0	291	Y0	7	H	285	A0	1	H	3.0	3.0	0	0	1
0	291	Y0	10	H	285	A0	11	H	3.0	3.0	0	0	0
0	94	K1	12	H	20	V1	12	H	37.0	37.0	0	0	0
0	0	O0	-1	S	40	D1	4	H	0.5	0.5	1	0	1
0	0	O0	-1	S	40	D1	7	H	0.5	0.5	1	0	0
0	164	H1	2	S	124	K1	2	H	20.0	20.0	0	0	0
0	0	O0	-1	S	21	L0	8	H	0.5	0.5	1	0	1
0	0	O0	-1	S	21	L0	4	H	0.5	0.5	1	0	0
0	245	F0	5	S	234	S1	5	H	6.0	6.0	0	0	0
0	0	O0	-1	S	245	F0	2	C	0.5	0.5	1	0	1
0	0	O0	-1	S	245	F0	4	C	0.5	0.5	1	0	0
0	208	L1	8	S	72	H1	11	C	68.0	68.0	0	0	0
0	0	O0	-1	S	209	E0	10	H	0.5	0.5	1	0	1
0	0	O0	-1	S	209	E0	5	H	0.5	0.5	1	0	0
0	93	K0	11	S	157	K0	2	H	32.0	-32.0	0	0	0
0	5	S0	12	C	6	S1	1	C	0.0	0.0	0	1	1
0	5	S0	2	C	6	S1	7	C	0.0	0.0	0	1	0
0	107	E0	5	H	0	O0	-1	S	0.5	0.5	1	0	1
0	107	E0	10	H	0	O0	-1	S	0.5	0.5	1	0	0
0	90	R1	12	H	71	H0	11	S	9.0	9.0	0	0	0
0	208	L1	10	H	276	F1	9	H	34.0	-34.0	0	0	1
0	208	L1	11	H	276	F1	8	H	34.0	-34.0	0	0	0
0	235	R0	1	H	30	A1	9	H	103.0	103.0	0	0	0
0	13	W0	1	H	19	V0	7	H	3.0	-3.0	0	0	1
0	13	W0	8	H	19	V0	4	H	3.0	-3.0	0	0	0
0	171	L0	1	H	117	E0	4	H	27.0	27.0	0	0	0
0	136	V1	8	H	138	L1	3	H	1.0	-1.0	0	0	1
0	136	V1	12	H	138	L1	5	H	1.0	-1.0	0	0	0
0	212	F1	9	H	196	K1	9	H	8.0	8.0	0	0	0
0	68	K1	10	H	0	O0	-1	S	0.5	0.5	1	0	1
0	68	K1	12	H	0	O0	-1	S	0.5	0.5	1	0	0
0	13	W0	4	H	20	V1	9	S	3.0	-3.0	0	0	0
0	129	G0	6	H	136	V1	7	H	3.0	-3.0	0	0	1
0	129	G0	11	H	136	V1	3	H	3.0	-3.0	0	0	0
0	99	K0	5	H	73	P0	8	H	13.0	13.0	0	0	0
0	41	V0	7	H	0	O0	-1	S	0.5	0.5	1	0	1
0	41	V0	11	H	0	O0	-1	S	0.5	0.5	1	0	0
0	300	G1	7	H	302	Y1	3	S	1.0	-1.0	0	0	0
0	249	A0	12	H	250	A1	1	H	0.0	0.0	0	1	1
0	249	A0	8	H	250	A1	9	H	0.0	0.0	0	1	0
0	0	O0	-1	S	18	L1	5	H	0.5	0.5	1	0	1
0	0	O0	-1	S	18	L1	9	H	0.5	0.5	1	0	0
0	300	G1	4	S	228	V1	7	H	36.0	36.0	0	0	0
0	207	L0	1	H	213	I0	7	H	3.0	-3.0	0	0	1
0	207	L0	4	H	213	I0	2	H	3.0	-3.0	0	0	0
0	170	E1	3	H	166	E1	5	H	2.0	2.0	0	0	0
0	0	O0	-1	S	65	F0	10	H	0.5	0.5	1	0	1
0	0	O0	-1	S	65	F0	12	H	0.5	0.5	1	0	0
0	51	Q0	4	S	222	I1	6	H	85.0	-85.0	0	0	0
0	67	K0	2	H	71	H0	2	C	2.0	-2.0	0	0	1
0	67	K0	5	H	71	H0	11	C	2.0	-2.0	0	0	0
0	78	T1	3	H	173	K0	6	C	48.0	-48.0	0	0	0
0	84	K1	9	C	0	O0	-1	S	0.5	0.5	1	0	1
0	84	K1	11	C	0	O0	-1	S	0.5	0.5	1	0	0
0	29	A0	6	C	77	T0	2	S	24.0	-24.0	0	0	0
0	88	D1	12	C	0	O0	-1	S	0.5	0.5	1	0	1
0	88	D1	5	C	0	O0	-1	S	0.5	0.5	1	0	0
0	83	K0	4	C	101	T0	1	S	9.0	-9.0	0	0	0
0	187	A0	9	H	196	K1	1	C	4.0	-4.0	0	0	1
0	187	A0	10	H	196	K1	9	C	4.0	-4.0	0	0	0
0	89	R0	1	H	136	V1	9	C	23.0	-23.0	0	0	0
0	302	Y1	12	C	187	A0	6	H	57.0	57.0	0	0	1
0	302	Y1	3	C	187	A0	10	H	57.0	57.0	0	0	0
0	267	A0	10	C	124	K1	4	H	72.0	72.0	0	0	0
0	229	L0	6	H	238	H1	7	C	4.0	-4.0	0	0	1
0	229	L0	5	H	238	H1	3	C	4.0	-4.0	0	0	0
0	299	G0	4	H	92	F1	12	C	104.0	104.0	0	0	0
0	8	E1	8	H	0	O0	-1	S	0.5	0.5	1	0	1
0	8	E1	9	H	0	O0	-1	S	0.5	0.5	1	0	0
0	161	H0	1	H	300	G1	3	S	69.0	-69.0	0	0	0
0	19	V0	1	H	26	V1	7	H	3.0	-3.0	0	0	1
0	19	V0	4	H	26	V1	9	H	3.0	-3.0	0	0	0
0	120	D1	6	H	285	A0	5	H	83.0	-83.0	0	0	0
0	284	I1	12	H	208	L1	12	H	38.0	38.0	0	0	1
0	284	I1	4	H	208	L1	11	H	38.0	38.0	0	0	0
0	205	Y0	2	H	82	E1	6	H	62.0	62.0	0	0	0
0	128	H1	9	H	136	V1	4	H	4.0	-4.0	0	0	1
0	128	H1	3	H	136	V1	5	H	4.0	-4.0	0	0	0
0	174	K1	2	H	179	A0	2	H	3.0	-3.0	0	0	0
0	81	E0	12	C	0	O0	-1	S	0.5	0.5	1	0	1
0	81	E0	8	C	0	O0	-1	S	0.5	0.5	1	0	0
0	192	K1	2	C	6	S1	7	S	93.0	93.0	0	0	0
0	101	T0	9	C	103	E0	3	H	1.0	-1.0	0	1	1
0	101	T0	10	C	103	E0	8	H	1.0	-1.0	0	1	0
0	52	Q1	9	H	60	I1	4	H	4.0	-4.0	0	0	1
0	52	Q1	6	H	60	I1	5	H	4.0	-4.0	0	0	0
0	302	Y1	3	H	56	I1	6	H	123.0	123.0	0	0	0
0	98	L1	12	C	122	L1	4	H	12.0	-12.0	0	0	1
0	98	L1	5	C	122	L1	8	H	12.0	-12.0	0	0	0
0	202	I1	4	C	94	K1	4	H	54.0	54.0	0	0	0
0	115	S0	9	C	117	E0	3	H	1.0	-1.0	0	1	1
0	115	S0	1	C	117	E0	4	H	1.0	-1.0	0	1	0
0	87	D0	2	C	91	F0	2	C	2.0	-2.0	0	0	1
0	87	D0	6	C	91	F0	1	C	2.0	-2.0	0	0	0
0	34	V1	10	C	74	P1	6	C	20.0	-20.0	0	0	0
0	129	G0	9	H	131	V0	3	H	1.0	-1.0	0	1	1
0	129	G0	11	H	131	V0	4	H	1.0	-1.0	0	1	0
0	233	S0	5	H	0	O0	-1	S	0.5	0.5	1	0	1
0	233	S0	9	H	0	O0	-1	S	0.5	0.5	1	0	0
0	125	K0	2	H	278	R1	7	S	76.0	-76.0	0	0	0
0	128	H1	11	H	0	O0	-1	S	0.5	0.5	1	0	1
0	128	H1	6	H	0	O0	-1	S	0.5	0.5	1	0	0
0	250	A1	9	H	126	K1	8	S	62.0	62.0	0	0	0
0	31	K0	1	H	37	A0	7	H	3.0	-3.0	0	0	1
0	31	K0	8	H	37	A0	4	H	3.0	-3.0	0	0	0
0	198	I1	4	H	2	V1	2	H	98.0	98.0	0	0	0
0	74	P1	7	H	0	O0	-1	S	0.5	0.5	1	0	1
0	74	P1	6	H	0	O0	-1	S	0.5	0.5	1	0	0
0	164	H1	4	H	225	H0	12	S	31.0	-31.0	0	0	0
0	200	P1	7	C	206	Y1	7	H	3.0	-3.0	0	0	1
0	200	P1	2	C	206	Y1	9	H	3.0	-3.0	0	0	0
0	48	H1	1	C	20	V1	9	H	14.0	14.0	0	0	0
0	0	O0	-1	S	141	A0	11	H	0.5	0.5	1	0	1
0	0	O0	-1	S	141	A0	8	H	0.5	0.5	1	0	0
0	167	A0	4	S	90	R1	12	H	39.0	39.0	0	0	0
0	77	T0	12	H	78	T1	1	H	0.0	0.0	0	1	1
0	77	T0	1	H	78	T1	2	H	0.0	0.0	0	1	0
0	83	K0	6	C	0	O0	-1	S	0.5	0.5	1	0	1
0	83	K0	4	C	0	O0	-1	S	0.5	0.5	1	0	0
0	180	A1	6	C	155	K0	4	S	12.0	12.0	0	0	0
0	184	S1	5	H	0	O0	-1	S	0.5	0.5	1	0	1
0	184	S1	12	H	0	O0	-1	S	0.5	0.5	1	0	0
0	115	S0	1	H	76	E1	9	S	20.0	20.0	0	0	0
0	3	L0	12	C	4	L1	1	C	0.0	0.0	0	1	1
0	3	L0	7	C	4	L1	9	C	0.0	0.0	0	1	0
0	66	F1	6	H	79	L0	5	H	7.0	-7.0	0	0	1
0	66	F1	9	H	79	L0	10	H	7.0	-7.0	0	0	0
0	283	I0	10	H	258	G1	4	H	13.0	13.0	0	0	0
0	40	D1	5	H	0	O0	-1	S	0.5	0.5	1	0	1
0	40	D1	9	H	0	O0	-1	S	0.5	0.5	1	0	0
0	18	L1	3	H	183	S0	10	S	83.0	-83.0	0	0	0
0	71	H0	4	C	72	H1	9	C	0.0	0.0	0	1	1
0	71	H0	11	C	72	H1	10	C	0.0	0.0	0	1	0
0	82	E1	12	C	0	O0	-1	S	0.5	0.5	1	0	1
0	82	E1	6	C	0	O0	-1	S	0.5	0.5	1	0	0
0	44	A1	3	C	193	H0	1	S	75.0	-75.0	0	0	0
0	0	O0	-1	S	67	K0	6	H	0.5	0.5	1	0	1
0	0	O0	-1	S	67	K0	4	H	0.5	0.5	1	0	0
0	202	I1	1	S	31	K0	10	H	85.0	85.0	0	0	0
0	212	F1	11	H	0	O0	-1	S	0.5	0.5	1	0	1
0	212	F1	9	H	0	O0	-1	S	0.5	0.5	1	0	0
0	161	H0	7	H	122	L1	1	S	20.0	20.0	0	0	0
0	271	E0	5	H	278	R1	2	H	3.0	-3.0	0	0	1
0	271	E0	2	H	278	R1	9	H	3.0	-3.0	0	0	0
0	52	Q1	6	H	215	S0	11	H	82.0	-82.0	0	0	0
0	275	F0	8	H	277	R0	3	H	1.0	-1.0	0	1	1
0	275	F0	2	H	277	R0	11	H	1.0	-1.0	0	1	0
0	58	L1	11	H	128	H1	8	H	35.0	-35.0	0	0	1
0	58	L1	7	H	128	H1	3	H	35.0	-35.0	0	0	0
0	218	E1	10	H	72	H1	8	H	73.0	73.0	0	0	0
0	118	E1	6	H	124	K1	7	H	3.0	-3.0	0	0	1
0	118	E1	8	H	124	K1	6	H	3.0	-3.0	0	0	0
0	137	L0	10	H	23	H0	2	H	57.0	57.0	0	0	0
0	118	E1	7	H	0	O0	-1	S	0.5	0.5	1	0	1
0	118	E1	3	H	0	O0	-1	S	0.5	0.5	1	0	0
0	63	L0	4	H	17	L0	10	S	23.0	23.0	0	0	0
0	280	K1	8	H	0	O0	-1	S	0.5	0.5	1	0	1
0	280	K1	3	H	0	O0	-1	S	0.5	0.5	1	0	0
0	88	D1	5	H	287	A0	2	S	100.0	-100.0	0	0	0
0	0	O0	-1	S	88	D1	7	C	0.5	0.5	1	0	1
0	0	O0	-1	S	88	D1	5	C	0.5	0.5	1	0	0
0	192	K1	2	S	285	A0	4	C	47.0	-47.0	0	0	0
0	0	O0	-1	S	294	K1	12	H	0.5	0.5	1	0	1
0	0	O0	-1	S	294	K1	1	H	0.5	0.5	1	0	0
0	119	D0	12	S	107	E0	10	H	6.0	6.0	0	0	0
0	162	H1	12	C	0	O0	-1	S	0.5	0.5	1	0	1
0	162	H1	9	C	0	O0	-1	S	0.5	0.5	1	0	0
0	55	I0	11	C	17	L0	5	S	19.0	19.0	0	0	0
0	140	T1	9	H	148	A1	4	H	4.0	-4.0	0	0	1
0	140	T1	3	H	148	A1	9	H	4.0	-4.0	0	0	0
0	246	F1	3	H	222	I1	2	H	12.0	12.0	0	0	0
0	187	A0	12	H	188	A1	1	H	0.0	0.0	0	1	1
0	187	A0	5	H	188	A1	7	H	0.0	0.0	0	1	0
0	228	V1	1	H	227	V0	12	H	0.0	0.0	0	1	1
0	228	V1	5	H	227	V0	8	H	0.0	0.0	0	1	0
0	0	O0	-1	S	208	L1	6	H	0.5	0.5	1	0	1
0	0	O0	-1	S	208	L1	1	H	0.5	0.5	1	0	0
0	277	R0	2	S	136	V1	5	H	71.0	71.0	0	0	0
0	159	G0	12	C	160	G1	1	C	0.0	0.0	0	1	1
0	159	G0	4	C	160	G1	8	C	0.0	0.0	0	1	0
0	0	O0	-1	S	292	Y1	8	H	0.5	0.5	1	0	1
0	0	O0	-1	S	292	Y1	7	H	0.5	0.5	1	0	0
0	217	E0	4	S	212	F1	9	H	3.0	3.0	0	0	0
0	22	L1	5	H	152	L1	9	H	65.0	-65.0	0	0	1
0	22	L1	1	H	152	L1	12	H	65.0	-65.0	0	0	0
0	210	E1	10	H	40	D1	9	H	85.0	85.0	0	0	0
0	54	D1	1	H	53	D0	12	H	0.0	0.0	0	1	1
0	54	D1	2	H	53	D0	2	H	0.0	0.0	0	1	0
0	14	W1	8	H	158	K1	6	C	72.0	-72.0	0	0	1
0	14	W1	12	H	158	K1	12	C	72.0	-72.0	0	0	0
0	4	L1	10	H	160	G1	7	C	78.0	-78.0	0	0	0
0	19	V0	8	H	21	L0	3	H	1.0	-1.0	0	1	1
0	19	V0	5	H	21	L0	10	H	1.0	-1.0	0	1	0
0	139	T0	6	H	0	O0	-1	S	0.5	0.5	1	0	1
0	139	T0	5	H	0	O0	-1	S	0.5	0.5	1	0	0
0	66	F1	9	H	267	A0	2	S	101.0	-101.0	0	0	0
0	279	K0	7	H	273	L0	1	H	3.0	3.0	0	0	1
0	279	K0	11	H	273	L0	12	H	3.0	3.0	0	0	0
0	138	L1	9	H	113	A0	4	H	12.0	12.0	0	0	0
0	247	G0	12	C	248	G1	1	C	0.0	0.0	0	1	1
0	247	G0	5	C	248	G1	10	C	0.0	0.0	0	1	0
0	196	K1	6	C	0	O0	-1	S	0.5	0.5	1	0	1
0	196	K1	9	C	0	O0	-1	S	0.5	0.5	1	0	0
0	137	L0	10	C	168	A1	3	S	15.0	-15.0	0	0	0
0	246	F1	11	C	223	I0	6	H	11.0	11.0	0	0	1
0	246	F1	3	C	223	I0	10	H	11.0	11.0	0	0	0
0	291	Y0	10	C	293	K0	6	H	1.0	-1.0	0	0	0
0	294	K1	9	H	0	O0	-1	S	0.5	0.5	1	0	1
0	294	K1	1	H	0	O0	-1	S	0.5	0.5	1	0	0
0	10	G1	10	H	287	A0	2	S	139.0	-139.0	0	0	0
0	193	H0	7	C	183	S0	9	H	5.0	5.0	0	0	1
0	193	H0	1	C	183	S0	2	H	5.0	5.0	0	0	0
0	152	L1	12	C	221	I0	11	H	35.0	-35.0	0	0	0
0	0	O0	-1	S	73	P0	10	H	0.5	0.5	1	0	1
0	0	O0	-1	S	73	P0	12	H	0.5	0.5	1	0	0
0	71	H0	12	S	88	D1	5	H	8.0	-8.0	0	0	0
0	235	R0	7	H	229	L0	1	H	3.0	3.0	0	0	1
0	235	R0	12	H	229	L0	5	H	3.0	3.0	0	0	0
0	202	I1	4	H	67	K0	5	H	67.0	67.0	0	0	0
0	106	A1	4	H	0	O0	-1	S	0.5	0.5	1	0	1
0	106	A1	3	H	0	O0	-1	S	0.5	0.5	1	0	0
0	127	H0	4	H	18	L1	9	S	55.0	55.0	0	0	0
0	192	K1	12	C	0	O0	-1	S	0.5	0.5	1	0	1
0	192	K1	2	C	0	O0	-1	S	0.5	0.5	1	0	0
0	63	L0	2	C	48	H1	4	S	8.0	8.0	0	0	0
0	251	D0	11	H	0	O0	-1	S	0.5	0.5	1	0	1
0	251	D0	10	H	0	O0	-1	S	0.5	0.5	1	0	0
0	16	Q1	1	H	46	G1	4	S	15.0	-15.0	0	0	0
0	0	O0	-1	S	288	A1	11	H	0.5	0.5	1	0	1
0	0	O0	-1	S	288	A1	3	H	0.5	0.5	1	0	0
0	169	E0	12	S	225	H0	10	H	28.0	-28.0	0	0	0
0	297	L0	11	H	298	L1	2	H	0.0	0.0	0	1	1
0	297	L0	2	H	298	L1	9	H	0.0	0.0	0	1	0
0	180	A1	5	H	284	I1	6	H	52.0	-52.0	0	0	1
0	180	A1	2	H	284	I1	10	H	52.0	-52.0	0	0	0
0	18	L1	6	H	132	V1	8	H	57.0	-57.0	0	0	0
0	76	E1	5	H	0	O0	-1	S	0.5	0.5	1	0	1
0	76	E1	9	H	0	O0	-1	S	0.5	0.5	1	0	0
0	199	P0	12	H	291	Y0	6	S	46.0	-46.0	0	0	0
0	0	O0	-1	S	134	T1	6	H	0.5	0.5	1	0	1
0	0	O0	-1	S	134	T1	2	H	0.5	0.5	1	0	0
0	0	O0	10	S	262	M1	11	H	0.5	0.5	1	0	0
0	174	K1	9	H	182	Q1	4	H	4.0	-4.0	0	0	1
0	174	K1	6	H	182	Q1	8	H	4.0	-4.0	0	0	0
0	141	A0	8	H	152	L1	12	H	5.0	-5.0	0	0	0
0	255	Q0	8	H	257	G0	3	H	1.0	-1.0	0	1	1
0	255	Q0	11	H	257	G0	4	H	1.0	-1.0	0	1	0
0	116	S1	9	C	119	D0	7	H	2.0	-2.0	0	0	1
0	116	S1	2	C	119	D0	12	H	2.0	-2.0	0	0	0
0	43	A0	11	C	291	Y0	12	H	124.0	-124.0	0	0	0
0	24	H1	9	H	32	K1	4	H	4.0	-4.0	0	0	1
0	24	H1	3	H	32	K1	5	H	4.0	-4.0	0	0	0
0	262	M1	11	H	144	L1	3	H	59.0	59.0	0	0	0
0	73	P0	6	H	80	L1	7	H	3.0	-3.0	0	0	1
0	73	P0	8	H	80	L1	11	H	3.0	-3.0	0	0	0
0	72	H1	1	H	222	I1	2	H	75.0	-75.0	0	0	0
0	0	O0	-1	S	212	F1	6	H	0.5	0.5	1	0	1
0	0	O0	-1	S	212	F1	9	H	0.5	0.5	1	0	0
0	192	K1	2	S	217	E0	4	H	13.0	-13.0	0	0	0
0	274	L1	4	H	4	L1	3	C	135.0	135.0	0	0	1
0	274	L1	1	H	4	L1	10	C	135.0	135.0	0	0	0
0	101	T0	1	H	280	K1	3	C	89.0	-89.0	0	0	0
0	0	O0	-1	S	224	I1	12	H	0.5	0.5	1	0	1
0	0	O0	-1	S	224	I1	9	H	0.5	0.5	1	0	0
0	43	A0	2	S	241	G0	7	H	99.0	-99.0	0	0	0
0	16	Q1	8	H	0	O0	-1	S	0.5	0.5	1	0	1
0	16	Q1	1	H	0	O0	-1	S	0.5	0.5	1	0	0
0	267	A0	10	H	209	E0	8	S	29.0	29.0	0	0	0
0	261	M0	6	H	268	A1	7	H	3.0	-3.0	0	0	1
0	261	M0	7	H	268	A1	6	H	3.0	-3.0	0	0	0
0	221	I0	5	H	109	M0	9	H	56.0	56.0	0	0	0
0	51	Q0	9	H	59	I0	4	H	4.0	-4.0	0	0	1
0	51	Q0	5	H	59	I0	6	H	4.0	-4.0	0	0	0
0	148	A1	2	H	64	L1	6	H	42.0	42.0	0	0	0
0	13	W0	10	H	22	L1	7	H	4.0	-4.0	0	0	1
0	13	W0	12	H	22	L1	6	H	4.0	-4.0	0	0	0
0	216	S1	9	H	31	K0	12	H	92.0	92.0	0	0	0
0	264	N1	1	H	270	L1	8	H	3.0	-3.0	0	0	1
0	264	N1	10	H	270	L1	6	H	3.0	-3.0	0	0	0
0	159	G0	7	H	93	K0	2	H	33.0	33.0	0	0	0
0	26	V1	4	H	254	A1	10	H	114.0	-114.0	0	0	1
0	26	V1	11	H	254	A1	9	H	114.0	-114.0	0	0	0
0	181	Q0	6	H	285	A0	6	H	52.0	-52.0	0	0	0
0	0	O0	-1	S	35	E0	10	H	0.5	0.5	1	0	1
0	0	O0	-1	S	35	E0	8	H	0.5	0.5	1	0	0
0	135	V0	2	S	49	G0	11	H	43.0	43.0	0	0	0
0	163	H0	6	C	170	E1	7	H	3.0	-3.0	0	0	1
0	163	H0	4	C	170	E1	3	H	3.0	-3.0	0	0	0
0	286	A1	2	C	114	A1	3	H	86.0	86.0	0	0	0
0	242	G1	5	H	0	O0	-1	S	0.5	0.5	1	0	1
0	242	G1	3	H	0	O0	-1	S	0.5	0.5	1	0	0
0	193	H0	5	H	226	H1	1	S	16.0	-16.0	0	0	0
0	22	L1	11	H	153	K0	5	H	66.0	-66.0	0	0	1
0	22	L1	1	H	153	K0	2	H	66.0	-66.0	0	0	0
0	229	L0	2	H	293	K0	5	H	32.0	-32.0	0	0	0
0	0	O0	-1	S	298	L1	1	H	0.5	0.5	1	0	1
0	0	O0	-1	S	298	L1	4	H	0.5	0.5	1	0	0
0	162	H1	9	S	238	H1	3	H	38.0	-38.0	0	0	0
0	63	L0	12	H	64	L1	1	H	0.0	0.0	0	1	1
0	63	L0	11	H	64	L1	10	H	0.0	0.0	0	1	0
0	101	T0	3	C	99	K0	9	C	1.0	1.0	0	1	1
0	101	T0	1	C	99	K0	5	C	1.0	1.0	0	1	0
0	191	K0	12	C	192	K1	1	C	0.0	0.0	0	1	1
0	191	K0	4	C	192	K1	2	C	0.0	0.0	0	1	0
0	226	H1	11	H	0	O0	-1	S	0.5	0.5	1	0	1
0	226	H1	8	H	0	O0	-1	S	0.5	0.5	1	0	0
0	166	E1	2	H	268	A1	4	S	51.0	-51.0	0	0	0
0	280	K1	12	H	0	O0	-1	S	0.5	0.5	1	0	1
0	280	K1	3	H	0	O0	-1	S	0.5	0.5	1	0	0
0	266	K1	1	H	193	H0	5	S	36.0	36.0	0	0	0
0	0	O0	-1	S	5	S0	4	C	0.5	0.5	1	0	1
0	0	O0	-1	S	5	S0	1	C	0.5	0.5	1	0	0
0	181	Q0	8	S	272	E1	6	C	45.0	-45.0	0	0	0
0	0	O0	-1	S	169	E0	6	H	0.5	0.5	1	0	1
0	0	O0	-1	S	169	E0	12	H	0.5	0.5	1	0	0
0	205	Y0	12	S	116	S1	7	H	45.0	45.0	0	0	0
0	226	H1	10	H	0	O0	-1	S	0.5	0.5	1	0	1
0	226	H1	8	H	0	O0	-1	S	0.5	0.5	1	0	0
0	277	R0	11	H	200	P1	10	S	39.0	39.0	0	0	0
0	0	O0	-1	S	232	H1	12	H	0.5	0.5	1	0	1
0	0	O0	-1	S	232	H1	3	H	0.5	0.5	1	0	0
0	10	G1	3	S	204	K1	3	H	97.0	-97.0	0	0	0
0	90	R1	10	C	119	D0	10	H	15.0	-15.0	0	0	1
0	90	R1	12	C	119	D0	5	H	15.0	-15.0	0	0	0
0	217	E0	4	C	208	L1	8	H	5.0	5.0	0	0	0
0	21	L0	2	H	17	L0	2	H	2.0	2.0	0	0	1
0	21	L0	5	H	17	L0	10	H	2.0	2.0	0	0	0
0	299	G0	7	H	61	R0	12	H	119.0	119.0	0	0	0
0	104	E1	6	H	60	I1	10	H	22.0	22.0	0	0	1
0	104	E1	2	H	60	I1	8	H	22.0	22.0	0	0	0
0	60	I1	9	H	32	K1	5	H	14.0	14.0	0	0	0
0	96	H1	5	C	0	O0	-1	S	0.5	0.5	1	0	1
0	96	H1	3	C	0	O0	-1	S	0.5	0.5	1	0	0
0	174	K1	11	C	245	F0	4	S	36.0	-36.0	0	0	0
0	239	P0	5	H	231	H0	6	H	4.0	4.0	0	0	1
0	239	P0	6	H	231	H0	4	H	4.0	4.0	0	0	0
0	201	I0	2	H	181	Q0	11	H	10.0	10.0	0	0	0
0	238	H1	10	C	244	N1	8	H	3.0	-3.0	0	0	1
0	238	H1	1	C	244	N1	1	H	3.0	-3.0	0	0	0
0	63	L0	2	C	167	A0	11	H	52.0	-52.0	0	0	0
0	19	V0	6	H	262	M1	3	H	121.0	-121.0	0	0	1
0	19	V0	5	H	262	M1	11	H	121.0	-121.0	0	0	0
0	176	P1	9	H	127	H0	8	H	24.0	24.0	0	0	0
0	28	W1	3	H	230	L1	11	H	101.0	-101.0	0	0	1
0	28	W1	8	H	230	L1	6	H	101.0	-101.0	0	0	0
0	126	K1	11	H	285	A0	4	H	80.0	-80.0	0	0	0
0	266	K1	4	H	0	O0	-1	S	0.5	0.5	1	0	1
0	266	K1	1	H	0	O0	-1	S	0.5	0.5	1	0	0
0	110	M1	12	H	47	H0	12	S	31.0	31.0	0	0	0
0	0	O0	-1	S	184	S1	11	H	0.5	0.5	1	0	1
0	0	O0	-1	S	184	S1	2	H	0.5	0.5	1	0	0
0	246	F1	3	S	17	L0	10	H	114.0	114.0	0	0	0
0	113	A0	6	C	0	O0	-1	S	0.5	0.5	1	0	1
0	113	A0	4	C	0	O0	-1	S	0.5	0.5	1	0	0
0	199	P0	5	C	40	D1	7	S	80.0	80.0	0	0	0
0	10	G1	4	H	0	O0	-1	S	0.5	0.5	1	0	1
0	10	G1	8	H	0	O0	-1	S	0.5	0.5	1	0	0
0	108	E1	2	H	258	G1	3	S	75.0	-75.0	0	0	0
0	151	L0	6	H	14	W1	6	H	69.0	69.0	0	0	1
0	151	L0	8	H	14	W1	9	H	69.0	69.0	0	0	0
0	232	H1	3	H	51	Q0	11	H	90.0	90.0	0	0	0
0	142	A1	3	H	133	T0	9	H	4.0	4.0	0	0	1
0	142	A1	9	H	133	T0	2	H	4.0	4.0	0	0	0
0	149	I0	9	H	92	F1	12	H	29.0	29.0	0	0	0
0	41	V0	8	H	43	A0	3	H	1.0	-1.0	0	1	1
0	41	V0	2	H	43	A0	11	H	1.0	-1.0	0	1	0
0	73	P0	5	H	65	F0	6	H	4.0	4.0	0	0	1
0	73	P0	12	H	65	F0	9	H	4.0	4.0	0	0	0
0	66	F1	9	H	53	D0	6	H	6.0	6.0	0	0	0
0	100	K1	7	C	0	O0	-1	S	0.5	0.5	1	0	1
0	100	K1	9	C	0	O0	-1	S	0.5	0.5	1	0	0
0	145	G0	6	C	250	A1	3	S	52.0	-52.0	0	0	0
0	28	W1	6	H	138	L1	10	H	55.0	-55.0	0	0	1
0	28	W1	4	H	138	L1	5	H	55.0	-55.0	0	0	0
0	60	I1	9	H	217	E0	12	H	79.0	-79.0	0	0	0
0	180	A1	11	H	283	I0	6	H	52.0	-52.0	0	0	1
0	180	A1	6	H	283	I0	2	H	52.0	-52.0	0	0	0
0	105	A0	8	H	260	A1	4	H	77.0	-77.0	0	0	0
0	224	I1	12	H	0	O0	-1	S	0.5	0.5	1	0	1
0	224	I1	9	H	0	O0	-1	S	0.5	0.5	1	0	0
0	109	M0	4	H	281	D0	5	S	86.0	-86.0	0	0	0
0	157	K0	9	C	159	G0	3	C	1.0	-1.0	0	1	1
0	157	K0	2	C	159	G0	7	C	1.0	-1.0	0	1	0
0	31	K0	6	H	38	A1	7	H	3.0	-3.0	0	0	1
0	31	K0	8	H	38	A1	4	H	3.0	-3.0	0	0	0
0	87	D0	6	H	46	G1	10	H	21.0	21.0	0	0	0
0	159	G0	5	C	274	L1	12	H	57.0	-57.0	0	0	1
0	159	G0	6	C	274	L1	5	H	57.0	-57.0	0	0	0
0	256	Q1	4	C	192	K1	2	H	32.0	32.0	0	0	0
0	89	R0	9	C	91	F0	3	C	1.0	-1.0	0	1	1
0	89	R0	1	C	91	F0	12	C	1.0	-1.0	0	1	0
0	285	A0	9	H	287	A0	3	H	1.0	-1.0	0	1	1
0	285	A0	4	H	287	A0	2	H	1.0	-1.0	0	1	0
0	266	K1	10	H	3	L0	5	C	131.0	131.0	0	0	1
0	266	K1	9	H	3	L0	6	C	131.0	131.0	0	0	0
0	123	K0	2	H	173	K0	2	C	25.0	-25.0	0	0	0
0	0	O0	-1	S	147	A0	6	H	0.5	0.5	1	0	1
0	0	O0	-1	S	147	A0	8	H	0.5	0.5	1	0	0
0	55	I0	8	S	229	L0	10	H	87.0	-87.0	0	0	0
0	82	E1	11	C	0	O0	-1	S	0.5	0.5	1	0	1
0	82	E1	3	C	0	O0	-1	S	0.5	0.5	1	0	0
0	159	G0	4	C	23	H0	6	S	68.0	68.0	0	0	0
0	69	S0	9	H	0	O0	-1	S	0.5	0.5	1	0	1
0	69	S0	5	H	0	O0	-1	S	0.5	0.5	1	0	0
0	54	D1	5	H	58	L1	7	S	2.0	-2.0	0	0	0
0	40	D1	10	H	46	G1	7	H	3.0	-3.0	0	0	1
0	40	D1	8	H	46	G1	5	H	3.0	-3.0	0	0	0
0	180	A1	10	H	123	K0	2	H	28.0	28.0	0	0	0
0	274	L1	6	H	280	K1	7	H	3.0	-3.0	0	0	1
0	274	L1	8	H	280	K1	3	H	3.0	-3.0	0	0	0
0	292	Y1	7	H	1	V0	10	H	145.0	145.0	0	0	0
0	297	L0	9	H	299	G0	3	C	1.0	-1.0	0	1	1
0	297	L0	4	H	299	G0	4	C	1.0	-1.0	0	1	0
0	227	V0	1	H	233	S0	7	H	3.0	-3.0	0	0	1
0	227	V0	11	H	233	S0	1	H	3.0	-3.0	0	0	0
0	116	S1	2	H	184	S1	3	H	34.0	-34.0	0	0	0
0	58	L1	12	H	121	L0	10	H	32.0	-32.0	0	0	1
0	58	L1	1	H	121	L0	7	H	32.0	-32.0	0	0	0
0	276	F1	2	H	36	E1	6	H	120.0	120.0	0	0	0
0	131	V0	7	H	125	K0	1	H	3.0	3.0	0	0	1
0	131	V0	2	H	125	K0	10	H	3.0	3.0	0	0	0
0	186	H1	12	H	210	E1	10	H	12.0	-12.0	0	0	0
0	211	F0	1	H	217	E0	7	H	3.0	-3.0	0	0	1
0	211	F0	4	H	217	E0	12	H	3.0	-3.0	0	0	0
0	281	D0	5	H	253	A0	8	H	14.0	14.0	0	0	0
0	0	O0	-1	S	264	N1	4	H	0.5	0.5	1	0	1
0	0	O0	-1	S	264	N1	8	H	0.5	0.5	1	0	0
0	206	Y1	4	S	71	H0	11	H	67.0	67.0	0	0	0
0	162	H1	2	C	161	H0	11	C	0.0	0.0	0	1	1
0	162	H1	1	C	161	H0	4	C	0.0	0.0	0	1	0
0	281	D0	1	H	287	A0	7	H	3.0	-3.0	0	0	1
0	281	D0	8	H	287	A0	8	H	3.0	-3.0	0	0	0
0	8	E1	9	H	290	K1	9	H	141.0	-141.0	0	0	0
0	93	K0	4	C	85	F0	8	C	4.0	4.0	0	0	1
0	93	K0	2	C	85	F0	1	C	4.0	4.0	0	0	0
0	111	K0	4	C	127	H0	12	C	8.0	-8.0	0	0	0
0	232	H1	11	H	0	O0	-1	S	0.5	0.5	1	0	1
0	232	H1	3	H	0	O0	-1	S	0.5	0.5	1	0	0
0	37	A0	2	H	180	A1	6	S	71.0	-71.0	0	0	0
0	244	N1	11	H	24	H1	10	H	110.0	110.0	0	0	1
0	244	N1	1	H	24	H1	3	H	110.0	110.0	0	0	0
0	17	L0	4	H	275	F0	10	H	129.0	-129.0	0	0	0
0	151	L0	9	H	153	K0	3	H	1.0	-1.0	0	1	1
0	151	L0	8	H	153	K0	2	H	1.0	-1.0	0	1	0
0	96	H1	10	C	0	O0	-1	S	0.5	0.5	1	0	1
0	96	H1	9	C	0	O0	-1	S	0.5	0.5	1	0	0
0	18	L1	3	C	292	Y1	7	S	137.0	-137.0	0	0	0
0	158	K1	11	C	0	O0	-1	S	0.5	0.5	1	0	1
0	158	K1	7	C	0	O0	-1	S	0.5	0.5	1	0	0
0	38	A1	3	C	148	A1	2	S	55.0	-55.0	0	0	0
0	141	A0	5	H	0	O0	-1	S	0.5	0.5	1	0	1
0	141	A0	4	H	0	O0	-1	S	0.5	0.5	1	0	0
0	279	K0	10	H	182	Q1	8	S	49.0	49.0	0	0	0
0	0	O0	-1	S	100	K1	6	C	0.5	0.5	1	0	1
0	0	O0	-1	S	100	K1	1	C	0.5	0.5	1	0	0
0	249	A0	8	S	117	E0	2	C	66.0	66.0	0	0	0
0	28	W1	12	H	152	L1	7	H	62.0	-62.0	0	0	1
0	28	W1	4	H	152	L1	5	H	62.0	-62.0	0	0	0
0	172	L1	1	H	163	H0	11	H	4.0	4.0	0	0	0
0	217	E0	10	H	218	E1	3	H	0.0	0.0	0	1	1
0	217	E0	2	H	218	E1	10	H	0.0	0.0	0	1	0
0	0	O0	-1	S	136	V1	6	H	0.5	0.5	1	0	1
0	0	O0	-1	S	136	V1	3	H	0.5	0.5	1	0	0
0	193	H0	12	S	239	P0	6	H	23.0	-23.0	0	0	0
0	70	S1	10	H	0	O0	-1	S	0.5	0.5	1	0	1
0	70	S1	2	H	0	O0	-1	S	0.5	0.5	1	0	0
0	54	D1	9	H	179	A0	5	S	63.0	-63.0	0	0	0
0	145	G0	10	H	154	K1	3	H	4.0	-4.0	0	0	1
0	145	G0	8	H	154	K1	2	H	4.0	-4.0	0	0	0
0	236	R1	9	H	118	E1	1	H	59.0	59.0	0	0	0
0	39	D0	8	H	48	H1	7	H	4.0	-4.0	0	0	1
0	39	D0	4	H	48	H1	1	H	4.0	-4.0	0	0	0
0	26	V1	9	H	165	E0	12	H	70.0	-70.0	0	0	0
0	12	E1	5	H	0	O0	-1	S	0.5	0.5	1	0	1
0	12	E1	2	H	0	O0	-1	S	0.5	0.5	1	0	0
0	277	R0	10	H	293	K0	6	S	8.0	-8.0	0	0	0
0	34	V1	9	H	42	V1	5	H	4.0	-4.0	0	0	1
0	34	V1	2	H	42	V1	9	H	4.0	-4.0	0	0	0
0	101	T0	11	H	103	E0	2	H	1.0	-1.0	0	0	0
0	263	N0	11	H	264	N1	2	H	0.0	0.0	0	1	1
0	263	N0	12	H	264	N1	10	H	0.0	0.0	0	1	0
0	196	K1	11	C	0	O0	-1	S	0.5	0.5	1	0	1
0	196	K1	9	C	0	O0	-1	S	0.5	0.5	1	0	0
0	151	L0	12	C	300	G1	10	S	74.0	-74.0	0	0	0
0	247	G0	6	C	0	O0	-1	S	0.5	0.5	1	0	1
0	247	G0	7	C	0	O0	-1	S	0.5	0.5	1	0	0
0	212	F1	9	C	45	G0	4	S	83.0	83.0	0	0	0
0	293	K0	8	H	295	E0	3	H	1.0	-1.0	0	1	1
0	293	K0	2	H	295	E0	4	H	1.0	-1.0	0	1	0
0	36	E1	5	H	146	G1	11	H	55.0	-55.0	0	0	1
0	36	E1	6	H	146	G1	12	H	55.0	-55.0	0	0	0
0	87	D0	4	H	150	I1	4	H	31.0	-31.0	0	0	0
0	0	O0	-1	S	76	E1	4	H	0.5	0.5	1	0	1
0	0	O0	-1	S	76	E1	9	H	0.5	0.5	1	0	0
0	278	R1	7	S	57	L0	2	H	110.0	110.0	0	0	0
0	144	L1	7	H	138	L1	6	H	3.0	3.0	0	0	1
0	144	L1	3	H	138	L1	11	H	3.0	3.0	0	0	0
0	91	F0	10	H	266	K1	9	H	87.0	-87.0	0	0	0
0	184	S1	8	H	186	H1	3	H	1.0	-1.0	0	0	1
0	184	S1	4	H	186	H1	12	H	1.0	-1.0	0	0	0
0	85	F0	5	H	28	W1	5	H	29.0	29.0	0	0	0
0	251	D0	4	H	0	O0	-1	S	0.5	0.5	1	0	1
0	251	D0	7	H	0	O0	-1	S	0.5	0.5	1	0	0
0	216	S1	5	H	141	A0	7	S	37.0	37.0	0	0	0
0	2	V1	11	C	0	O0	-1	S	0.5	0.5	1	0	1
0	2	V1	3	C	0	O0	-1	S	0.5	0.5	1	0	0
0	299	G0	7	C	154	K1	5	S	73.0	73.0	0	0	0
0	44	A1	8	H	0	O0	-1	S	0.5	0.5	1	0	1
0	44	A1	9	H	0	O0	-1	S	0.5	0.5	1	0	0
0	56	I1	6	H	231	H0	4	S	88.0	-88.0	0	0	0
0	94	K1	8	C	0	O0	-1	S	0.5	0.5	1	0	1
0	94	K1	12	C	0	O0	-1	S	0.5	0.5	1	0	0
0	219	A0	11	C	137	L0	2	S	41.0	41.0	0	0	0
0	255	Q0	10	H	0	O0	-1	S	0.5	0.5	1	0	1
0	255	Q0	11	H	0	O0	-1	S	0.5	0.5	1	0	0
0	180	A1	6	H	239	P0	6	S	30.0	-30.0	0	0	0
0	265	K0	1	H	271	E0	7	H	3.0	-3.0	0	0	1
0	265	K0	10	H	271	E0	11	H	3.0	-3.0	0	0	0
0	295	E0	4	H	274	L1	3	H	11.0	11.0	0	0	0
0	75	E0	7	H	76	E1	6	H	0.0	0.0	0	1	1
0	75	E0	1	H	76	E1	9	H	0.0	0.0	0	1	0
0	66	F1	8	H	110	M1	11	H	22.0	-22.0	0	0	1
0	66	F1	9	H	110	M1	2	H	22.0	-22.0	0	0	0
0	218	E1	10	H	33	V0	11	H	92.0	92.0	0	0	0
0	0	O0	-1	S	128	H1	11	H	0.5	0.5	1	0	1
0	0	O0	-1	S	128	H1	10	H	0.5	0.5	1	0	0
0	211	F0	10	S	106	A1	2	H	53.0	53.0	0	0	0
0	0	O0	-1	S	225	H0	5	H	0.5	0.5	1	0	1
0	0	O0	-1	S	225	H0	10	H	0.5	0.5	1	0	0
0	201	I0	12	S	31	K0	8	H	85.0	85.0	0	0	0
0	178	L1	3	H	0	O0	-1	S	0.5	0.5	1	0	1
0	178	L1	6	H	0	O0	-1	S	0.5	0.5	1	0	0
0	236	R1	9	H	256	Q1	2	S	10.0	-10.0	0	0	0
0	42	V1	10	H	131	V0	6	H	45.0	-45.0	0	0	1
0	42	V1	11	H	131	V0	4	H	45.0	-45.0	0	0	0
0	235	R0	12	H	194	H1	1	H	21.0	21.0	0	0	0
0	290	K1	6	H	296	E1	7	H	3.0	-3.0	0	0	1
0	290	K1	4	H	296	E1	4	H	3.0	-3.0	0	0	0
0	300	G1	2	H	270	L1	6	H	15.0	15.0	0	0	0
0	144	L1	11	H	270	L1	5	H	63.0	-63.0	0	0	1
0	144	L1	4	H	270	L1	9	H	63.0	-63.0	0	0	0
0	15	Q0	12	H	183	S0	10	H	84.0	-84.0	0	0	0
0	191	K0	8	C	193	H0	3	C	1.0	-1.0	0	1	1
0	191	K0	7	C	193	H0	2	C	1.0	-1.0	0	1	0
0	295	E0	12	H	296	E1	1	H	0.0	0.0	0	1	1
0	295	E0	4	H	296	E1	12	H	0.0	0.0	0	1	0
0	287	A0	11	H	0	O0	-1	S	0.5	0.5	1	0	1
0	287	A0	5	H	0	O0	-1	S	0.5	0.5	1	0	0
0	64	L1	3	H	7	E0	12	S	28.0	28.0	0	0	0
0	116	S1	6	C	0	O0	-1	S	0.5	0.5	1	0	1
0	116	S1	3	C	0	O0	-1	S	0.5	0.5	1	0	0
0	117	E0	6	C	104	E1	2	S	7.0	7.0	0	0	0
0	0	O0	-1	S	75	E0	5	H	0.5	0.5	1	0	1
0	0	O0	-1	S	75	E0	2	H	0.5	0.5	1	0	0
0	70	S1	7	S	158	K1	12	H	44.0	-44.0	0	0	0
0	0	O0	-1	S	81	E0	12	C	0.5	0.5	1	0	1
0	0	O0	-1	S	81	E0	4	C	0.5	0.5	1	0	0
0	286	A1	3	S	135	V0	11	C	75.0	75.0	0	0	0
0	4	L1	12	C	20	V1	4	H	8.0	-8.0	0	0	1
0	4	L1	7	C	20	V1	2	H	8.0	-8.0	0	0	0
0	122	L1	8	C	140	T1	3	H	9.0	-9.0	0	0	0
0	21	L0	6	H	28	W1	7	H	3.0	-3.0	0	0	1
0	21	L0	12	H	28	W1	5	H	3.0	-3.0	0	0	0
0	17	L0	12	H	15	Q0	2	H	1.0	1.0	0	0	0
0	87	D0	7	C	0	O0	-1	S	0.5	0.5	1	0	1
0	87	D0	4	C	0	O0	-1	S	0.5	0.5	1	0	0
0	88	D1	5	C	269	L0	5	S	91.0	-91.0	0	0	0
0	0	O0	-1	S	54	D1	6	H	0.5	0.5	1	0	1
0	0	O0	-1	S	54	D1	2	H	0.5	0.5	1	0	0
0	209	E0	11	S	265	K0	4	H	28.0	-28.0	0	0	0
0	225	H0	8	H	227	V0	3	H	1.0	-1.0	0	1	1
0	225	H0	12	H	227	V0	5	H	1.0	-1.0	0	1	0
0	69	S0	1	H	0	O0	-1	S	0.5	0.5	1	0	1
0	69	S0	5	H	0	O0	-1	S	0.5	0.5	1	0	0
0	27	W0	12	H	115	S0	10	S	44.0	-44.0	0	0	0
0	23	H0	1	H	30	A1	7	H	3.0	-3.0	0	0	1
0	23	H0	6	H	30	A1	9	H	3.0	-3.0	0	0	0
0	294	K1	1	H	288	A1	3	H	3.0	3.0	0	0	0
0	34	V1	6	H	48	H1	12	H	7.0	-7.0	0	0	1
0	34	V1	3	H	48	H1	10	H	7.0	-7.0	0	0	0
0	43	A0	2	H	256	Q1	2	H	106.0	-106.0	0	0	0
0	286	A1	8	H	0	O0	-1	S	0.5	0.5	1	0	1
0	286	A1	9	H	0	O0	-1	S	0.5	0.5	1	0	0
0	159	G0	11	H	273	L0	2	S	57.0	-57.0	0	0	0
0	124	K1	8	H	0	O0	-1	S	0.5	0.5	1	0	1
0	124	K1	2	H	0	O0	-1	S	0.5	0.5	1	0	0
0	136	V1	9	H	13	W0	4	S	61.0	61.0	0	0	0
0	0	O0	-1	S	124	K1	12	H	0.5	0.5	1	0	1
0	0	O0	-1	S	124	K1	2	H	0.5	0.5	1	0	0
0	193	H0	12	S	127	H0	4	H	33.0	33.0	0	0	0
0	7	E0	1	H	13	W0	7	H	3.0	-3.0	0	0	1
0	7	E0	12	H	13	W0	12	H	3.0	-3.0	0	0	0
0	192	K1	2	H	48	H1	4	H	72.0	72.0	0	0	0
0	2	V1	9	C	3	L0	2	C	1.0	-1.0	0	0	1
0	2	V1	6	C	3	L0	6	C	1.0	-1.0	0	0	0
0	128	H1	10	C	139	T0	2	C	6.0	-6.0	0	0	0
0	88	D1	3	C	0	O0	-1	S	0.5	0.5	1	0	1
0	88	D1	5	C	0	O0	-1	S	0.5	0.5	1	0	0
0	230	L1	6	C	135	V0	10	S	47.0	47.0	0	0	0
0	4	L1	6	C	12	E1	8	H	4.0	-4.0	0	0	1
0	4	L1	9	C	12	E1	10	H	4.0	-4.0	0	0	0
0	257	G0	8	C	152	L1	12	H	53.0	53.0	0	0	0
0	0	O0	-1	S	12	E1	5	H	0.5	0.5	1	0	1
0	0	O0	-1	S	12	E1	10	H	0.5	0.5	1	0	0
0	84	K1	1	S	52	Q1	6	H	16.0	16.0	0	0	0
0	68	K1	4	H	104	E1	4	H	18.0	-18.0	0	0	1
0	68	K1	11	H	104	E1	5	H	18.0	-18.0	0	0	0
0	191	K0	11	H	68	K1	9	H	62.0	62.0	0	0	0
0	95	H0	9	C	97	L0	3	C	1.0	-1.0	0	1	1
0	95	H0	4	C	97	L0	5	C	1.0	-1.0	0	1	0
0	191	K0	6	C	0	O0	-1	S	0.5	0.5	1	0	1
0	191	K0	11	C	0	O0	-1	S	0.5	0.5	1	0	0
0	279	K0	5	C	35	E0	12	S	122.0	122.0	0	0	0
0	6	S1	12	C	0	O0	-1	S	0.5	0.5	1	0	1
0	6	S1	7	C	0	O0	-1	S	0.5	0.5	1	0	0
0	176	P1	9	C	234	S1	11	S	29.0	-29.0	0	0	0
0	264	N1	9	H	272	E1	4	H	4.0	-4.0	0	0	1
0	264	N1	6	H	272	E1	2	H	4.0	-4.0	0	0	0
0	240	P1	4	H	226	H1	4	H	7.0	7.0	0	0	0
0	283	I0	7	H	277	R0	1	H	3.0	3.0	0	0	1
0	283	I0	10	H	277	R0	4	H	3.0	3.0	0	0	0
0	138	L1	9	H	155	K0	2	H	9.0	-9.0	0	0	0
0	256	Q1	1	H	255	Q0	12	H	0.0	0.0	0	1	1
0	256	Q1	2	H	255	Q0	11	H	0.0	0.0	0	1	0
0	57	L0	9	H	59	I0	3	H	1.0	-1.0	0	1	1
0	57	L0	5	H	59	I0	2	H	1.0	-1.0	0	1	0
0	173	K0	1	H	180	A1	7	H	3.0	-3.0	0	0	1
0	173	K0	6	H	180	A1	9	H	3.0	-3.0	0	0	0
0	246	F1	3	H	175	P0	10	H	35.0	35.0	0	0	0
0	119	D0	1	H	125	K0	7	H	3.0	-3.0	0	0	1
0	119	D0	5	H	125	K0	2	H	3.0	-3.0	0	0	0
0	67	K0	5	H	280	K1	3	H	106.0	-106.0	0	0	0
0	142	A1	5	H	0	O0	-1	S	0.5	0.5	1	0	1
0	142	A1	2	H	0	O0	-1	S	0.5	0.5	1	0	0
0	129	G0	2	H	29	A0	4	S	50.0	50.0	0	0	0
0	261	M0	11	H	262	M1	2	H	0.0	0.0	0	1	1
0	261	M0	8	H	262	M1	1	H	0.0	0.0	0	1	0
0	181	Q0	12	H	182	Q1	1	H	0.0	0.0	0	1	1
0	181	Q0	2	H	182	Q1	2	H	0.0	0.0	0	1	0
0	209	E0	9	H	211	F0	3	H	1.0	-1.0	0	1	1
0	209	E0	5	H	211	F0	10	H	1.0	-1.0	0	1	0
0	74	P1	12	H	0	O0	-1	S	0.5	0.5	1	0	1
0	74	P1	6	H	0	O0	-1	S	0.5	0.5	1	0	0
0	251	D0	7	H	295	E0	4	S	22.0	-22.0	0	0	0
0	43	A0	6	H	50	G1	7	H	3.0	-3.0	0	0	1
0	43	A0	2	H	50	G1	11	H	3.0	-3.0	0	0	0
0	157	K0	10	H	133	T0	10	H	12.0	12.0	0	0	0
0	210	E1	5	H	278	R1	11	H	34.0	-34.0	0	0	1
0	210	E1	3	H	278	R1	7	H	34.0	-34.0	0	0	0
0	255	Q0	6	H	161	H0	12	H	47.0	47.0	0	0	0
0	245	F0	9	C	247	G0	3	C	1.0	-1.0	0	1	1
0	245	F0	4	C	247	G0	7	C	1.0	-1.0	0	1	0
0	248	G1	12	C	0	O0	-1	S	0.5	0.5	1	0	1
0	248	G1	4	C	0	O0	-1	S	0.5	0.5	1	0	0
0	15	Q0	12	C	215	S0	4	S	100.0	-100.0	0	0	0
0	134	T1	10	H	0	O0	-1	S	0.5	0.5	1	0	1
0	134	T1	4	H	0	O0	-1	S	0.5	0.5	1	0	0
0	81	E0	8	H	47	H0	6	S	17.0	17.0	0	0	0
0	33	V0	10	H	41	V0	5	H	4.0	-4.0	0	0	1
0	33	V0	1	H	41	V0	4	H	4.0	-4.0	0	0	0
0	119	D0	8	H	69	S0	5	H	25.0	25.0	0	0	0
0	274	L1	11	H	0	O0	-1	S	0.5	0.5	1	0	1
0	274	L1	5	H	0	O0	-1	S	0.5	0.5	1	0	0
0	117	E0	5	H	243	N0	6	S	63.0	-63.0	0	0	0
1	38	G1	5	E	0	O0	-1	S	0.5	0.5	1	0	1
1	38	G1	4	E	0	O0	-1	S	0.5	0.5	1	0	0
1	425	A0	1	E	128	V1	4	S	149.0	149.0	0	0	0
1	309	R0	5	C	310	R1	8	C	0.0	0.0	0	1	1
1	309	R0	6	C	310	R1	2	C	0.0	0.0	0	1	0
1	360	P1	12	C	442	K1	6	H	41.0	-41.0	0	0	1
1	360	P1	1	C	442	K1	9	H	41.0	-41.0	0	0	0
1	134	L1	1	C	466	Y1	11	H	166.0	-166.0	0	0	0
1	454	N1	6	H	464	N1	8	C	5.0	-5.0	0	0	1
1	454	N1	10	H	464	N1	1	C	5.0	-5.0	0	0	0
1	152	I1	2	H	176	V1	4	C	12.0	-12.0	0	0	0
1	258	L1	8	H	260	H1	3	H	1.0	-1.0	0	0	1
1	355	G0	5	H	421	S0	4	H	33.0	-33.0	0	0	0
1	63	K0	12	C	64	K1	1	C	0.0	0.0	0	1	1
1	63	K0	11	C	64	K1	2	C	0.0	0.0	0	1	0
1	338	F1	10	C	0	O0	-1	S	0.5	0.5	1	0	1
1	338	F1	8	C	0	O0	-1	S	0.5	0.5	1	0	0
1	23	Y0	12	C	127	V0	7	S	52.0	-52.0	0	0	0
1	187	L0	9	C	189	V0	3	C	1.0	-1.0	0	1	1
1	187	L0	6	C	189	V0	10	C	1.0	-1.0	0	1	0
1	213	K0	7	C	207	L0	1	H	3.0	3.0	0	0	1
1	213	K0	12	C	207	L0	4	H	3.0	3.0	0	0	0
1	270	A1	3	C	457	S0	9	H	94.0	-94.0	0	0	0
1	312	I1	10	E	288	I1	10	E	12.0	12.0	0	0	1
1	312	I1	3	E	288	I1	6	E	12.0	12.0	0	0	0
1	120	I1	6	E	193	G0	7	E	37.0	-37.0	0	0	0
1	70	G1	10	C	0	O0	-1	S	0.5	0.5	1	0	1
1	70	G1	4	C	0	O0	-1	S	0.5	0.5	1	0	0
1	427	S0	6	C	34	E1	2	S	197.0	197.0	0	0	0
1	524	R1	4	C	513	K0	1	C	5.0	5.0	0	0	1
1	524	R1	2	C	513	K0	6	C	5.0	5.0	0	0	0
1	23	Y0	12	C	273	F0	1	C	125.0	-125.0	0	0	0
1	100	S1	6	C	0	O0	-1	S	0.5	0.5	1	0	1
1	100	S1	9	C	0	O0	-1	S	0.5	0.5	1	0	0
1	199	L0	8	C	396	D1	12	S	98.0	-98.0	0	0	0
1	149	V0	9	E	151	I0	3	C	1.0	-1.0	0	1	1
1	149	V0	11	E	151	I0	10	C	1.0	-1.0	0	1	0
1	277	L0	8	C	402	S1	10	H	62.0	-62.0	0	0	1
1	277	L0	2	C	402	S1	11	H	62.0	-62.0	0	0	0
1	422	S1	3	C	530	I1	5	H	54.0	-54.0	0	0	0
1	173	D0	10	E	178	I1	3	E	2.0	-2.0	0	0	1
1	173	D0	11	E	178	I1	10	E	2.0	-2.0	0	0	0
1	82	K1	4	E	24	Y1	1	E	29.0	29.0	0	0	0
1	520	K1	9	H	0	O0	-1	S	0.5	0.5	1	0	1
1	520	K1	8	H	0	O0	-1	S	0.5	0.5	1	0	0
1	435	G0	11	H	510	L1	1	S	37.0	-37.0	0	0	0
1	53	K0	11	E	54	K1	2	E	0.0	0.0	0	1	1
1	200	L1	4	H	312	I1	11	E	56.0	-56.0	0	0	1
1	200	L1	10	H	312	I1	3	E	56.0	-56.0	0	0	0
1	180	L1	7	H	221	T0	7	E	21.0	-21.0	0	0	0
1	438	D1	11	C	0	O0	-1	S	0.5	0.5	1	0	1
1	438	D1	1	C	0	O0	-1	S	0.5	0.5	1	0	0
1	9	Q0	11	C	540	Q1	5	S	265.0	-265.0	0	0	0
1	281	P0	6	H	200	L1	8	H	41.0	41.0	0	0	1
1	281	P0	12	H	200	L1	1	H	41.0	41.0	0	0	0
1	412	T1	3	H	485	T0	8	H	37.0	-37.0	0	0	0
1	0	O0	-1	S	214	K1	5	C	0.5	0.5	1	0	1
1	0	O0	-1	S	214	K1	1	C	0.5	0.5	1	0	0
1	347	K0	12	S	450	L1	8	C	51.0	-51.0	0	0	0
1	207	L0	5	H	214	K1	7	C	3.0	-3.0	0	0	1
1	207	L0	12	H	214	K1	11	C	3.0	-3.0	0	0	0
1	107	G0	2	H	511	V0	4	C	202.0	-202.0	0	0	0
1	504	R1	1	H	503	R0	12	H	0.0	0.0	0	1	1
1	504	R1	4	H	503	R0	6	H	0.0	0.0	0	1	0
1	405	G0	12	H	406	G1	1	H	0.0	0.0	0	1	1
1	405	G0	5	H	406	G1	5	H	0.0	0.0	0	1	0
1	0	O0	-1	S	445	E0	5	H	0.5	0.5	1	0	1
1	0	O0	-1	S	445	E0	11	H	0.5	0.5	1	0	0
1	18	D1	9	S	451	A0	2	H	217.0	-217.0	0	0	0
1	151	I0	12	C	152	I1	1	C	0.0	0.0	0	1	1
1	151	I0	8	C	152	I1	12	C	0.0	0.0	0	1	0
1	170	K1	11	C	0	O0	-1	S	0.5	0.5	1	0	1
1	170	K1	8	C	0	O0	-1	S	0.5	0.5	1	0	0
1	310	R1	1	C	501	I0	10	S	96.0	-96.0	0	0	0
1	475	E0	2	H	479	F0	2	H	2.0	-2.0	0	0	1
1	475	E0	8	H	479	F0	1	H	2.0	-2.0	0	0	0
1	70	G1	2	H	520	K1	7	H	225.0	-225.0	0	0	0
1	283	E0	12	H	284	E1	1	H	0.0	0.0	0	1	1
1	283	E0	2	H	284	E1	3	H	0.0	0.0	0	1	0
1	317	I0	1	C	322	F1	3	C	2.0	-2.0	0	0	1
1	317	I0	5	C	322	F1	6	C	2.0	-2.0	0	0	0
1	549	K0	6	C	442	K1	10	C	54.0	54.0	0	0	0
1	41	G0	8	E	45	F0	2	C	2.0	-2.0	0	0	1
1	41	G0	2	E	45	F0	5	C	2.0	-2.0	0	0	0
1	60	R1	2	E	36	L1	10	C	12.0	12.0	0	0	0
1	54	K1	8	E	80	A1	8	E	13.0	-13.0	0	0	1
1	425	A0	4	E	179	L0	5	E	123.0	123.0	0	0	0
1	349	N0	12	C	0	O0	-1	S	0.5	0.5	1	0	1
1	349	N0	1	C	0	O0	-1	S	0.5	0.5	1	0	0
1	11	E0	1	C	435	G0	11	S	212.0	-212.0	0	0	0
1	513	K0	8	C	0	O0	-1	S	0.5	0.5	1	0	1
1	513	K0	2	C	0	O0	-1	S	0.5	0.5	1	0	0
1	136	K1	5	C	434	L1	3	S	149.0	-149.0	0	0	0
1	223	E0	11	H	224	E1	2	H	0.0	0.0	0	1	1
1	223	E0	10	H	224	E1	5	H	0.0	0.0	0	1	0
1	537	L0	6	H	548	I1	8	C	5.0	-5.0	0	0	1
1	537	L0	8	H	548	I1	7	C	5.0	-5.0	0	0	0
1	87	K0	1	H	118	D1	11	C	15.0	-15.0	0	0	0
1	22	Y1	11	C	0	O0	-1	S	0.5	0.5	1	0	1
1	22	Y1	1	C	0	O0	-1	S	0.5	0.5	1	0	0
1	153	T0	4	C	163	Y0	5	S	5.0	-5.0	0	0	0
1	524	R1	6	C	507	L0	6	H	8.0	8.0	0	0	1
1	524	R1	2	C	507	L0	5	H	8.0	8.0	0	0	0
1	16	V1	3	C	394	A1	2	H	189.0	-189.0	0	0	0
1	10	Q1	6	C	167	N0	5	C	79.0	-79.0	0	0	1
1	10	Q1	2	C	167	N0	6	C	79.0	-79.0	0	0	0
1	248	N1	9	C	19	D0	1	C	114.0	114.0	0	0	0
1	143	H0	9	C	145	P0	3	C	1.0	-1.0	0	1	1
1	143	H0	10	C	145	P0	12	C	1.0	-1.0	0	1	0
1	217	S0	10	C	0	O0	-1	S	0.5	0.5	1	0	1
1	217	S0	2	C	0	O0	-1	S	0.5	0.5	1	0	0
1	2	T1	2	C	116	E1	7	S	57.0	-57.0	0	0	0
1	522	K1	6	H	0	O0	-1	S	0.5	0.5	1	0	1
1	522	K1	8	H	0	O0	-1	S	0.5	0.5	1	0	0
1	509	L0	2	H	191	A0	11	S	159.0	159.0	0	0	0
1	27	T0	3	E	25	D0	9	E	1.0	1.0	0	1	1
1	27	T0	10	E	25	D0	12	E	1.0	1.0	0	1	0
1	287	I0	1	E	318	I1	7	C	15.0	-15.0	0	0	1
1	287	I0	5	E	318	I1	12	C	15.0	-15.0	0	0	0
1	507	L0	4	E	164	Y1	9	C	172.0	172.0	0	0	0
1	507	L0	7	H	501	I0	1	H	3.0	3.0	0	0	1
1	507	L0	4	H	501	I0	10	H	3.0	3.0	0	0	0
1	193	G0	4	H	204	D1	4	H	5.0	-5.0	0	0	0
1	250	G1	11	H	147	N0	8	C	51.0	51.0	0	0	1
1	250	G1	9	H	147	N0	12	C	51.0	51.0	0	0	0
1	192	A1	9	H	216	E1	3	C	12.0	-12.0	0	0	0
1	192	A1	10	C	0	O0	-1	S	0.5	0.5	1	0	1
1	192	A1	4	C	0	O0	-1	S	0.5	0.5	1	0	0
1	74	Q1	8	C	326	L1	6	S	126.0	-126.0	0	0	0
1	266	Q1	6	C	390	L1	4	C	62.0	-62.0	0	0	1
1	266	Q1	1	C	390	L1	11	C	62.0	-62.0	0	0	0
1	59	R0	5	C	40	S1	9	C	10.0	10.0	0	0	0
1	431	F0	4	C	432	F1	9	C	0.0	0.0	0	1	1
1	431	F0	1	C	432	F1	3	C	0.0	0.0	0	1	0
1	254	Y1	6	H	532	Q1	5	H	139.0	-139.0	0	0	1
1	254	Y1	1	H	532	Q1	9	H	139.0	-139.0	0	0	0
1	27	T0	10	H	299	N0	4	H	136.0	-136.0	0	0	0
1	3	V0	8	C	0	O0	-1	S	0.5	0.5	1	0	1
1	3	V0	7	C	0	O0	-1	S	0.5	0.5	1	0	0
1	443	Q0	7	C	284	E1	3	S	80.0	80.0	0	0	0
1	261	S0	6	H	0	O0	-1	S	0.5	0.5	1	0	1
1	261	S0	11	H	0	O0	-1	S	0.5	0.5	1	0	0
1	47	A0	11	H	540	Q1	5	S	246.0	-246.0	0	0	0
1	420	L1	2	H	419	L0	11	H	0.0	0.0	0	1	1
1	420	L1	1	H	419	L0	2	H	0.0	0.0	0	1	0
1	22	Y1	10	C	0	O0	-1	S	0.5	0.5	1	0	1
1	22	Y1	1	C	0	O0	-1	S	0.5	0.5	1	0	0
1	57	C0	5	C	372	E1	9	S	157.0	-157.0	0	0	0
1	204	D1	9	H	212	E1	4	H	4.0	-4.0	0	0	1
1	204	D1	10	H	212	E1	2	H	4.0	-4.0	0	0	0
1	109	V0	11	H	61	E0	4	H	24.0	24.0	0	0	0
1	140	I1	4	C	268	I1	12	E	64.0	-64.0	0	0	1
1	140	I1	2	C	268	I1	7	E	64.0	-64.0	0	0	0
1	540	Q1	1	C	329	H0	5	E	105.0	105.0	0	0	0
1	298	R1	4	C	0	O0	-1	S	0.5	0.5	1	0	1
1	298	R1	12	C	0	O0	-1	S	0.5	0.5	1	0	0
1	332	K1	12	C	53	K0	5	S	139.0	139.0	0	0	0
1	197	E0	5	E	290	M1	1	E	46.0	-46.0	0	0	1
1	197	E0	2	E	290	M1	5	E	46.0	-46.0	0	0	0
1	268	I1	6	E	139	I0	2	E	64.0	64.0	0	0	0
1	304	P1	7	C	0	O0	-1	S	0.5	0.5	1	0	1
1	304	P1	3	C	0	O0	-1	S	0.5	0.5	1	0	0
1	547	I0	5	C	221	T0	7	S	163.0	163.0	0	0	0
1	355	G0	1	C	0	O0	-1	S	0.5	0.5	1	0	1
1	355	G0	5	C	0	O0	-1	S	0.5	0.5	1	0	0
1	290	M1	11	C	473	D0	1	S	92.0	-92.0	0	0	0
1	379	Y0	2	C	382	E1	2	C	1.0	-1.0	0	0	1
1	379	Y0	4	C	382	E1	12	C	1.0	-1.0	0	0	0
1	488	S1	7	C	479	F0	10	C	4.0	4.0	0	0	0
1	395	D0	9	H	403	I0	4	H	4.0	-4.0	0	0	1
1	395	D0	10	H	403	I0	11	H	4.0	-4.0	0	0	0
1	102	S1	8	H	378	N1	9	H	138.0	-138.0	0	0	0
1	0	O0	-1	S	13	N0	4	C	0.5	0.5	1	0	1
1	0	O0	-1	S	13	N0	10	C	0.5	0.5	1	0	0
1	261	S0	11	S	375	V0	9	C	57.0	-57.0	0	0	0
1	8	R1	11	E	0	O0	-1	S	0.5	0.5	1	0	1
1	8	R1	1	E	0	O0	-1	S	0.5	0.5	1	0	0
1	510	L1	1	E	242	Q1	12	S	134.0	134.0	0	0	0
1	0	O0	-1	S	305	K0	7	C	0.5	0.5	1	0	1
1	0	O0	-1	S	305	K0	5	C	0.5	0.5	1	0	0
1	113	R0	12	S	444	Q1	7	C	165.0	-165.0	0	0	0
1	484	N1	11	C	0	O0	-1	S	0.5	0.5	1	0	1
1	484	N1	1	C	0	O0	-1	S	0.5	0.5	1	0	0
1	479	F0	5	C	271	H0	2	S	104.0	104.0	0	0	0
1	34	E1	7	E	0	O0	-1	S	0.5	0.5	1	0	1
1	34	E1	2	E	0	O0	-1	S	0.5	0.5	1	0	0
1	20	D1	1	E	164	Y1	9	S	72.0	-72.0	0	0	0
1	493	A0	6	H	500	F1	7	H	3.0	-3.0	0	0	1
1	493	A0	10	H	500	F1	10	H	3.0	-3.0	0	0	0
1	340	G1	2	H	432	F1	1	H	46.0	-46.0	0	0	0
1	225	E0	9	H	227	E0	3	H	1.0	-1.0	0	1	1
1	225	E0	2	H	227	E0	5	H	1.0	-1.0	0	1	0
1	213	K0	11	C	214	K1	2	C	0.0	0.0	0	1	1
1	213	K0	12	C	214	K1	11	C	0.0	0.0	0	1	0
1	409	I0	8	H	411	T0	3	H	1.0	-1.0	0	1	1
1	409	I0	5	H	411	T0	6	H	1.0	-1.0	0	1	0
1	60	R1	4	E	0	O0	-1	S	0.5	0.5	1	0	1
1	60	R1	2	E	0	O0	-1	S	0.5	0.5	1	0	0
1	126	E1	4	E	48	A1	3	S	39.0	39.0	0	0	0
1	265	Q0	10	C	333	I0	7	C	34.0	-34.0	0	0	1
1	265	Q0	7	C	333	I0	10	C	34.0	-34.0	0	0	0
1	373	I0	6	C	182	I1	9	C	96.0	96.0	0	0	0
1	37	G0	9	E	39	S0	3	E	1.0	-1.0	0	1	1
1	37	G0	10	E	39	S0	6	E	1.0	-1.0	0	1	0
1	401	S0	12	H	402	S1	1	H	0.0	0.0	0	1	1
1	401	S0	8	H	402	S1	4	H	0.0	0.0	0	1	0
1	259	H0	3	H	257	L0	8	H	1.0	1.0	0	1	1
1	259	H0	12	H	257	L0	6	H	1.0	1.0	0	1	0
1	398	M1	6	H	536	S1	4	H	69.0	-69.0	0	0	1
1	398	M1	8	H	536	S1	3	H	69.0	-69.0	0	0	0
1	247	N0	4	H	512	V1	2	H	132.0	-132.0	0	0	0
1	0	O0	-1	S	392	E1	5	H	0.5	0.5	1	0	1
1	0	O0	-1	S	392	E1	4	H	0.5	0.5	1	0	0
1	326	L1	1	S	529	I0	8	H	102.0	-102.0	0	0	0
1	0	O0	-1	S	350	N1	9	C	0.5	0.5	1	0	1
1	0	O0	-1	S	350	N1	4	C	0.5	0.5	1	0	0
1	437	D0	1	S	479	F0	4	C	21.0	-21.0	0	0	0
1	301	V0	12	C	302	V1	1	C	0.0	0.0	0	1	1
1	301	V0	11	C	302	V1	6	C	0.0	0.0	0	1	0
1	474	D1	12	H	0	O0	-1	S	0.5	0.5	1	0	1
1	474	D1	6	H	0	O0	-1	S	0.5	0.5	1	0	0
1	325	L0	2	H	488	S1	7	S	81.0	-81.0	0	0	0
1	372	E1	7	H	393	A0	5	H	11.0	-11.0	0	0	1
1	372	E1	9	H	393	A0	10	H	11.0	-11.0	0	0	0
1	539	Q0	12	H	426	A1	12	H	57.0	57.0	0	0	0
1	92	R1	10	C	101	S0	8	C	5.0	-5.0	0	0	1
1	92	R1	4	C	101	S0	5	C	5.0	-5.0	0	0	0
1	526	M1	2	C	38	G1	2	C	244.0	244.0	0	0	0
1	354	F1	10	C	450	L1	11	H	48.0	-48.0	0	0	1
1	354	F1	6	C	450	L1	8	H	48.0	-48.0	0	0	0
1	243	I0	2	C	144	H1	3	H	50.0	50.0	0	0	0
1	0	O0	-1	S	382	E1	10	C	0.5	0.5	1	0	1
1	0	O0	-1	S	382	E1	9	C	0.5	0.5	1	0	0
1	232	T1	3	S	47	A0	2	C	92.0	92.0	0	0	0
1	31	E0	9	E	33	E0	3	E	1.0	-1.0	0	1	1
1	31	E0	10	E	33	E0	6	E	1.0	-1.0	0	1	0
1	361	E0	9	C	363	F0	3	C	1.0	-1.0	0	1	1
1	361	E0	1	C	363	F0	12	C	1.0	-1.0	0	1	0
1	516	D1	2	C	517	P0	2	H	1.0	-1.0	0	0	1
1	516	D1	12	C	517	P0	7	H	1.0	-1.0	0	0	0
1	433	L0	2	C	493	A0	7	H	30.0	-30.0	0	0	0
1	453	N0	6	H	464	N1	7	C	5.0	-5.0	0	0	1
1	453	N0	10	H	464	N1	11	C	5.0	-5.0	0	0	0
1	235	F0	5	H	149	V0	6	C	43.0	43.0	0	0	0
1	414	Y1	6	H	480	F1	4	H	33.0	-33.0	0	0	1
1	414	Y1	1	H	480	F1	8	H	33.0	-33.0	0	0	0
1	86	I1	2	H	194	G1	12	H	54.0	-54.0	0	0	0
1	0	O0	-1	S	90	K1	10	E	0.5	0.5	1	0	1
1	0	O0	-1	S	90	K1	2	E	0.5	0.5	1	0	0
1	286	N1	8	S	4	V1	3	E	141.0	141.0	0	0	0
1	73	Q0	4	E	0	O0	-1	S	0.5	0.5	1	0	1
1	73	Q0	8	E	0	O0	-1	S	0.5	0.5	1	0	0
1	449	L0	12	E	267	I0	10	S	91.0	91.0	0	0	0
1	13	N0	8	C	20	D1	7	H	3.0	-3.0	0	0	1
1	13	N0	5	C	20	D1	1	H	3.0	-3.0	0	0	0
1	284	E1	3	C	237	L0	4	H	23.0	23.0	0	0	0
1	7	R0	9	E	9	Q0	3	C	1.0	-1.0	0	1	1
1	7	R0	1	E	9	Q0	2	C	1.0	-1.0	0	1	0
1	158	H1	7	E	182	I1	8	E	12.0	-12.0	0	0	1
1	158	H1	3	E	182	I1	12	E	12.0	-12.0	0	0	0
1	134	L1	1	E	295	D0	6	E	81.0	-81.0	0	0	0
1	263	L0	8	C	268	I1	3	E	2.0	-2.0	0	0	1
1	263	L0	4	C	268	I1	7	E	2.0	-2.0	0	0	0
1	259	H0	5	C	279	K0	5	E	10.0	-10.0	0	0	0
1	42	G1	12	E	0	O0	-1	S	0.5	0.5	1	0	1
1	42	G1	5	E	0	O0	-1	S	0.5	0.5	1	0	0
1	340	G1	9	E	494	A1	8	S	77.0	-77.0	0	0	0
1	56	K1	5	E	188	L1	11	C	66.0	-66.0	0	0	1
1	56	K1	6	E	188	L1	3	C	66.0	-66.0	0	0	0
1	470	F1	12	E	77	A0	11	C	196.0	196.0	0	0	0
1	90	K1	4	E	167	N0	2	C	39.0	-39.0	0	0	1
1	90	K1	12	E	167	N0	4	C	39.0	-39.0	0	0	0
1	534	D1	1	E	458	S1	3	C	38.0	38.0	0	0	0
1	0	O0	-1	S	496	K1	10	H	0.5	0.5	1	0	1
1	0	O0	-1	S	496	K1	2	H	0.5	0.5	1	0	0
1	549	K0	6	S	358	T1	4	H	96.0	96.0	0	0	0
1	490	A1	10	H	0	O0	-1	S	0.5	0.5	1	0	1
1	490	A1	9	H	0	O0	-1	S	0.5	0.5	1	0	0
1	363	F0	8	H	160	E1	8	S	102.0	102.0	0	0	0
1	0	O0	-1	S	348	K1	4	C	0.5	0.5	1	0	1
1	0	O0	-1	S	348	K1	1	C	0.5	0.5	1	0	0
1	392	E1	4	S	419	L0	9	C	14.0	-14.0	0	0	0
1	212	E1	12	H	0	O0	-1	S	0.5	0.5	1	0	1
1	212	E1	2	H	0	O0	-1	S	0.5	0.5	1	0	0
1	260	H1	11	H	119	I0	10	S	70.0	70.0	0	0	0
1	217	S0	5	C	0	O0	-1	S	0.5	0.5	1	0	1
1	217	S0	11	C	0	O0	-1	S	0.5	0.5	1	0	0
1	104	R1	10	C	176	V1	6	S	36.0	-36.0	0	0	0
1	248	N1	5	H	538	L1	11	H	145.0	-145.0	0	0	1
1	248	N1	1	H	538	L1	6	H	145.0	-145.0	0	0	0
1	115	E0	5	H	477	Y0	5	H	181.0	-181.0	0	0	0
1	0	O0	-1	S	345	F0	7	C	0.5	0.5	1	0	1
1	0	O0	-1	S	345	F0	6	C	0.5	0.5	1	0	0
1	294	L1	8	S	221	T0	7	C	36.0	36.0	0	0	0
1	153	T0	7	C	186	E1	3	E	16.0	-16.0	0	0	1
1	153	T0	4	C	186	E1	7	E	16.0	-16.0	0	0	0
1	442	K1	10	C	177	I0	4	E	132.0	132.0	0	0	0
1	69	G0	9	C	71	L0	3	C	1.0	-1.0	0	1	1
1	69	G0	11	C	71	L0	12	C	1.0	-1.0	0	1	0
1	491	L0	11	H	492	L1	2	H	0.0	0.0	0	1	1
1	491	L0	12	H	492	L1	1	H	0.0	0.0	0	1	0
1	98	K1	9	C	0	O0	-1	S	0.5	0.5	1	0	1
1	10	Q1	2	C	399	W0	7	S	195.0	-195.0	0	0	0
1	445	E0	12	H	446	E1	1	H	0.0	0.0	0	1	1
1	445	E0	11	H	446	E1	3	H	0.0	0.0	0	1	0
1	431	F0	6	C	454	N1	8	H	11.0	-11.0	0	0	1
1	431	F0	1	C	454	N1	4	H	11.0	-11.0	0	0	0
1	122	E1	1	C	498	D1	4	H	188.0	-188.0	0	0	0
1	9	Q0	5	C	165	E0	8	E	78.0	-78.0	0	0	1
1	9	Q0	2	C	165	E0	1	E	78.0	-78.0	0	0	0
1	233	E0	7	C	209	A0	2	E	12.0	12.0	0	0	0
1	288	I1	5	E	316	I1	5	E	14.0	-14.0	0	0	1
1	288	I1	9	E	316	I1	12	E	14.0	-14.0	0	0	0
1	384	P1	6	E	448	T1	4	E	32.0	-32.0	0	0	0
1	266	Q1	5	C	0	O0	-1	S	0.5	0.5	1	0	1
1	266	Q1	1	C	0	O0	-1	S	0.5	0.5	1	0	0
1	451	A0	4	C	161	V0	11	S	145.0	145.0	0	0	0
1	0	O0	-1	S	264	L1	11	C	0.5	0.5	1	0	1
1	0	O0	-1	S	264	L1	9	C	0.5	0.5	1	0	0
1	140	I1	5	S	70	G1	6	C	35.0	35.0	0	0	0
1	249	G0	8	H	251	V0	3	H	1.0	-1.0	0	1	1
1	249	G0	5	H	251	V0	5	H	1.0	-1.0	0	1	0
1	52	V1	10	E	78	A1	10	E	13.0	-13.0	0	0	1
1	52	V1	2	E	78	A1	6	E	13.0	-13.0	0	0	0
1	518	P1	3	E	3	V0	4	E	257.0	257.0	0	0	0
1	468	E1	5	C	0	O0	-1	S	0.5	0.5	1	0	1
1	468	E1	2	C	0	O0	-1	S	0.5	0.5	1	0	0
1	224	E1	3	C	373	I0	10	S	75.0	-75.0	0	0	0
1	497	D0	8	H	499	F0	3	H	1.0	-1.0	0	1	1
1	497	D0	10	H	499	F0	6	H	1.0	-1.0	0	1	0
1	296	D1	4	C	0	O0	-1	S	0.5	0.5	1	0	1
1	296	D1	3	C	0	O0	-1	S	0.5	0.5	1	0	0
1	157	H0	2	C	128	V1	4	S	15.0	15.0	0	0	0
1	13	N0	4	C	0	O0	-1	S	0.5	0.5	1	0	1
1	13	N0	5	C	0	O0	-1	S	0.5	0.5	1	0	0
1	119	I0	10	C	490	A1	9	S	185.0	-185.0	0	0	0
1	450	L1	10	H	0	O0	-1	S	0.5	0.5	1	0	1
1	450	L1	1	H	0	O0	-1	S	0.5	0.5	1	0	0
1	411	T0	6	H	307	P0	1	S	52.0	52.0	0	0	0
1	399	W0	4	H	524	R1	10	C	62.0	-62.0	0	0	1
1	399	W0	12	H	524	R1	2	C	62.0	-62.0	0	0	0
1	275	D0	2	H	162	V1	8	C	57.0	57.0	0	0	0
1	0	O0	-1	S	520	K1	9	H	0.5	0.5	1	0	1
1	0	O0	-1	S	520	K1	7	H	0.5	0.5	1	0	0
1	91	R0	7	S	501	I0	4	H	205.0	-205.0	0	0	0
1	205	F0	9	H	213	K0	4	C	4.0	-4.0	0	0	1
1	205	F0	5	H	213	K0	12	C	4.0	-4.0	0	0	0
1	399	W0	12	H	286	N1	4	C	57.0	57.0	0	0	0
1	122	E1	10	H	0	O0	-1	S	0.5	0.5	1	0	1
1	122	E1	9	H	0	O0	-1	S	0.5	0.5	1	0	0
1	425	A0	10	H	189	V0	11	S	118.0	118.0	0	0	0
1	326	L1	10	C	352	I1	6	C	13.0	-13.0	0	0	1
1	326	L1	9	C	352	I1	7	C	13.0	-13.0	0	0	0
1	247	N0	5	C	535	S0	10	C	144.0	-144.0	0	0	0
1	538	L1	10	H	0	O0	-1	S	0.5	0.5	1	0	1
1	538	L1	9	H	0	O0	-1	S	0.5	0.5	1	0	0
1	191	A0	1	H	281	P0	7	S	45.0	-45.0	0	0	0
1	134	L1	7	H	127	V0	1	H	3.0	3.0	0	0	1
1	134	L1	12	H	127	V0	2	H	3.0	3.0	0	0	0
1	87	K0	12	H	278	L1	10	H	95.0	-95.0	0	0	0
1	0	O0	-1	S	44	Q1	5	C	0.5	0.5	1	0	1
1	0	O0	-1	S	44	Q1	10	C	0.5	0.5	1	0	0
1	17	D0	1	S	220	L1	1	C	101.0	-101.0	0	0	0
1	132	I1	7	H	125	E0	1	H	3.0	3.0	0	0	1
1	132	I1	10	H	125	E0	4	H	3.0	3.0	0	0	0
1	361	E0	8	H	355	G0	2	H	3.0	3.0	0	0	0
1	173	D0	9	E	175	V0	3	E	1.0	-1.0	0	1	1
1	173	D0	2	E	175	V0	10	E	1.0	-1.0	0	1	0
1	392	E1	11	H	0	O0	-1	S	0.5	0.5	1	0	1
1	392	E1	4	H	0	O0	-1	S	0.5	0.5	1	0	0
1	78	A1	2	H	79	A0	1	S	1.0	-1.0	0	0	0
1	472	E1	11	C	0	O0	-1	S	0.5	0.5	1	0	1
1	472	E1	3	C	0	O0	-1	S	0.5	0.5	1	0	0
1	324	G1	8	C	465	Y0	1	S	71.0	-71.0	0	0	0
1	124	R1	10	H	330	H1	5	E	103.0	-103.0	0	0	1
1	124	R1	8	H	330	H1	6	E	103.0	-103.0	0	0	0
1	334	I1	1	H	413	Y0	5	E	40.0	-40.0	0	0	0
1	526	M1	11	C	542	H1	4	C	8.0	-8.0	0	0	1
1	526	M1	8	C	542	H1	7	C	8.0	-8.0	0	0	0
1	425	A0	4	C	254	Y1	2	C	86.0	86.0	0	0	0
1	266	Q1	7	C	0	O0	-1	S	0.5	0.5	1	0	1
1	266	Q1	8	C	0	O0	-1	S	0.5	0.5	1	0	0
1	23	Y0	10	C	240	K1	6	S	108.0	-108.0	0	0	0
1	146	P1	4	C	0	O0	-1	S	0.5	0.5	1	0	1
1	146	P1	1	C	0	O0	-1	S	0.5	0.5	1	0	0
1	236	F1	3	C	296	D1	7	S	30.0	-30.0	0	0	0
1	160	E1	10	E	164	Y1	3	E	2.0	-2.0	0	0	1
1	160	E1	2	E	164	Y1	9	E	2.0	-2.0	0	0	0
1	341	N0	10	E	374	I1	11	E	16.0	-16.0	0	0	0
1	487	S0	8	C	494	A1	7	H	3.0	-3.0	0	0	1
1	487	S0	11	C	494	A1	10	H	3.0	-3.0	0	0	0
1	438	D1	1	C	539	Q0	5	H	51.0	-51.0	0	0	0
1	489	A0	7	H	0	O0	-1	S	0.5	0.5	1	0	1
1	489	A0	11	H	0	O0	-1	S	0.5	0.5	1	0	0
1	213	K0	12	H	505	R0	1	S	146.0	-146.0	0	0	0
1	427	S0	9	C	429	P0	3	C	1.0	-1.0	0	1	1
1	427	S0	11	C	429	P0	1	C	1.0	-1.0	0	1	0
1	312	I1	6	E	289	M0	2	E	11.0	11.0	0	0	1
1	312	I1	2	E	289	M0	6	E	11.0	11.0	0	0	0
1	146	P1	1	E	266	Q1	8	E	60.0	-60.0	0	0	0
1	167	N0	11	C	0	O0	-1	S	0.5	0.5	1	0	1
1	167	N0	6	C	0	O0	-1	S	0.5	0.5	1	0	0
1	339	G0	6	C	529	I0	4	S	95.0	-95.0	0	0	0
1	4	V1	4	C	0	O0	-1	S	0.5	0.5	1	0	1
1	4	V1	9	C	0	O0	-1	S	0.5	0.5	1	0	0
1	427	S0	2	C	113	R0	5	S	157.0	157.0	0	0	0
1	0	O0	-1	S	43	Q0	7	C	0.5	0.5	1	0	1
1	0	O0	-1	S	43	Q0	2	C	0.5	0.5	1	0	0
1	390	L1	7	S	95	T0	4	C	147.0	147.0	0	0	0
1	467	E0	9	C	469	F0	3	C	1.0	-1.0	0	1	1
1	467	E0	5	C	469	F0	1	C	1.0	-1.0	0	1	0
1	85	I0	2	E	174	D1	6	E	44.0	-44.0	0	0	1
1	85	I0	8	E	174	D1	2	E	44.0	-44.0	0	0	0
1	15	V0	7	E	385	L0	4	E	185.0	-185.0	0	0	0
1	102	S1	6	C	104	R1	1	C	1.0	-1.0	0	0	1
1	102	S1	8	C	104	R1	10	C	1.0	-1.0	0	0	0
1	149	V0	11	C	445	E0	2	C	148.0	-148.0	0	0	0
1	505	R0	5	H	0	O0	-1	S	0.5	0.5	1	0	1
1	505	R0	12	H	0	O0	-1	S	0.5	0.5	1	0	0
1	112	S1	3	H	314	K1	11	S	101.0	-101.0	0	0	0
1	0	O0	-1	S	116	E1	3	H	0.5	0.5	1	0	1
1	0	O0	-1	S	116	E1	8	H	0.5	0.5	1	0	0
1	314	K1	10	S	140	I1	2	H	87.0	87.0	0	0	0
1	491	L0	4	H	0	O0	-1	S	0.5	0.5	1	0	1
1	491	L0	12	H	0	O0	-1	S	0.5	0.5	1	0	0
1	493	A0	2	H	328	A1	9	S	83.0	83.0	0	0	0
1	101	S0	12	C	102	S1	1	C	0.0	0.0	0	1	1
1	101	S0	11	C	102	S1	11	C	0.0	0.0	0	1	0
1	529	I0	12	H	530	I1	1	H	0.0	0.0	0	1	1
1	529	I0	8	H	530	I1	10	H	0.0	0.0	0	1	0
1	323	G0	2	C	327	A0	7	C	2.0	-2.0	0	0	1
1	323	G0	6	C	327	A0	1	C	2.0	-2.0	0	0	0
1	368	A1	9	C	262	S1	2	C	53.0	53.0	0	0	0
1	349	N0	4	C	0	O0	-1	S	0.5	0.5	1	0	1
1	349	N0	8	C	0	O0	-1	S	0.5	0.5	1	0	0
1	84	F1	5	C	74	Q1	8	S	5.0	5.0	0	0	0
1	60	R1	9	E	63	K0	5	C	2.0	-2.0	0	0	1
1	60	R1	3	E	63	K0	9	C	2.0	-2.0	0	0	0
1	268	I1	6	E	152	I1	11	C	58.0	58.0	0	0	0
1	223	E0	1	H	229	A0	7	H	3.0	-3.0	0	0	1
1	223	E0	8	H	229	A0	8	H	3.0	-3.0	0	0	0
1	435	G0	11	H	296	D1	7	H	70.0	70.0	0	0	0
1	211	E0	8	H	213	K0	3	C	1.0	-1.0	0	1	1
1	211	E0	4	H	213	K0	12	C	1.0	-1.0	0	1	0
1	0	O0	-1	S	28	T1	8	E	0.5	0.5	1	0	1
1	0	O0	-1	S	28	T1	3	E	0.5	0.5	1	0	0
1	396	D1	5	S	129	S0	10	E	133.0	133.0	0	0	0
1	533	D0	9	H	541	H0	4	C	4.0	-4.0	0	0	1
1	533	D0	12	H	541	H0	12	C	4.0	-4.0	0	0	0
1	259	H0	2	H	498	D1	12	C	119.0	-119.0	0	0	0
1	468	E1	11	C	0	O0	-1	S	0.5	0.5	1	0	1
1	468	E1	3	C	0	O0	-1	S	0.5	0.5	1	0	0
1	83	F0	1	C	226	E1	7	S	71.0	-71.0	0	0	0
1	93	R0	8	C	96	T1	3	C	1.0	-1.0	0	0	1
1	93	R0	5	C	96	T1	12	C	1.0	-1.0	0	0	0
1	213	K0	12	C	305	K0	8	C	46.0	-46.0	0	0	0
1	297	R0	10	C	0	O0	-1	S	0.5	0.5	1	0	1
1	297	R0	2	C	0	O0	-1	S	0.5	0.5	1	0	0
1	40	S1	9	C	149	V0	10	S	55.0	-55.0	0	0	0
1	73	Q0	7	E	0	O0	-1	S	0.5	0.5	1	0	1
1	73	Q0	5	E	0	O0	-1	S	0.5	0.5	1	0	0
1	478	Y1	9	E	436	G1	5	S	21.0	21.0	0	0	0
1	213	K0	2	C	0	O0	-1	S	0.5	0.5	1	0	1
1	213	K0	12	C	0	O0	-1	S	0.5	0.5	1	0	0
1	408	V1	2	C	362	E1	9	S	23.0	23.0	0	0	0
1	20	D1	10	H	0	O0	-1	S	0.5	0.5	1	0	1
1	20	D1	1	H	0	O0	-1	S	0.5	0.5	1	0	0
1	197	E0	6	H	152	I1	11	S	23.0	23.0	0	0	0
1	421	S0	9	H	423	G0	3	C	1.0	-1.0	0	1	1
1	421	S0	4	H	423	G0	7	C	1.0	-1.0	0	1	0
1	258	L1	6	H	268	I1	8	E	5.0	-5.0	0	0	1
1	508	L1	12	H	191	A0	2	E	158.0	158.0	0	0	0
1	443	Q0	12	H	444	Q1	1	H	0.0	0.0	0	1	1
1	443	Q0	7	H	444	Q1	7	H	0.0	0.0	0	1	0
1	390	L1	2	C	389	L0	11	C	0.0	0.0	0	1	1
1	390	L1	11	C	389	L0	12	C	0.0	0.0	0	1	0
1	301	V0	9	C	303	P0	3	C	1.0	-1.0	0	1	1
1	301	V0	11	C	303	P0	7	C	1.0	-1.0	0	1	0
1	305	K0	1	C	308	P1	1	C	1.0	-1.0	0	0	1
1	305	K0	8	C	308	P1	11	C	1.0	-1.0	0	0	0
1	272	H1	3	C	256	Y1	1	C	8.0	8.0	0	0	0
1	502	I1	5	H	412	T1	8	H	45.0	45.0	0	0	1
1	502	I1	10	H	412	T1	2	H	45.0	45.0	0	0	0
1	230	A1	2	H	35	L0	10	H	97.0	97.0	0	0	0
1	541	H0	11	C	542	H1	2	C	0.0	0.0	0	1	1
1	541	H0	12	C	542	H1	8	C	0.0	0.0	0	1	0
1	371	E0	9	H	373	I0	3	H	1.0	-1.0	0	1	1
1	371	E0	5	H	373	I0	5	H	1.0	-1.0	0	1	0
1	0	O0	-1	S	148	N1	5	C	0.5	0.5	1	0	1
1	0	O0	-1	S	148	N1	9	C	0.5	0.5	1	0	0
1	209	A0	1	S	410	I1	8	C	100.0	-100.0	0	0	0
1	224	E1	7	H	0	O0	-1	S	0.5	0.5	1	0	1
1	224	E1	3	H	0	O0	-1	S	0.5	0.5	1	0	0
1	349	N0	1	H	155	L0	8	S	97.0	97.0	0	0	0
1	274	F1	5	C	387	G0	1	C	57.0	-57.0	0	0	1
1	274	F1	7	C	387	G0	5	C	57.0	-57.0	0	0	0
1	164	Y1	1	C	440	T1	2	C	138.0	-138.0	0	0	0
1	531	Q0	8	H	533	D0	3	H	1.0	-1.0	0	1	1
1	531	Q0	2	H	533	D0	10	H	1.0	-1.0	0	1	0
1	409	I0	10	H	418	L1	3	H	4.0	-4.0	0	0	1
1	409	I0	2	H	418	L1	1	H	4.0	-4.0	0	0	0
1	508	L1	9	H	457	S0	11	H	25.0	25.0	0	0	0
1	212	E1	11	H	0	O0	-1	S	0.5	0.5	1	0	1
1	212	E1	10	H	0	O0	-1	S	0.5	0.5	1	0	0
1	208	L1	10	H	500	F1	10	S	146.0	-146.0	0	0	0
1	16	V1	12	H	178	I1	12	E	81.0	-81.0	0	0	1
1	16	V1	9	H	178	I1	10	E	81.0	-81.0	0	0	0
1	79	A0	10	H	443	Q0	5	E	182.0	-182.0	0	0	0
1	0	O0	-1	S	518	P1	12	H	0.5	0.5	1	0	1
1	0	O0	-1	S	518	P1	5	H	0.5	0.5	1	0	0
1	445	E0	11	S	217	S0	2	H	114.0	114.0	0	0	0
1	74	Q1	3	E	0	O0	-1	S	0.5	0.5	1	0	1
1	74	Q1	8	E	0	O0	-1	S	0.5	0.5	1	0	0
1	314	K1	1	E	145	P0	8	S	84.0	84.0	0	0	0
1	185	E0	9	E	187	L0	3	C	1.0	-1.0	0	1	1
1	185	E0	10	E	187	L0	11	C	1.0	-1.0	0	1	0
1	379	Y0	9	C	381	E0	3	C	1.0	-1.0	0	1	1
1	379	Y0	5	C	381	E0	4	C	1.0	-1.0	0	1	0
1	40	S1	12	E	0	O0	-1	S	0.5	0.5	1	0	1
1	40	S1	3	E	0	O0	-1	S	0.5	0.5	1	0	0
1	188	L1	2	E	221	T0	2	S	17.0	-17.0	0	0	0
1	464	N1	9	C	0	O0	-1	S	0.5	0.5	1	0	1
1	464	N1	11	C	0	O0	-1	S	0.5	0.5	1	0	0
1	472	E1	3	C	23	Y0	10	S	224.0	224.0	0	0	0
1	1	T0	4	C	0	O0	-1	S	0.5	0.5	1	0	1
1	1	T0	1	C	0	O0	-1	S	0.5	0.5	1	0	0
1	188	L1	3	C	40	S1	3	S	74.0	74.0	0	0	0
1	95	T0	5	C	0	O0	-1	S	0.5	0.5	1	0	1
1	95	T0	10	C	0	O0	-1	S	0.5	0.5	1	0	0
1	170	K1	1	C	304	P1	3	S	67.0	-67.0	0	0	0
1	26	D1	12	E	0	O0	-1	S	0.5	0.5	1	0	1
1	26	D1	9	E	0	O0	-1	S	0.5	0.5	1	0	0
1	540	Q1	5	E	268	I1	6	S	136.0	136.0	0	0	0
1	0	O0	-1	S	99	S0	5	C	0.5	0.5	1	0	1
1	0	O0	-1	S	99	S0	4	C	0.5	0.5	1	0	0
1	63	K0	9	S	171	T0	11	C	54.0	-54.0	0	0	0
1	468	E1	9	C	469	F0	2	C	1.0	-1.0	0	0	1
1	468	E1	2	C	469	F0	10	C	1.0	-1.0	0	0	0
1	5	F0	12	C	530	I1	10	C	262.0	-262.0	0	0	0
1	522	K1	4	H	0	O0	-1	S	0.5	0.5	1	0	1
1	522	K1	3	H	0	O0	-1	S	0.5	0.5	1	0	0
1	262	S1	9	H	226	E1	7	S	18.0	18.0	0	0	0
1	11	E0	5	C	0	O0	-1	S	0.5	0.5	1	0	1
1	11	E0	1	C	0	O0	-1	S	0.5	0.5	1	0	0
1	27	T0	1	C	200	L1	1	S	86.0	-86.0	0	0	0
1	492	L1	9	H	542	H1	9	C	25.0	-25.0	0	0	1
1	492	L1	6	H	542	H1	11	C	25.0	-25.0	0	0	0
1	493	A0	2	H	76	Y1	1	C	209.0	209.0	0	0	0
1	551	P0	6	C	0	O0	-1	S	0.5	0.5	1	0	1
1	551	P0	12	C	0	O0	-1	S	0.5	0.5	1	0	0
1	340	G1	10	C	302	V1	6	S	19.0	19.0	0	0	0
1	481	S0	9	C	483	N0	3	C	1.0	-1.0	0	1	1
1	481	S0	7	C	483	N0	4	C	1.0	-1.0	0	1	0
1	80	A1	1	E	79	A0	12	E	0.0	0.0	0	1	1
1	80	A1	11	E	79	A0	5	E	0.0	0.0	0	1	0
1	515	D0	12	C	516	D1	1	C	0.0	0.0	0	1	1
1	515	D0	11	C	516	D1	12	C	0.0	0.0	0	1	0
1	484	N1	10	C	0	O0	-1	S	0.5	0.5	1	0	1
1	484	N1	1	C	0	O0	-1	S	0.5	0.5	1	0	0
1	383	P0	7	C	485	T0	8	S	51.0	-51.0	0	0	0
1	0	O0	-1	S	63	K0	10	C	0.5	0.5	1	0	1
1	0	O0	-1	S	63	K0	7	C	0.5	0.5	1	0	0
1	270	A1	6	S	194	G1	3	C	38.0	38.0	0	0	0
1	413	Y0	8	H	415	I0	3	H	1.0	-1.0	0	1	1
1	413	Y0	5	H	415	I0	4	H	1.0	-1.0	0	1	0
1	0	O0	-1	S	98	K1	6	C	0.5	0.5	1	0	1
1	214	K1	1	S	431	F0	12	C	109.0	-109.0	0	0	0
1	220	L1	8	C	230	A1	5	H	5.0	-5.0	0	0	1
1	220	L1	1	C	230	A1	2	H	5.0	-5.0	0	0	0
1	345	F0	12	C	504	R1	4	H	79.0	-79.0	0	0	0
1	33	E0	12	E	34	E1	1	E	0.0	0.0	0	1	1
1	33	E0	2	E	34	E1	2	E	0.0	0.0	0	1	0
1	263	L0	9	C	265	Q0	3	C	1.0	-1.0	0	1	1
1	263	L0	4	C	265	Q0	6	C	1.0	-1.0	0	1	0
1	301	V0	1	C	0	O0	-1	S	0.5	0.5	1	0	1
1	301	V0	4	C	0	O0	-1	S	0.5	0.5	1	0	0
1	49	V0	8	C	218	S1	9	S	84.0	-84.0	0	0	0
1	62	E1	4	E	158	H1	10	E	48.0	-48.0	0	0	1
1	62	E1	2	E	158	H1	1	E	48.0	-48.0	0	0	0
1	350	N1	4	E	438	D1	1	E	44.0	-44.0	0	0	0
1	66	S1	2	C	68	T1	3	C	1.0	-1.0	0	0	1
1	66	S1	3	C	68	T1	9	C	1.0	-1.0	0	0	0
1	506	R1	9	C	437	D0	10	C	34.0	34.0	0	0	0
1	246	L1	5	H	404	I1	11	H	79.0	-79.0	0	0	1
1	246	L1	1	H	404	I1	5	H	79.0	-79.0	0	0	0
1	447	T0	10	H	53	K0	12	H	197.0	197.0	0	0	0
1	455	V0	7	H	449	L0	1	H	3.0	3.0	0	0	1
1	455	V0	11	H	449	L0	8	H	3.0	3.0	0	0	0
1	543	P0	5	H	371	E0	2	H	86.0	86.0	0	0	0
1	225	E0	6	H	232	T1	7	H	3.0	-3.0	0	0	1
1	225	E0	2	H	232	T1	8	H	3.0	-3.0	0	0	0
1	468	E1	3	H	345	F0	2	H	61.0	61.0	0	0	0
1	211	E0	10	H	0	O0	-1	S	0.5	0.5	1	0	1
1	211	E0	7	H	0	O0	-1	S	0.5	0.5	1	0	0
1	241	Q0	10	H	517	P0	7	S	138.0	-138.0	0	0	0
1	0	O0	-1	S	95	T0	1	C	0.5	0.5	1	0	1
1	0	O0	-1	S	95	T0	7	C	0.5	0.5	1	0	0
1	368	A1	3	S	409	I0	5	C	21.0	-21.0	0	0	0
1	217	S0	4	C	0	O0	-1	S	0.5	0.5	1	0	1
1	217	S0	2	C	0	O0	-1	S	0.5	0.5	1	0	0
1	279	K0	4	C	135	K0	12	S	72.0	72.0	0	0	0
1	142	Q1	4	C	0	O0	-1	S	0.5	0.5	1	0	1
1	142	Q1	7	C	0	O0	-1	S	0.5	0.5	1	0	0
1	231	T0	8	C	66	S1	9	S	83.0	83.0	0	0	0
1	0	O0	-1	S	255	Y0	11	H	0.5	0.5	1	0	1
1	0	O0	-1	S	255	Y0	5	H	0.5	0.5	1	0	0
1	55	K0	4	S	20	D1	11	H	18.0	18.0	0	0	0
1	7	R0	11	E	8	R1	2	E	0.0	0.0	0	1	1
1	7	R0	8	E	8	R1	7	E	0.0	0.0	0	1	0
1	46	F1	7	C	0	O0	-1	S	0.5	0.5	1	0	1
1	46	F1	4	C	0	O0	-1	S	0.5	0.5	1	0	0
1	261	S0	4	C	127	V0	6	S	67.0	67.0	0	0	0
1	334	I1	6	C	341	N0	1	C	4.0	-4.0	0	0	1
1	334	I1	9	C	341	N0	11	C	4.0	-4.0	0	0	0
1	197	E0	6	C	371	E0	5	C	87.0	-87.0	0	0	0
1	403	I0	1	H	409	I0	7	H	3.0	-3.0	0	0	1
1	403	I0	11	H	409	I0	5	H	3.0	-3.0	0	0	0
1	478	Y1	1	H	552	P1	1	H	37.0	-37.0	0	0	0
1	32	E1	3	E	0	O0	-1	S	0.5	0.5	1	0	1
1	32	E1	2	E	0	O0	-1	S	0.5	0.5	1	0	0
1	65	S0	4	E	277	L0	2	S	106.0	-106.0	0	0	0
1	303	P0	11	C	0	O0	-1	S	0.5	0.5	1	0	1
1	303	P0	7	C	0	O0	-1	S	0.5	0.5	1	0	0
1	324	G1	11	C	9	Q0	1	S	157.0	157.0	0	0	0
1	537	L0	11	H	538	L1	2	H	0.0	0.0	0	1	1
1	537	L0	4	H	538	L1	6	H	0.0	0.0	0	1	0
1	16	V1	1	H	15	V0	12	H	0.0	0.0	0	1	1
1	16	V1	10	H	15	V0	6	H	0.0	0.0	0	1	0
1	123	R0	12	H	124	R1	1	H	0.0	0.0	0	1	1
1	123	R0	2	H	124	R1	2	H	0.0	0.0	0	1	0
1	131	I0	1	H	137	E0	7	H	3.0	-3.0	0	0	1
1	131	I0	2	H	137	E0	2	H	3.0	-3.0	0	0	0
1	231	T0	8	H	41	G0	2	H	95.0	95.0	0	0	0
1	0	O0	-1	S	522	K1	1	H	0.5	0.5	1	0	1
1	0	O0	-1	S	522	K1	3	H	0.5	0.5	1	0	0
1	141	Q0	12	S	445	E0	2	H	152.0	-152.0	0	0	0
1	109	V0	9	E	111	S0	3	C	1.0	-1.0	0	1	1
1	109	V0	10	E	111	S0	10	C	1.0	-1.0	0	1	0
1	197	E0	8	E	205	F0	4	H	4.0	-4.0	0	0	1
1	197	E0	6	E	205	F0	12	H	4.0	-4.0	0	0	0
1	395	D0	7	E	552	P1	1	H	78.0	-78.0	0	0	0
1	185	E0	8	E	190	V1	3	C	2.0	-2.0	0	0	1
1	185	E0	10	E	190	V1	9	C	2.0	-2.0	0	0	0
1	133	L0	8	E	106	R1	11	C	14.0	14.0	0	0	0
1	214	K1	10	C	228	E1	10	H	7.0	-7.0	0	0	1
1	214	K1	11	C	228	E1	3	H	7.0	-7.0	0	0	0
1	513	K0	7	C	410	I1	10	H	52.0	52.0	0	0	0
1	144	H1	7	C	150	V1	3	E	3.0	-3.0	0	0	1
1	144	H1	3	C	150	V1	6	E	3.0	-3.0	0	0	0
1	288	I1	7	C	474	D1	5	E	93.0	-93.0	0	0	0
1	0	O0	-1	S	212	E1	6	H	0.5	0.5	1	0	1
1	0	O0	-1	S	212	E1	2	H	0.5	0.5	1	0	0
1	547	I0	5	S	197	E0	6	H	175.0	175.0	0	0	0
1	89	K0	9	E	91	R0	3	C	1.0	-1.0	0	1	1
1	89	K0	5	E	91	R0	12	C	1.0	-1.0	0	1	0
1	305	K0	9	C	307	P0	3	C	1.0	-1.0	0	1	1
1	305	K0	4	C	307	P0	1	C	1.0	-1.0	0	1	0
1	180	L1	3	E	176	V1	10	E	2.0	2.0	0	0	1
1	180	L1	9	E	176	V1	12	E	2.0	2.0	0	0	0
1	30	G1	5	E	19	D0	7	E	5.0	5.0	0	0	0
1	321	F0	11	C	322	F1	2	C	0.0	0.0	0	1	1
1	321	F0	10	C	322	F1	6	C	0.0	0.0	0	1	0
1	313	K0	9	E	315	I0	3	E	1.0	-1.0	0	1	1
1	313	K0	4	E	315	I0	7	E	1.0	-1.0	0	1	0
1	265	Q0	9	C	267	I0	3	E	1.0	-1.0	0	1	1
1	265	Q0	5	C	267	I0	1	E	1.0	-1.0	0	1	0
1	471	E0	11	C	472	E1	2	C	0.0	0.0	0	1	1
1	471	E0	2	C	472	E1	7	C	0.0	0.0	0	1	0
1	432	F1	5	C	466	Y1	4	C	17.0	-17.0	0	0	1
1	432	F1	3	C	466	Y1	11	C	17.0	-17.0	0	0	0
1	349	N0	8	C	450	L1	8	C	50.0	-50.0	0	0	0
1	163	Y0	11	E	164	Y1	2	E	0.0	0.0	0	1	1
1	163	Y0	1	E	164	Y1	1	E	0.0	0.0	0	1	0
1	159	E0	7	E	181	I0	7	E	11.0	-11.0	0	0	1
1	159	E0	4	E	181	I0	12	E	11.0	-11.0	0	0	0
1	284	E1	10	E	72	L1	1	E	106.0	106.0	0	0	0
1	188	L1	8	C	0	O0	-1	S	0.5	0.5	1	0	1
1	188	L1	2	C	0	O0	-1	S	0.5	0.5	1	0	0
1	228	E1	6	C	44	Q1	9	S	92.0	92.0	0	0	0
1	0	O0	-1	S	481	S0	6	C	0.5	0.5	1	0	1
1	0	O0	-1	S	481	S0	8	C	0.5	0.5	1	0	0
1	152	I1	2	S	540	Q1	5	C	194.0	-194.0	0	0	0
1	377	N0	6	C	0	O0	-1	S	0.5	0.5	1	0	1
1	377	N0	2	C	0	O0	-1	S	0.5	0.5	1	0	0
1	479	F0	10	C	241	Q0	10	S	119.0	119.0	0	0	0
1	0	O0	-1	S	37	G0	5	E	0.5	0.5	1	0	1
1	0	O0	-1	S	37	G0	4	E	0.5	0.5	1	0	0
1	246	L1	8	S	116	E1	7	E	65.0	65.0	0	0	0
1	292	L1	5	E	312	I1	5	E	10.0	-10.0	0	0	1
1	292	L1	3	E	312	I1	2	E	10.0	-10.0	0	0	0
1	485	T0	8	E	463	N0	12	E	11.0	11.0	0	0	0
1	367	A0	9	C	369	P0	3	H	1.0	-1.0	0	1	1
1	367	A0	2	C	369	P0	12	H	1.0	-1.0	0	1	0
1	242	Q1	10	H	311	I0	7	E	35.0	-35.0	0	0	1
1	242	Q1	3	H	311	I0	11	E	35.0	-35.0	0	0	0
1	529	I0	4	H	218	S1	9	E	156.0	156.0	0	0	0
1	336	D1	6	C	0	O0	-1	S	0.5	0.5	1	0	1
1	336	D1	8	C	0	O0	-1	S	0.5	0.5	1	0	0
1	182	I1	1	C	376	V1	10	S	97.0	-97.0	0	0	0
1	149	V0	1	E	313	K0	6	E	82.0	-82.0	0	0	1
1	149	V0	5	E	313	K0	4	E	82.0	-82.0	0	0	0
1	306	K1	12	E	471	E0	5	E	83.0	-83.0	0	0	0
1	383	P0	1	C	386	L1	2	E	1.0	-1.0	0	0	1
1	383	P0	11	C	386	L1	9	E	1.0	-1.0	0	0	0
1	144	H1	3	C	480	F1	11	E	168.0	-168.0	0	0	0
1	3	V0	12	C	4	V1	1	C	0.0	0.0	0	1	1
1	3	V0	10	C	4	V1	9	C	0.0	0.0	0	1	0
1	346	F1	6	C	379	Y0	10	C	17.0	-17.0	0	0	1
1	346	F1	1	C	379	Y0	5	C	17.0	-17.0	0	0	0
1	238	L1	10	C	482	S1	3	C	122.0	-122.0	0	0	0
1	111	S0	12	C	112	S1	1	C	0.0	0.0	0	1	1
1	111	S0	1	C	112	S1	12	C	0.0	0.0	0	1	0
1	261	S0	1	H	266	Q1	3	C	2.0	-2.0	0	0	1
1	261	S0	2	H	266	Q1	1	C	2.0	-2.0	0	0	0
1	313	K0	4	H	44	Q1	3	C	135.0	135.0	0	0	0
1	299	N0	6	C	0	O0	-1	S	0.5	0.5	1	0	1
1	299	N0	11	C	0	O0	-1	S	0.5	0.5	1	0	0
1	464	N1	11	C	300	N1	9	S	82.0	82.0	0	0	0
1	166	E1	3	E	5	F0	7	C	80.0	80.0	0	0	1
1	166	E1	12	E	5	F0	11	C	80.0	80.0	0	0	0
1	431	F0	11	E	279	K0	5	C	76.0	76.0	0	0	0
1	354	F1	8	C	0	O0	-1	S	0.5	0.5	1	0	1
1	354	F1	6	C	0	O0	-1	S	0.5	0.5	1	0	0
1	194	G1	8	C	236	F1	9	S	21.0	-21.0	0	0	0
1	0	O0	-1	S	256	Y1	5	H	0.5	0.5	1	0	1
1	0	O0	-1	S	256	Y1	1	H	0.5	0.5	1	0	0
1	456	V1	9	S	27	T0	10	H	214.0	214.0	0	0	0
1	136	K1	1	H	156	L1	8	E	10.0	-10.0	0	0	1
1	136	K1	12	H	156	L1	5	E	10.0	-10.0	0	0	0
1	224	E1	1	H	400	W1	8	E	88.0	-88.0	0	0	0
1	310	R1	4	C	0	O0	-1	S	0.5	0.5	1	0	1
1	310	R1	6	C	0	O0	-1	S	0.5	0.5	1	0	0
1	310	R1	2	C	536	S1	8	S	113.0	-113.0	0	0	0
1	229	A0	9	H	231	T0	3	H	1.0	-1.0	0	1	1
1	229	A0	11	H	231	T0	1	H	1.0	-1.0	0	1	0
1	82	K1	11	E	320	D1	5	C	119.0	-119.0	0	0	1
1	82	K1	4	E	320	D1	11	C	119.0	-119.0	0	0	0
1	466	Y1	9	E	97	K0	6	C	184.0	184.0	0	0	0
1	397	M0	1	H	403	I0	7	H	3.0	-3.0	0	0	1
1	397	M0	4	H	403	I0	10	H	3.0	-3.0	0	0	0
1	222	T1	2	H	487	S0	11	H	133.0	-133.0	0	0	0
1	198	E1	12	E	0	O0	-1	S	0.5	0.5	1	0	1
1	198	E1	2	E	0	O0	-1	S	0.5	0.5	1	0	0
1	370	P1	8	E	262	S1	2	S	54.0	54.0	0	0	0
1	314	K1	4	E	0	O0	-1	S	0.5	0.5	1	0	1
1	314	K1	7	E	0	O0	-1	S	0.5	0.5	1	0	0
1	452	A1	5	E	436	G1	5	S	8.0	8.0	0	0	0
1	332	K1	9	E	333	I0	2	C	1.0	-1.0	0	0	1
1	332	K1	12	E	333	I0	4	C	1.0	-1.0	0	0	0
1	459	A0	2	E	515	D0	11	C	28.0	-28.0	0	0	0
1	315	I0	9	E	317	I0	3	C	1.0	-1.0	0	1	1
1	315	I0	11	E	317	I0	11	C	1.0	-1.0	0	1	0
1	462	V1	4	C	514	K1	3	C	26.0	-26.0	0	0	1
1	462	V1	6	C	514	K1	9	C	26.0	-26.0	0	0	0
1	36	L1	10	C	529	I0	11	C	247.0	-247.0	0	0	0
1	513	K0	10	C	0	O0	-1	S	0.5	0.5	1	0	1
1	513	K0	6	C	0	O0	-1	S	0.5	0.5	1	0	0
1	462	V1	6	C	62	E1	11	S	200.0	200.0	0	0	0
1	0	O0	-1	S	136	K1	9	H	0.5	0.5	1	0	1
1	0	O0	-1	S	136	K1	4	H	0.5	0.5	1	0	0
1	318	I1	12	S	106	R1	1	H	106.0	106.0	0	0	0
1	349	N0	10	C	0	O0	-1	S	0.5	0.5	1	0	1
1	349	N0	6	C	0	O0	-1	S	0.5	0.5	1	0	0
1	344	E1	10	C	490	A1	6	S	73.0	-73.0	0	0	0
1	0	O0	-1	S	311	I0	2	E	0.5	0.5	1	0	1
1	0	O0	-1	S	311	I0	11	E	0.5	0.5	1	0	0
1	488	S1	7	S	255	Y0	12	E	116.0	116.0	0	0	0
1	475	E0	6	H	0	O0	-1	S	0.5	0.5	1	0	1
1	475	E0	10	H	0	O0	-1	S	0.5	0.5	1	0	0
1	409	I0	5	H	79	A0	1	S	165.0	165.0	0	0	0
1	0	O0	-1	S	135	K0	6	H	0.5	0.5	1	0	1
1	0	O0	-1	S	135	K0	2	H	0.5	0.5	1	0	0
1	530	I1	5	S	183	L0	8	H	173.0	173.0	0	0	0
1	459	A0	10	C	0	O0	-1	S	0.5	0.5	1	0	1
1	459	A0	5	C	0	O0	-1	S	0.5	0.5	1	0	0
1	193	G0	4	C	224	E1	1	S	15.0	-15.0	0	0	0
1	5	F0	6	C	0	O0	-1	S	0.5	0.5	1	0	1
1	5	F0	11	C	0	O0	-1	S	0.5	0.5	1	0	0
1	300	N1	2	C	433	L0	12	S	67.0	-67.0	0	0	0
1	123	R0	8	H	125	E0	3	H	1.0	-1.0	0	1	1
1	123	R0	2	H	125	E0	11	H	1.0	-1.0	0	1	0
1	274	F1	10	C	352	I1	12	C	39.0	-39.0	0	0	1
1	274	F1	7	C	352	I1	2	C	39.0	-39.0	0	0	0
1	149	V0	5	C	542	H1	8	C	196.0	-196.0	0	0	0
1	387	G0	12	C	388	G1	1	C	0.0	0.0	0	1	1
1	387	G0	11	C	388	G1	12	C	0.0	0.0	0	1	0
1	389	L0	9	C	391	E0	3	H	1.0	-1.0	0	1	1
1	389	L0	10	C	391	E0	8	H	1.0	-1.0	0	1	0
1	288	I1	12	E	410	I1	11	H	61.0	-61.0	0	0	1
1	288	I1	2	E	410	I1	2	H	61.0	-61.0	0	0	0
1	283	E0	2	E	253	Y0	11	H	15.0	15.0	0	0	0
1	240	K1	11	H	0	O0	-1	S	0.5	0.5	1	0	1
1	240	K1	6	H	0	O0	-1	S	0.5	0.5	1	0	0
1	300	N1	5	H	191	A0	4	S	54.0	54.0	0	0	0
1	253	Y0	10	H	254	Y1	3	H	0.0	0.0	0	1	1
1	253	Y0	11	H	254	Y1	11	H	0.0	0.0	0	1	0
1	106	R1	4	C	0	O0	-1	S	0.5	0.5	1	0	1
1	106	R1	7	C	0	O0	-1	S	0.5	0.5	1	0	0
1	140	I1	9	C	345	F0	6	S	103.0	-103.0	0	0	0
1	146	P1	8	C	148	N1	3	C	1.0	-1.0	0	0	1
1	146	P1	1	C	148	N1	9	C	1.0	-1.0	0	0	0
1	271	H0	2	C	227	E0	6	C	22.0	22.0	0	0	0
1	371	E0	1	H	377	N0	7	C	3.0	-3.0	0	0	1
1	371	E0	2	H	377	N0	4	C	3.0	-3.0	0	0	0
1	372	E1	9	H	187	L0	10	C	92.0	92.0	0	0	0
1	234	E1	6	H	0	O0	-1	S	0.5	0.5	1	0	1
1	234	E1	9	H	0	O0	-1	S	0.5	0.5	1	0	0
1	38	G1	11	H	472	E1	3	S	217.0	-217.0	0	0	0
1	175	V0	12	E	176	V1	1	E	0.0	0.0	0	1	1
1	175	V0	1	E	176	V1	4	E	0.0	0.0	0	1	0
1	446	E1	4	H	0	O0	-1	S	0.5	0.5	1	0	1
1	446	E1	2	H	0	O0	-1	S	0.5	0.5	1	0	0
1	10	Q1	2	H	529	I0	11	S	260.0	-260.0	0	0	0
1	215	E0	9	C	217	S0	3	C	1.0	-1.0	0	1	1
1	215	E0	8	C	217	S0	6	C	1.0	-1.0	0	1	0
1	464	N1	6	C	0	O0	-1	S	0.5	0.5	1	0	1
1	464	N1	11	C	0	O0	-1	S	0.5	0.5	1	0	0
1	465	Y0	10	C	174	D1	11	S	146.0	146.0	0	0	0
1	227	E0	12	H	228	E1	1	H	0.0	0.0	0	1	1
1	227	E0	6	H	228	E1	4	H	0.0	0.0	0	1	0
1	34	E1	10	E	40	S1	4	E	3.0	-3.0	0	0	1
1	34	E1	2	E	40	S1	9	E	3.0	-3.0	0	0	0
1	519	K0	2	E	43	Q0	10	E	238.0	238.0	0	0	0
1	312	I1	9	E	313	K0	1	E	1.0	-1.0	0	0	1
1	312	I1	2	E	313	K0	12	E	1.0	-1.0	0	0	0
1	366	V1	11	E	16	V1	4	E	175.0	175.0	0	0	0
1	33	E0	4	E	0	O0	-1	S	0.5	0.5	1	0	1
1	33	E0	1	E	0	O0	-1	S	0.5	0.5	1	0	0
1	323	G0	11	E	519	K0	8	S	98.0	-98.0	0	0	0
1	195	G0	8	C	292	L1	7	E	48.0	-48.0	0	0	1
1	195	G0	7	C	292	L1	8	E	48.0	-48.0	0	0	0
1	507	L0	5	C	15	V0	11	E	246.0	246.0	0	0	0
1	521	K0	11	H	522	K1	2	H	0.0	0.0	0	1	1
1	521	K0	4	H	522	K1	8	H	0.0	0.0	0	1	0
1	199	L0	5	H	292	L1	4	E	46.0	-46.0	0	0	1
1	199	L0	7	H	292	L1	2	E	46.0	-46.0	0	0	0
1	507	L0	2	H	90	K1	12	E	209.0	209.0	0	0	0
1	247	N0	6	H	254	Y1	7	H	3.0	-3.0	0	0	1
1	247	N0	12	H	254	Y1	1	H	3.0	-3.0	0	0	0
1	203	D0	12	H	71	L0	12	H	66.0	66.0	0	0	0
1	506	R1	12	H	0	O0	-1	S	0.5	0.5	1	0	1
1	506	R1	9	H	0	O0	-1	S	0.5	0.5	1	0	0
1	200	L1	12	H	475	E0	10	S	138.0	-138.0	0	0	0
1	459	A0	3	C	457	S0	8	H	1.0	1.0	0	1	1
1	459	A0	4	C	457	S0	4	H	1.0	1.0	0	1	0
1	0	O0	-1	S	428	S1	4	C	0.5	0.5	1	0	1
1	0	O0	-1	S	428	S1	7	C	0.5	0.5	1	0	0
1	379	Y0	6	S	179	L0	2	C	100.0	100.0	0	0	0
1	491	L0	8	H	493	A0	3	H	1.0	-1.0	0	1	1
1	491	L0	7	H	493	A0	10	H	1.0	-1.0	0	1	0
1	476	E1	6	H	0	O0	-1	S	0.5	0.5	1	0	1
1	476	E1	2	H	0	O0	-1	S	0.5	0.5	1	0	0
1	129	S0	11	H	426	A1	2	S	148.0	-148.0	0	0	0
1	529	I0	3	H	527	T0	9	C	1.0	1.0	0	1	1
1	529	I0	11	H	527	T0	1	C	1.0	1.0	0	1	0
1	547	I0	11	C	548	I1	2	C	0.0	0.0	0	1	1
1	547	I0	12	C	548	I1	9	C	0.0	0.0	0	1	0
1	234	E1	8	H	305	K0	11	C	36.0	-36.0	0	0	1
1	234	E1	11	H	305	K0	4	C	36.0	-36.0	0	0	0
1	515	D0	10	H	202	F1	1	C	157.0	157.0	0	0	0
1	331	K0	10	E	336	D1	3	C	2.0	-2.0	0	0	1
1	331	K0	6	E	336	D1	2	C	2.0	-2.0	0	0	0
1	525	M0	10	E	88	K1	5	C	219.0	219.0	0	0	0
1	92	R1	6	C	103	R0	1	C	6.0	-6.0	0	0	1
1	92	R1	4	C	103	R0	10	C	6.0	-6.0	0	0	0
1	538	L1	9	C	481	S0	5	C	28.0	28.0	0	0	0
1	517	P0	6	H	523	R0	7	C	3.0	-3.0	0	0	1
1	517	P0	10	H	523	R0	8	C	3.0	-3.0	0	0	0
1	14	N1	3	H	100	S1	10	C	43.0	-43.0	0	0	0
1	168	N1	12	C	0	O0	-1	S	0.5	0.5	1	0	1
1	168	N1	2	C	0	O0	-1	S	0.5	0.5	1	0	0
1	200	L1	5	C	237	L0	4	S	19.0	-19.0	0	0	0
1	346	F1	11	C	0	O0	-1	S	0.5	0.5	1	0	1
1	346	F1	1	C	0	O0	-1	S	0.5	0.5	1	0	0
1	287	I0	7	C	317	I0	6	S	15.0	-15.0	0	0	0
1	234	E1	3	H	225	E0	10	H	4.0	4.0	0	0	1
1	234	E1	11	H	225	E0	8	H	4.0	4.0	0	0	0
1	101	S0	11	H	452	A1	3	H	175.0	-175.0	0	0	0
1	125	E0	7	H	119	I0	1	H	3.0	3.0	0	0	1
1	125	E0	4	H	119	I0	5	H	3.0	3.0	0	0	0
1	64	K1	9	H	194	G1	8	H	65.0	-65.0	0	0	0
1	141	Q0	2	C	256	Y1	12	H	57.0	-57.0	0	0	1
1	141	Q0	5	C	256	Y1	6	H	57.0	-57.0	0	0	0
1	523	R0	6	C	316	I1	6	H	104.0	104.0	0	0	0
1	266	Q1	11	C	0	O0	-1	S	0.5	0.5	1	0	1
1	266	Q1	8	C	0	O0	-1	S	0.5	0.5	1	0	0
1	326	L1	9	C	147	N0	5	S	89.0	89.0	0	0	0
1	259	H0	11	H	260	H1	2	H	0.0	0.0	0	1	1
1	259	H0	1	H	260	H1	10	H	0.0	0.0	0	1	0
1	0	O0	-1	S	188	L1	7	C	0.5	0.5	1	0	1
1	0	O0	-1	S	188	L1	2	C	0.5	0.5	1	0	0
1	129	S0	10	S	547	I0	2	C	209.0	-209.0	0	0	0
1	6	F1	12	C	176	V1	11	E	85.0	-85.0	0	0	1
1	6	F1	7	C	176	V1	12	E	85.0	-85.0	0	0	0
1	279	K0	4	C	124	R1	2	E	78.0	78.0	0	0	0
1	299	N0	10	C	0	O0	-1	S	0.5	0.5	1	0	1
1	299	N0	1	C	0	O0	-1	S	0.5	0.5	1	0	0
1	493	A0	7	C	82	K1	2	S	206.0	206.0	0	0	0
1	136	K1	9	H	0	O0	-1	S	0.5	0.5	1	0	1
1	136	K1	5	H	0	O0	-1	S	0.5	0.5	1	0	0
1	222	T1	2	H	251	V0	11	S	15.0	-15.0	0	0	0
1	0	O0	-1	S	336	D1	11	C	0.5	0.5	1	0	1
1	0	O0	-1	S	336	D1	2	C	0.5	0.5	1	0	0
1	179	L0	4	S	345	F0	12	C	83.0	-83.0	0	0	0
1	64	K1	11	C	0	O0	-1	S	0.5	0.5	1	0	1
1	64	K1	9	C	0	O0	-1	S	0.5	0.5	1	0	0
1	366	V1	11	C	453	N0	4	S	44.0	-44.0	0	0	0
1	465	Y0	8	C	466	Y1	5	C	0.0	0.0	0	1	1
1	465	Y0	1	C	466	Y1	11	C	0.0	0.0	0	1	0
1	496	K1	11	H	0	O0	-1	S	0.5	0.5	1	0	1
1	496	K1	4	H	0	O0	-1	S	0.5	0.5	1	0	0
1	503	R0	4	H	291	L0	5	S	106.0	106.0	0	0	0
1	0	O0	-1	S	25	D0	6	E	0.5	0.5	1	0	1
1	0	O0	-1	S	25	D0	4	E	0.5	0.5	1	0	0
1	350	N1	4	S	166	E1	10	E	92.0	92.0	0	0	0
1	547	I0	9	C	552	P1	3	C	2.0	-2.0	0	0	1
1	547	I0	2	C	552	P1	1	C	2.0	-2.0	0	0	0
1	516	D1	12	C	148	N1	9	C	184.0	184.0	0	0	0
1	463	N0	9	C	465	Y0	3	C	1.0	-1.0	0	1	1
1	463	N0	10	C	465	Y0	1	C	1.0	-1.0	0	1	0
1	198	E1	11	E	284	E1	6	H	43.0	-43.0	0	0	1
1	198	E1	2	E	284	E1	10	H	43.0	-43.0	0	0	0
1	212	E1	2	E	246	L1	8	H	17.0	-17.0	0	0	0
1	317	I0	8	C	285	N0	10	H	16.0	16.0	0	0	1
1	317	I0	7	C	285	N0	5	H	16.0	16.0	0	0	0
1	498	D1	2	C	152	I1	2	H	173.0	173.0	0	0	0
1	2	T1	12	C	0	O0	-1	S	0.5	0.5	1	0	1
1	2	T1	2	C	0	O0	-1	S	0.5	0.5	1	0	0
1	69	G0	7	C	236	F1	3	S	83.0	-83.0	0	0	0
1	475	E0	11	H	0	O0	-1	S	0.5	0.5	1	0	1
1	475	E0	8	H	0	O0	-1	S	0.5	0.5	1	0	0
1	44	Q1	9	H	27	T0	11	S	8.0	8.0	0	0	0
1	202	F1	4	H	283	E0	4	H	41.0	-41.0	0	0	1
1	202	F1	5	H	283	E0	8	H	41.0	-41.0	0	0	0
1	540	Q1	1	H	368	A1	2	H	86.0	86.0	0	0	0
1	0	O0	-1	S	263	L0	5	C	0.5	0.5	1	0	1
1	0	O0	-1	S	263	L0	1	C	0.5	0.5	1	0	0
1	470	F1	12	S	381	E0	11	C	44.0	44.0	0	0	0
1	263	L0	6	C	0	O0	-1	S	0.5	0.5	1	0	1
1	263	L0	1	C	0	O0	-1	S	0.5	0.5	1	0	0
1	321	F0	12	C	241	Q0	4	S	40.0	40.0	0	0	0
1	0	O0	-1	S	66	S1	6	C	0.5	0.5	1	0	1
1	0	O0	-1	S	66	S1	4	C	0.5	0.5	1	0	0
1	331	K0	6	S	477	Y0	5	C	73.0	-73.0	0	0	0
1	0	O0	-1	S	19	D0	10	H	0.5	0.5	1	0	1
1	0	O0	-1	S	19	D0	2	H	0.5	0.5	1	0	0
1	470	F1	12	S	348	K1	10	H	61.0	61.0	0	0	0
1	254	Y1	12	H	0	O0	-1	S	0.5	0.5	1	0	1
1	254	Y1	1	H	0	O0	-1	S	0.5	0.5	1	0	0
1	230	A1	4	H	18	D1	8	S	106.0	106.0	0	0	0
1	224	E1	4	H	485	T0	6	C	131.0	-131.0	0	0	1
1	224	E1	3	H	485	T0	8	C	131.0	-131.0	0	0	0
1	371	E0	4	H	374	I1	2	C	1.0	-1.0	0	0	0
1	339	G0	10	C	0	O0	-1	S	0.5	0.5	1	0	1
1	339	G0	2	C	0	O0	-1	S	0.5	0.5	1	0	0
1	439	T0	7	C	126	E1	2	S	157.0	157.0	0	0	0
1	400	W1	5	H	511	V0	2	C	56.0	-56.0	0	0	1
1	400	W1	8	H	511	V0	4	C	56.0	-56.0	0	0	0
1	173	D0	11	H	67	T0	7	C	53.0	53.0	0	0	0
1	503	R0	10	H	0	O0	-1	S	0.5	0.5	1	0	1
1	503	R0	11	H	0	O0	-1	S	0.5	0.5	1	0	0
1	417	L0	1	H	219	L0	7	S	99.0	99.0	0	0	0
1	360	P1	8	C	362	E1	3	C	1.0	-1.0	0	0	1
1	360	P1	1	C	362	E1	11	C	1.0	-1.0	0	0	0
1	211	E0	7	C	302	V1	2	C	45.0	-45.0	0	0	0
1	106	R1	8	C	0	O0	-1	S	0.5	0.5	1	0	1
1	106	R1	1	C	0	O0	-1	S	0.5	0.5	1	0	0
1	261	S0	4	C	462	V1	2	S	100.0	-100.0	0	0	0
1	26	D1	3	E	64	K1	5	C	19.0	-19.0	0	0	1
1	26	D1	1	E	64	K1	2	C	19.0	-19.0	0	0	0
1	543	P0	12	E	176	V1	6	C	184.0	184.0	0	0	0
1	279	K0	6	C	410	I1	5	H	65.0	-65.0	0	0	1
1	279	K0	1	C	410	I1	8	H	65.0	-65.0	0	0	0
1	167	N0	10	C	35	L0	8	H	66.0	66.0	0	0	0
1	550	K1	9	C	0	O0	-1	S	0.5	0.5	1	0	1
1	550	K1	3	C	0	O0	-1	S	0.5	0.5	1	0	0
1	351	I0	10	C	372	E1	9	S	10.0	-10.0	0	0	0
1	209	A0	9	H	0	O0	-1	S	0.5	0.5	1	0	1
1	209	A0	1	H	0	O0	-1	S	0.5	0.5	1	0	0
1	367	A0	2	H	358	T1	9	S	5.0	5.0	0	0	0
1	31	E0	6	E	0	O0	-1	S	0.5	0.5	1	0	1
1	31	E0	7	E	0	O0	-1	S	0.5	0.5	1	0	0
1	170	K1	1	E	196	G1	12	S	13.0	-13.0	0	0	0
1	93	R0	10	C	0	O0	-1	S	0.5	0.5	1	0	1
1	93	R0	2	C	0	O0	-1	S	0.5	0.5	1	0	0
1	166	E1	2	C	454	N1	9	S	144.0	-144.0	0	0	0
1	370	P1	3	H	400	W1	12	H	15.0	-15.0	0	0	1
1	370	P1	12	H	400	W1	8	H	15.0	-15.0	0	0	0
1	79	A0	10	H	233	E0	1	H	77.0	-77.0	0	0	0
1	0	O0	-1	S	301	V0	5	C	0.5	0.5	1	0	1
1	0	O0	-1	S	301	V0	10	C	0.5	0.5	1	0	0
1	123	R0	2	S	406	G1	10	C	141.0	-141.0	0	0	0
1	65	S0	6	C	0	O0	-1	S	0.5	0.5	1	0	1
1	65	S0	2	C	0	O0	-1	S	0.5	0.5	1	0	0
1	166	E1	10	C	115	E0	2	S	25.0	25.0	0	0	0
1	100	S1	1	C	99	S0	12	C	0.0	0.0	0	1	1
1	100	S1	10	C	99	S0	2	C	0.0	0.0	0	1	0
1	356	G1	12	C	275	D0	5	C	40.0	40.0	0	0	1
1	356	G1	9	C	275	D0	4	C	40.0	40.0	0	0	0
1	475	E0	8	C	398	M1	10	C	39.0	39.0	0	0	0
1	303	P0	8	C	305	K0	3	C	1.0	-1.0	0	1	1
1	303	P0	7	C	305	K0	4	C	1.0	-1.0	0	1	0
1	468	E1	8	C	472	E1	5	C	2.0	-2.0	0	0	1
1	468	E1	2	C	472	E1	7	C	2.0	-2.0	0	0	0
1	526	M1	9	C	212	E1	2	C	157.0	157.0	0	0	0
1	494	A1	5	H	546	W1	11	C	26.0	-26.0	0	0	1
1	494	A1	2	H	546	W1	5	C	26.0	-26.0	0	0	0
1	224	E1	5	H	511	V0	1	C	144.0	-144.0	0	0	0
1	66	S1	11	C	0	O0	-1	S	0.5	0.5	1	0	1
1	66	S1	3	C	0	O0	-1	S	0.5	0.5	1	0	0
1	391	E0	12	C	8	R1	1	S	192.0	192.0	0	0	0
1	115	E0	10	H	124	R1	3	H	4.0	-4.0	0	0	1
1	115	E0	5	H	124	R1	2	H	4.0	-4.0	0	0	0
1	45	F0	11	H	457	S0	4	H	206.0	-206.0	0	0	0
1	9	Q0	8	C	0	O0	-1	S	0.5	0.5	1	0	1
1	9	Q0	1	C	0	O0	-1	S	0.5	0.5	1	0	0
1	80	A1	3	C	39	S0	10	S	20.0	20.0	0	0	0
1	60	R1	10	E	0	O0	-1	S	0.5	0.5	1	0	1
1	60	R1	2	E	0	O0	-1	S	0.5	0.5	1	0	0
1	435	G0	5	E	131	I0	5	S	152.0	152.0	0	0	0
1	282	P1	9	H	281	P0	4	H	0.0	0.0	0	1	1
1	282	P1	6	H	281	P0	2	H	0.0	0.0	0	1	0
1	492	L1	3	H	0	O0	-1	S	0.5	0.5	1	0	1
1	492	L1	1	H	0	O0	-1	S	0.5	0.5	1	0	0
1	126	E1	10	H	537	L0	5	S	206.0	-206.0	0	0	0
1	540	Q1	4	H	0	O0	-1	S	0.5	0.5	1	0	1
1	540	Q1	1	H	0	O0	-1	S	0.5	0.5	1	0	0
1	445	E0	11	H	246	L1	9	S	100.0	100.0	0	0	0
1	366	V1	2	C	456	V1	12	H	45.0	-45.0	0	0	1
1	366	V1	12	C	456	V1	2	H	45.0	-45.0	0	0	0
1	426	A1	10	C	173	D0	4	H	126.0	126.0	0	0	0
1	35	L0	6	E	0	O0	-1	S	0.5	0.5	1	0	1
1	35	L0	12	E	0	O0	-1	S	0.5	0.5	1	0	0
1	315	I0	4	E	291	L0	4	S	12.0	12.0	0	0	0
1	387	G0	2	C	394	A1	3	H	3.0	-3.0	0	0	1
1	387	G0	10	C	394	A1	2	H	3.0	-3.0	0	0	0
1	394	A1	2	C	395	D0	7	H	1.0	-1.0	0	0	0
1	531	Q0	6	H	538	L1	7	H	3.0	-3.0	0	0	1
1	531	Q0	2	H	538	L1	6	H	3.0	-3.0	0	0	0
1	496	K1	3	H	272	H1	12	H	112.0	112.0	0	0	0
1	35	L0	1	E	0	O0	-1	S	0.5	0.5	1	0	1
1	35	L0	2	E	0	O0	-1	S	0.5	0.5	1	0	0
1	338	F1	1	E	273	F0	2	S	32.0	32.0	0	0	0
1	31	E0	4	E	0	O0	-1	S	0.5	0.5	1	0	1
1	31	E0	10	E	0	O0	-1	S	0.5	0.5	1	0	0
1	371	E0	5	E	483	N0	2	S	56.0	-56.0	0	0	0
1	256	Y1	9	H	264	L1	4	C	4.0	-4.0	0	0	1
1	256	Y1	1	H	264	L1	9	C	4.0	-4.0	0	0	0
1	244	I1	8	H	333	I0	1	C	45.0	-45.0	0	0	0
1	77	A0	5	E	55	K0	5	E	11.0	11.0	0	0	1
1	77	A0	7	E	55	K0	11	E	11.0	11.0	0	0	0
1	180	L1	9	E	506	R1	9	E	163.0	-163.0	0	0	0
1	241	Q0	8	H	243	I0	3	H	1.0	-1.0	0	1	1
1	241	Q0	9	H	243	I0	2	H	1.0	-1.0	0	1	0
1	161	V0	12	E	162	V1	1	E	0.0	0.0	0	1	1
1	161	V0	5	E	162	V1	5	E	0.0	0.0	0	1	0
1	218	S1	12	C	0	O0	-1	S	0.5	0.5	1	0	1
1	218	S1	2	C	0	O0	-1	S	0.5	0.5	1	0	0
1	282	P1	1	C	482	S1	7	S	100.0	-100.0	0	0	0
1	452	A1	11	H	0	O0	-1	S	0.5	0.5	1	0	1
1	452	A1	3	H	0	O0	-1	S	0.5	0.5	1	0	0
1	536	S1	6	H	372	E1	9	S	82.0	82.0	0	0	0
1	495	K0	6	H	502	I1	7	H	3.0	-3.0	0	0	1
1	495	K0	4	H	502	I1	10	H	3.0	-3.0	0	0	0
1	349	N0	8	H	477	Y0	8	H	64.0	-64.0	0	0	0
1	9	Q0	10	C	0	O0	-1	S	0.5	0.5	1	0	1
1	9	Q0	6	C	0	O0	-1	S	0.5	0.5	1	0	0
1	111	S0	11	C	430	P1	9	S	159.0	-159.0	0	0	0
1	476	E1	8	H	478	Y1	3	H	1.0	-1.0	0	0	1
1	476	E1	2	H	478	Y1	9	H	1.0	-1.0	0	0	0
1	438	D1	9	H	263	L0	2	H	87.0	87.0	0	0	0
1	274	F1	6	C	394	A1	8	H	60.0	-60.0	0	0	1
1	274	F1	9	C	394	A1	12	H	60.0	-60.0	0	0	0
1	311	I0	6	C	46	F1	12	H	133.0	133.0	0	0	0
1	551	P0	11	C	0	O0	-1	S	0.5	0.5	1	0	1
1	551	P0	7	C	0	O0	-1	S	0.5	0.5	1	0	0
1	224	E1	3	C	71	L0	12	S	76.0	76.0	0	0	0
1	471	E0	9	C	473	D0	3	H	1.0	-1.0	0	1	1
1	471	E0	1	C	473	D0	2	H	1.0	-1.0	0	1	0
1	325	L0	11	C	326	L1	2	C	0.0	0.0	0	1	1
1	325	L0	4	C	326	L1	1	C	0.0	0.0	0	1	0
1	455	V0	1	H	461	V0	5	C	3.0	-3.0	0	0	1
1	455	V0	6	H	461	V0	10	C	3.0	-3.0	0	0	0
1	33	E0	11	H	371	E0	11	C	169.0	-169.0	0	0	0
1	0	O0	-1	S	353	F0	8	C	0.5	0.5	1	0	1
1	0	O0	-1	S	353	F0	10	C	0.5	0.5	1	0	0
1	162	V1	3	S	32	E1	5	C	65.0	65.0	0	0	0
1	191	A0	9	C	193	G0	3	C	1.0	-1.0	0	1	1
1	191	A0	2	C	193	G0	6	C	1.0	-1.0	0	1	0
1	189	V0	9	C	191	A0	3	C	1.0	-1.0	0	1	1
1	189	V0	1	C	191	A0	6	C	1.0	-1.0	0	1	0
1	323	G0	9	C	325	L0	3	C	1.0	-1.0	0	1	1
1	323	G0	8	C	325	L0	5	C	1.0	-1.0	0	1	0
1	103	R0	9	C	105	R0	3	C	1.0	-1.0	0	1	1
1	103	R0	8	C	105	R0	5	C	1.0	-1.0	0	1	0
1	71	L0	5	C	0	O0	-1	S	0.5	0.5	1	0	1
1	71	L0	12	C	0	O0	-1	S	0.5	0.5	1	0	0
1	463	N0	1	C	294	L1	4	S	85.0	85.0	0	0	0
1	476	E1	7	H	0	O0	-1	S	0.5	0.5	1	0	1
1	476	E1	2	H	0	O0	-1	S	0.5	0.5	1	0	0
1	123	R0	2	H	205	F0	7	S	41.0	-41.0	0	0	0
1	81	K0	8	E	177	I0	6	E	48.0	-48.0	0	0	1
1	81	K0	11	E	177	I0	10	E	48.0	-48.0	0	0	0
1	28	T1	2	E	436	G1	2	E	204.0	-204.0	0	0	0
1	7	R0	6	E	0	O0	-1	S	0.5	0.5	1	0	1
1	7	R0	1	E	0	O0	-1	S	0.5	0.5	1	0	0
1	289	M0	12	E	129	S0	4	S	80.0	80.0	0	0	0
1	130	S1	12	H	0	O0	-1	S	0.5	0.5	1	0	1
1	130	S1	4	H	0	O0	-1	S	0.5	0.5	1	0	0
1	264	L1	12	H	115	E0	2	S	74.0	74.0	0	0	0
1	265	Q0	2	C	257	L0	9	H	4.0	4.0	0	0	1
1	265	Q0	6	C	257	L0	6	H	4.0	4.0	0	0	0
1	45	F0	5	C	130	S1	8	H	42.0	-42.0	0	0	0
1	255	Y0	7	H	249	G0	1	H	3.0	3.0	0	0	1
1	255	Y0	2	H	249	G0	2	H	3.0	3.0	0	0	0
1	216	E1	11	H	263	L0	12	H	24.0	-24.0	0	0	0
1	91	R0	5	C	105	R0	8	C	7.0	-7.0	0	0	1
1	91	R0	6	C	105	R0	12	C	7.0	-7.0	0	0	0
1	329	H0	10	C	109	V0	4	C	110.0	110.0	0	0	0
1	429	P0	7	C	430	P1	6	C	0.0	0.0	0	1	1
1	429	P0	1	C	430	P1	2	C	0.0	0.0	0	1	0
1	442	K1	7	H	0	O0	-1	S	0.5	0.5	1	0	1
1	442	K1	9	H	0	O0	-1	S	0.5	0.5	1	0	0
1	225	E0	7	H	272	H1	1	S	23.0	-23.0	0	0	0
1	197	E0	7	E	204	D1	7	H	3.0	-3.0	0	0	1
1	197	E0	4	E	204	D1	10	H	3.0	-3.0	0	0	0
1	331	K0	4	E	227	E0	11	H	52.0	52.0	0	0	0
1	86	I1	9	E	87	K0	2	E	1.0	-1.0	0	0	1
1	86	I1	2	E	87	K0	5	E	1.0	-1.0	0	0	0
1	61	E0	6	E	397	M0	5	E	168.0	-168.0	0	0	0
1	431	F0	9	C	433	L0	3	C	1.0	-1.0	0	1	1
1	431	F0	11	C	433	L0	7	C	1.0	-1.0	0	1	0
1	190	V1	10	C	291	L0	2	E	51.0	-51.0	0	0	1
1	190	V1	9	C	291	L0	1	E	51.0	-51.0	0	0	0
1	423	G0	7	C	549	K0	12	E	63.0	-63.0	0	0	0
1	551	P0	8	C	0	O0	-1	S	0.5	0.5	1	0	1
1	551	P0	12	C	0	O0	-1	S	0.5	0.5	1	0	0
1	254	Y1	1	C	207	L0	4	S	23.0	23.0	0	0	0
1	253	Y0	5	H	530	I1	12	H	138.0	-138.0	0	0	1
1	253	Y0	2	H	530	I1	10	H	138.0	-138.0	0	0	0
1	110	V1	11	H	383	P0	10	H	137.0	-137.0	0	0	0
1	407	V0	5	H	510	L1	4	C	51.0	-51.0	0	0	1
1	407	V0	7	H	510	L1	12	C	51.0	-51.0	0	0	0
1	471	E0	4	H	330	H1	3	C	71.0	71.0	0	0	0
1	444	Q1	3	H	0	O0	-1	S	0.5	0.5	1	0	1
1	444	Q1	9	H	0	O0	-1	S	0.5	0.5	1	0	0
1	328	A1	9	H	166	E1	12	S	81.0	81.0	0	0	0
1	21	Y0	9	C	23	Y0	3	E	1.0	-1.0	0	1	1
1	21	Y0	12	C	23	Y0	2	E	1.0	-1.0	0	1	0
1	438	D1	6	C	0	O0	-1	S	0.5	0.5	1	0	1
1	438	D1	8	C	0	O0	-1	S	0.5	0.5	1	0	0
1	232	T1	8	C	552	P1	1	S	160.0	-160.0	0	0	0
1	364	F1	4	C	0	O0	-1	S	0.5	0.5	1	0	1
1	364	F1	10	C	0	O0	-1	S	0.5	0.5	1	0	0
1	48	A1	3	C	34	E1	2	S	7.0	7.0	0	0	0
1	429	P0	8	C	431	F0	3	C	1.0	-1.0	0	1	1
1	429	P0	2	C	431	F0	12	C	1.0	-1.0	0	1	0
1	0	O0	-1	S	344	E1	11	E	0.5	0.5	1	0	1
1	0	O0	-1	S	344	E1	1	E	0.5	0.5	1	0	0
1	201	F0	12	S	390	L1	11	E	94.0	-94.0	0	0	0
1	260	H1	8	H	530	I1	4	H	135.0	-135.0	0	0	1
1	260	H1	10	H	530	I1	8	H	135.0	-135.0	0	0	0
1	211	E0	7	H	397	M0	12	H	93.0	-93.0	0	0	0
1	37	G0	12	E	38	G1	1	E	0.0	0.0	0	1	1
1	37	G0	4	E	38	G1	2	E	0.0	0.0	0	1	0
1	224	E1	12	H	488	S1	3	C	132.0	-132.0	0	0	1
1	224	E1	1	H	488	S1	7	C	132.0	-132.0	0	0	0
1	144	H1	12	H	55	K0	1	C	44.0	44.0	0	0	0
1	466	Y1	7	C	509	L0	12	C	22.0	-22.0	0	0	1
1	466	Y1	11	C	509	L0	1	C	22.0	-22.0	0	0	0
1	85	I0	8	C	76	Y1	12	C	5.0	5.0	0	0	0
1	0	O0	-1	S	154	T1	10	C	0.5	0.5	1	0	1
1	0	O0	-1	S	154	T1	6	C	0.5	0.5	1	0	0
1	295	D0	4	S	62	E1	3	C	117.0	117.0	0	0	0
1	174	D1	9	E	175	V0	2	E	1.0	-1.0	0	0	1
1	174	D1	4	E	175	V0	10	E	1.0	-1.0	0	0	0
1	229	A0	10	E	66	S1	4	E	82.0	82.0	0	0	0
1	0	O0	-1	S	191	A0	8	C	0.5	0.5	1	0	1
1	0	O0	-1	S	191	A0	5	C	0.5	0.5	1	0	0
1	35	L0	2	S	371	E0	4	C	168.0	-168.0	0	0	0
1	311	I0	2	E	0	O0	-1	S	0.5	0.5	1	0	1
1	311	I0	11	E	0	O0	-1	S	0.5	0.5	1	0	0
1	334	I1	9	E	116	E1	7	S	109.0	109.0	0	0	0
1	216	E1	5	C	0	O0	-1	S	0.5	0.5	1	0	1
1	216	E1	3	C	0	O0	-1	S	0.5	0.5	1	0	0
1	7	R0	8	C	70	G1	2	S	31.0	-31.0	0	0	0
1	0	O0	-1	S	326	L1	3	C	0.5	0.5	1	0	1
1	0	O0	-1	S	326	L1	1	C	0.5	0.5	1	0	0
1	113	R0	2	S	201	F0	2	C	44.0	-44.0	0	0	0
1	20	D1	12	H	0	O0	-1	S	0.5	0.5	1	0	1
1	20	D1	11	H	0	O0	-1	S	0.5	0.5	1	0	0
1	365	V0	2	H	531	Q0	11	S	83.0	-83.0	0	0	0
1	493	A0	1	H	499	F0	7	H	3.0	-3.0	0	0	1
1	493	A0	11	H	499	F0	12	H	3.0	-3.0	0	0	0
1	235	F0	2	H	142	Q1	1	H	47.0	47.0	0	0	0
1	224	E1	8	H	0	O0	-1	S	0.5	0.5	1	0	1
1	224	E1	5	H	0	O0	-1	S	0.5	0.5	1	0	0
1	82	K1	2	H	206	F1	10	S	62.0	-62.0	0	0	0
1	441	K0	12	H	442	K1	1	H	0.0	0.0	0	1	1
1	441	K0	8	H	442	K1	2	H	0.0	0.0	0	1	0
1	0	O0	-1	S	383	P0	8	C	0.5	0.5	1	0	1
1	0	O0	-1	S	383	P0	2	C	0.5	0.5	1	0	0
1	485	T0	1	S	132	I1	10	C	177.0	177.0	0	0	0
1	523	R0	9	C	525	M0	3	C	1.0	-1.0	0	1	1
1	523	R0	4	C	525	M0	10	C	1.0	-1.0	0	1	0
1	0	O0	-1	S	492	L1	3	H	0.5	0.5	1	0	1
1	0	O0	-1	S	492	L1	6	H	0.5	0.5	1	0	0
1	4	V1	5	S	444	Q1	7	H	220.0	-220.0	0	0	0
1	515	D0	2	C	524	R1	3	C	4.0	-4.0	0	0	1
1	515	D0	6	C	524	R1	2	C	4.0	-4.0	0	0	0
1	175	V0	6	C	212	E1	10	C	18.0	-18.0	0	0	0
1	252	V1	12	H	404	I1	4	H	76.0	-76.0	0	0	1
1	252	V1	6	H	404	I1	2	H	76.0	-76.0	0	0	0
1	250	G1	3	H	0	O0	10	H	0.5	0.5	1	0	0
1	10	Q1	12	C	0	O0	-1	S	0.5	0.5	1	0	1
1	10	Q1	2	C	0	O0	-1	S	0.5	0.5	1	0	0
1	441	K0	8	C	161	V0	10	S	140.0	140.0	0	0	0
1	275	D0	9	C	277	L0	3	C	1.0	-1.0	0	1	1
1	275	D0	4	C	277	L0	2	C	1.0	-1.0	0	1	0
1	154	T1	7	C	186	E1	4	E	16.0	-16.0	0	0	1
1	154	T1	4	C	186	E1	7	E	16.0	-16.0	0	0	0
1	138	E1	4	C	445	E0	2	E	154.0	-154.0	0	0	0
1	0	O0	-1	S	310	R1	12	C	0.5	0.5	1	0	1
1	0	O0	-1	S	310	R1	6	C	0.5	0.5	1	0	0
1	115	E0	5	S	128	V1	2	C	6.0	-6.0	0	0	0
1	319	D0	9	C	321	F0	3	C	1.0	-1.0	0	1	1
1	319	D0	2	C	321	F0	10	C	1.0	-1.0	0	1	0
1	352	I1	8	C	386	L1	12	E	17.0	-17.0	0	0	1
1	352	I1	5	C	386	L1	9	E	17.0	-17.0	0	0	0
1	389	L0	7	C	62	E1	11	E	164.0	164.0	0	0	0
1	40	S1	5	E	50	V1	5	E	5.0	-5.0	0	0	1
1	40	S1	10	E	50	V1	2	E	5.0	-5.0	0	0	0
1	123	R0	2	E	321	F0	2	E	99.0	-99.0	0	0	0
1	152	I1	5	C	190	V1	4	C	19.0	-19.0	0	0	1
1	152	I1	2	C	190	V1	6	C	19.0	-19.0	0	0	0
1	310	R1	6	C	109	V0	10	C	100.0	100.0	0	0	0
1	62	E1	9	E	66	S1	7	C	2.0	-2.0	0	0	1
1	62	E1	3	E	66	S1	3	C	2.0	-2.0	0	0	0
1	393	A0	8	E	28	T1	3	C	183.0	183.0	0	0	0
1	156	L1	10	E	162	V1	4	E	3.0	-3.0	0	0	1
1	156	L1	5	E	162	V1	5	E	3.0	-3.0	0	0	0
1	22	Y1	1	E	490	A1	2	E	234.0	-234.0	0	0	0
1	45	F0	8	C	86	I1	6	E	20.0	-20.0	0	0	1
1	45	F0	11	C	86	I1	2	E	20.0	-20.0	0	0	0
1	133	L0	5	C	386	L1	9	E	126.0	-126.0	0	0	0
1	147	N0	9	C	149	V0	3	E	1.0	-1.0	0	1	1
1	147	N0	12	C	149	V0	5	E	1.0	-1.0	0	1	0
1	222	T1	6	C	0	O0	-1	S	0.5	0.5	1	0	1
1	222	T1	3	C	0	O0	-1	S	0.5	0.5	1	0	0
1	492	L1	1	C	393	A0	1	S	49.0	49.0	0	0	0
1	211	E0	12	H	212	E1	1	H	0.0	0.0	0	1	1
1	211	E0	4	H	212	E1	10	H	0.0	0.0	0	1	0
1	72	L1	12	C	0	O0	-1	S	0.5	0.5	1	0	1
1	72	L1	9	C	0	O0	-1	S	0.5	0.5	1	0	0
1	106	R1	1	C	462	V1	6	S	178.0	-178.0	0	0	0
1	94	R1	11	C	0	O0	-1	S	0.5	0.5	1	0	1
1	94	R1	9	C	0	O0	-1	S	0.5	0.5	1	0	0
1	178	I1	8	C	76	Y1	1	S	51.0	51.0	0	0	0
1	169	K0	10	C	0	O0	-1	S	0.5	0.5	1	0	1
1	169	K0	5	C	0	O0	-1	S	0.5	0.5	1	0	0
1	121	E0	2	C	13	N0	5	S	54.0	54.0	0	0	0
1	45	F0	6	C	88	K1	7	E	21.0	-21.0	0	0	1
1	45	F0	5	C	88	K1	9	E	21.0	-21.0	0	0	0
1	6	F1	7	C	489	A0	1	E	242.0	-242.0	0	0	0
1	515	D0	9	C	517	P0	3	H	1.0	-1.0	0	1	1
1	515	D0	1	C	517	P0	7	H	1.0	-1.0	0	1	0
1	70	G1	12	C	0	O0	-1	S	0.5	0.5	1	0	1
1	70	G1	9	C	0	O0	-1	S	0.5	0.5	1	0	0
1	315	I0	11	C	184	L1	11	S	66.0	66.0	0	0	0
1	32	E1	9	E	35	L0	5	E	2.0	-2.0	0	0	1
1	32	E1	5	E	35	L0	2	E	2.0	-2.0	0	0	0
1	100	S1	9	E	480	F1	8	E	190.0	-190.0	0	0	0
1	103	R0	11	C	0	O0	-1	S	0.5	0.5	1	0	1
1	103	R0	12	C	0	O0	-1	S	0.5	0.5	1	0	0
1	380	Y1	6	C	424	G1	5	S	22.0	-22.0	0	0	0
1	226	E1	8	H	0	O0	-1	S	0.5	0.5	1	0	1
1	226	E1	3	H	0	O0	-1	S	0.5	0.5	1	0	0
1	182	I1	12	H	207	L0	6	S	13.0	-13.0	0	0	0
1	0	O0	-1	S	240	K1	8	H	0.5	0.5	1	0	1
1	0	O0	-1	S	240	K1	6	H	0.5	0.5	1	0	0
1	304	P1	1	S	425	A0	4	H	61.0	-61.0	0	0	0
1	380	Y1	4	C	0	O0	-1	S	0.5	0.5	1	0	1
1	380	Y1	6	C	0	O0	-1	S	0.5	0.5	1	0	0
1	363	F0	1	C	227	E0	5	S	68.0	68.0	0	0	0
1	2	T1	11	C	0	O0	-1	S	0.5	0.5	1	0	1
1	2	T1	2	C	0	O0	-1	S	0.5	0.5	1	0	0
1	185	E0	10	C	347	K0	12	S	81.0	-81.0	0	0	0
1	446	E1	11	H	0	O0	-1	S	0.5	0.5	1	0	1
1	446	E1	3	H	0	O0	-1	S	0.5	0.5	1	0	0
1	339	G0	6	H	406	G1	4	S	33.0	-33.0	0	0	0
1	136	K1	8	H	0	O0	-1	S	0.5	0.5	1	0	1
1	136	K1	4	H	0	O0	-1	S	0.5	0.5	1	0	0
1	260	H1	11	H	505	R0	1	S	123.0	-123.0	0	0	0
1	272	H1	11	C	316	I1	10	E	22.0	-22.0	0	0	1
1	272	H1	1	C	316	I1	6	E	22.0	-22.0	0	0	0
1	440	T1	2	C	348	K1	1	E	46.0	46.0	0	0	0
1	367	A0	6	C	400	W1	7	H	16.0	-16.0	0	0	1
1	367	A0	2	C	400	W1	8	H	16.0	-16.0	0	0	0
1	296	D1	7	C	170	K1	9	H	63.0	63.0	0	0	0
1	521	K0	9	H	523	R0	3	C	1.0	-1.0	0	1	1
1	521	K0	1	H	523	R0	11	C	1.0	-1.0	0	1	0
1	273	F0	9	C	275	D0	3	C	1.0	-1.0	0	1	1
1	273	F0	1	C	275	D0	12	C	1.0	-1.0	0	1	0
1	40	S1	8	E	0	O0	-1	S	0.5	0.5	1	0	1
1	40	S1	9	E	0	O0	-1	S	0.5	0.5	1	0	0
1	28	T1	3	E	118	D1	9	S	45.0	-45.0	0	0	0
1	226	E1	9	H	234	E1	4	H	4.0	-4.0	0	0	1
1	226	E1	3	H	234	E1	11	H	4.0	-4.0	0	0	0
1	26	D1	1	H	123	R0	2	H	49.0	-49.0	0	0	0
1	261	S0	5	H	0	O0	-1	S	0.5	0.5	1	0	1
1	261	S0	9	H	0	O0	-1	S	0.5	0.5	1	0	0
1	338	F1	8	H	43	Q0	10	S	147.0	147.0	0	0	0
1	435	G0	7	C	448	T1	5	H	6.0	-6.0	0	0	1
1	435	G0	11	C	448	T1	9	H	6.0	-6.0	0	0	0
1	169	K0	7	C	181	I0	4	H	6.0	-6.0	0	0	0
1	479	F0	6	H	486	T1	7	C	3.0	-3.0	0	0	1
1	479	F0	5	H	486	T1	6	C	3.0	-3.0	0	0	0
1	66	S1	3	H	424	G1	3	C	179.0	-179.0	0	0	0
1	210	A1	5	H	0	O0	-1	S	0.5	0.5	1	0	1
1	210	A1	8	H	0	O0	-1	S	0.5	0.5	1	0	0
1	19	D0	1	H	93	R0	2	S	37.0	-37.0	0	0	0
1	11	E0	4	C	0	O0	-1	S	0.5	0.5	1	0	1
1	11	E0	10	C	0	O0	-1	S	0.5	0.5	1	0	0
1	106	R1	11	C	446	E1	2	S	170.0	-170.0	0	0	0
1	507	L0	11	H	508	L1	2	H	0.0	0.0	0	1	1
1	507	L0	2	H	508	L1	9	H	0.0	0.0	0	1	0
1	324	G1	12	C	0	O0	-1	S	0.5	0.5	1	0	1
1	324	G1	2	C	0	O0	-1	S	0.5	0.5	1	0	0
1	516	D1	12	C	163	Y0	1	S	176.0	176.0	0	0	0
1	156	L1	6	E	181	I0	2	E	13.0	-13.0	0	0	1
1	156	L1	2	E	181	I0	4	E	13.0	-13.0	0	0	0
1	212	E1	10	E	162	V1	3	E	25.0	25.0	0	0	0
1	205	F0	11	H	206	F1	2	H	0.0	0.0	0	1	1
1	205	F0	12	H	206	F1	8	H	0.0	0.0	0	1	0
1	423	G0	9	C	425	A0	3	C	1.0	-1.0	0	1	1
1	423	G0	7	C	425	A0	4	C	1.0	-1.0	0	1	0
1	284	E1	9	H	0	O0	-1	S	0.5	0.5	1	0	1
1	284	E1	8	H	0	O0	-1	S	0.5	0.5	1	0	0
1	338	F1	1	H	481	S0	5	S	72.0	-72.0	0	0	0
1	453	N0	5	H	0	O0	-1	S	0.5	0.5	1	0	1
1	453	N0	2	H	0	O0	-1	S	0.5	0.5	1	0	0
1	464	N1	1	H	231	T0	11	S	116.0	116.0	0	0	0
1	470	F1	8	C	0	O0	-1	S	0.5	0.5	1	0	1
1	470	F1	12	C	0	O0	-1	S	0.5	0.5	1	0	0
1	74	Q1	8	C	231	T0	5	S	79.0	-79.0	0	0	0
1	114	R1	8	H	0	O0	-1	S	0.5	0.5	1	0	1
1	114	R1	11	H	0	O0	-1	S	0.5	0.5	1	0	0
1	13	N0	5	H	515	D0	6	S	251.0	-251.0	0	0	0
1	427	S0	8	C	433	L0	4	C	3.0	-3.0	0	0	1
1	427	S0	11	C	433	L0	10	C	3.0	-3.0	0	0	0
1	2	T1	2	C	397	M0	8	C	198.0	-198.0	0	0	0
1	410	I1	9	H	418	L1	4	H	4.0	-4.0	0	0	1
1	410	I1	8	H	418	L1	1	H	4.0	-4.0	0	0	0
1	548	I1	12	H	93	R0	5	H	227.0	227.0	0	0	0
1	256	Y1	5	H	0	O0	-1	S	0.5	0.5	1	0	1
1	256	Y1	1	H	0	O0	-1	S	0.5	0.5	1	0	0
1	165	E0	2	H	277	L0	5	S	56.0	-56.0	0	0	0
1	0	O0	-1	S	515	D0	4	C	0.5	0.5	1	0	1
1	0	O0	-1	S	515	D0	10	C	0.5	0.5	1	0	0
1	440	T1	2	S	523	R0	11	C	42.0	-42.0	0	0	0
1	227	E0	1	H	234	E1	7	H	3.0	-3.0	0	0	1
1	227	E0	10	H	234	E1	9	H	3.0	-3.0	0	0	0
1	260	H1	10	H	86	I1	2	H	87.0	87.0	0	0	0
1	440	T1	9	C	441	K0	2	H	1.0	-1.0	0	0	1
1	440	T1	2	C	441	K0	5	H	1.0	-1.0	0	0	0
1	285	N0	4	C	493	A0	2	H	104.0	-104.0	0	0	0
1	544	P1	2	C	542	H1	1	C	1.0	1.0	0	0	1
1	544	P1	7	C	542	H1	11	C	1.0	1.0	0	0	0
1	80	A1	12	C	97	K0	12	C	9.0	-9.0	0	0	0
1	216	E1	10	C	0	O0	-1	S	0.5	0.5	1	0	1
1	216	E1	3	C	0	O0	-1	S	0.5	0.5	1	0	0
1	20	D1	1	C	519	K0	11	S	250.0	-250.0	0	0	0
1	337	F0	4	C	338	F1	9	C	0.0	0.0	0	1	1
1	337	F0	12	C	338	F1	8	C	0.0	0.0	0	1	0
1	455	V0	12	H	456	V1	1	H	0.0	0.0	0	1	1
1	455	V0	9	H	456	V1	9	H	0.0	0.0	0	1	0
1	74	Q1	9	E	188	L1	12	C	57.0	-57.0	0	0	1
1	74	Q1	8	E	188	L1	3	C	57.0	-57.0	0	0	0
1	172	T1	6	E	378	N1	11	C	103.0	-103.0	0	0	0
1	150	V1	4	E	249	G0	11	H	50.0	-50.0	0	0	1
1	150	V1	2	E	249	G0	2	H	50.0	-50.0	0	0	0
1	114	R1	11	E	366	V1	11	H	126.0	-126.0	0	0	0
1	20	D1	6	H	0	O0	-1	S	0.5	0.5	1	0	1
1	20	D1	1	H	0	O0	-1	S	0.5	0.5	1	0	0
1	477	Y0	2	H	256	Y1	6	S	111.0	111.0	0	0	0
1	545	W0	8	C	547	I0	3	C	1.0	-1.0	0	1	1
1	545	W0	10	C	547	I0	10	C	1.0	-1.0	0	1	0
1	346	F1	9	C	0	O0	-1	S	0.5	0.5	1	0	1
1	346	F1	1	C	0	O0	-1	S	0.5	0.5	1	0	0
1	56	K1	9	C	454	N1	4	S	199.0	-199.0	0	0	0
1	332	K1	7	E	0	O0	-1	S	0.5	0.5	1	0	1
1	332	K1	12	E	0	O0	-1	S	0.5	0.5	1	0	0
1	377	N0	12	E	140	I1	2	S	119.0	119.0	0	0	0
1	294	L1	9	C	0	O0	-1	S	0.5	0.5	1	0	1
1	294	L1	7	C	0	O0	-1	S	0.5	0.5	1	0	0
1	307	P0	11	C	421	S0	8	S	57.0	-57.0	0	0	0
1	485	T0	2	C	0	O0	-1	S	0.5	0.5	1	0	1
1	485	T0	8	C	0	O0	-1	S	0.5	0.5	1	0	0
1	473	D0	8	C	124	R1	2	S	175.0	175.0	0	0	0
1	10	Q1	7	C	0	O0	-1	S	0.5	0.5	1	0	1
1	10	Q1	2	C	0	O0	-1	S	0.5	0.5	1	0	0
1	415	I0	2	C	340	G1	9	S	38.0	38.0	0	0	0
1	50	V1	8	E	84	F1	8	E	17.0	-17.0	0	0	1
1	50	V1	7	E	84	F1	5	E	17.0	-17.0	0	0	0
1	19	D0	5	E	286	N1	1	E	133.0	-133.0	0	0	0
1	0	O0	-1	S	464	N1	9	C	0.5	0.5	1	0	1
1	0	O0	-1	S	464	N1	1	C	0.5	0.5	1	0	0
1	8	R1	1	S	183	L0	8	C	88.0	-88.0	0	0	0
1	271	H0	9	C	325	L0	8	C	27.0	-27.0	0	0	1
1	271	H0	12	C	325	L0	5	C	27.0	-27.0	0	0	0
1	482	S1	7	C	388	G1	11	C	47.0	47.0	0	0	0
1	156	L1	11	E	180	L1	6	E	12.0	-12.0	0	0	1
1	156	L1	3	E	180	L1	7	E	12.0	-12.0	0	0	0
1	409	I0	2	E	427	S0	6	E	9.0	-9.0	0	0	0
1	439	T0	11	C	0	O0	-1	S	0.5	0.5	1	0	1
1	439	T0	4	C	0	O0	-1	S	0.5	0.5	1	0	0
1	222	T1	3	C	371	E0	11	S	75.0	-75.0	0	0	0
1	0	O0	-1	S	384	P1	8	C	0.5	0.5	1	0	1
1	0	O0	-1	S	384	P1	1	C	0.5	0.5	1	0	0
1	138	E1	11	S	171	T0	8	C	17.0	-17.0	0	0	0
1	54	K1	9	E	55	K0	2	E	1.0	-1.0	0	0	1
1	319	D0	1	E	260	H1	10	E	30.0	30.0	0	0	0
1	0	O0	-1	S	532	Q1	12	H	0.5	0.5	1	0	1
1	0	O0	-1	S	532	Q1	3	H	0.5	0.5	1	0	0
1	281	P0	11	S	442	K1	10	H	80.0	-80.0	0	0	0
1	269	A0	4	E	390	L1	5	C	60.0	-60.0	0	0	1
1	269	A0	11	E	390	L1	9	C	60.0	-60.0	0	0	0
1	227	E0	10	E	464	N1	11	C	118.0	-118.0	0	0	0
1	265	Q0	1	C	259	H0	6	H	3.0	3.0	0	0	1
1	265	Q0	7	C	259	H0	2	H	3.0	3.0	0	0	0
1	347	K0	4	C	160	E1	8	H	94.0	94.0	0	0	0
1	0	O0	-1	S	482	S1	10	C	0.5	0.5	1	0	1
1	0	O0	-1	S	482	S1	2	C	0.5	0.5	1	0	0
1	210	A1	2	S	220	L1	9	C	5.0	-5.0	0	0	0
1	59	R0	12	E	60	R1	1	E	0.0	0.0	0	1	1
1	59	R0	5	E	60	R1	3	E	0.0	0.0	0	1	0
1	0	O0	-1	S	435	G0	1	C	0.5	0.5	1	0	1
1	0	O0	-1	S	435	G0	10	C	0.5	0.5	1	0	0
1	497	D0	6	S	136	K1	4	C	181.0	181.0	0	0	0
1	94	R1	6	C	0	O0	-1	S	0.5	0.5	1	0	1
1	94	R1	7	C	0	O0	-1	S	0.5	0.5	1	0	0
1	479	F0	8	C	81	K0	2	S	199.0	199.0	0	0	0
1	66	S1	12	C	0	O0	-1	S	0.5	0.5	1	0	1
1	66	S1	3	C	0	O0	-1	S	0.5	0.5	1	0	0
1	187	L0	11	C	326	L1	6	S	69.0	-69.0	0	0	0
1	347	K0	5	C	0	O0	-1	S	0.5	0.5	1	0	1
1	347	K0	2	C	0	O0	-1	S	0.5	0.5	1	0	0
1	70	G1	6	C	465	Y0	7	S	198.0	-198.0	0	0	0
1	284	E1	7	H	280	K1	8	C	2.0	2.0	0	0	1
1	284	E1	5	H	280	K1	7	C	2.0	2.0	0	0	0
1	254	Y1	1	H	217	S0	2	C	18.0	18.0	0	0	0
1	122	E1	8	H	0	O0	-1	S	0.5	0.5	1	0	1
1	122	E1	9	H	0	O0	-1	S	0.5	0.5	1	0	0
1	526	M1	2	H	340	G1	10	S	93.0	93.0	0	0	0
1	0	O0	-1	S	528	T1	11	C	0.5	0.5	1	0	1
1	0	O0	-1	S	528	T1	3	C	0.5	0.5	1	0	0
1	194	G1	6	S	535	S0	8	C	171.0	-171.0	0	0	0
1	350	N1	11	C	0	O0	-1	S	0.5	0.5	1	0	1
1	350	N1	1	C	0	O0	-1	S	0.5	0.5	1	0	0
1	441	K0	8	C	456	V1	2	S	7.0	-7.0	0	0	0
1	506	R1	1	H	0	O0	-1	S	0.5	0.5	1	0	1
1	506	R1	9	H	0	O0	-1	S	0.5	0.5	1	0	0
1	487	S0	11	H	265	Q0	6	S	111.0	111.0	0	0	0
1	100	S1	5	C	0	O0	-1	S	0.5	0.5	1	0	1
1	100	S1	9	C	0	O0	-1	S	0.5	0.5	1	0	0
1	259	H0	2	C	464	N1	1	S	102.0	-102.0	0	0	0
1	137	E0	5	H	0	O0	-1	S	0.5	0.5	1	0	1
1	137	E0	2	H	0	O0	-1	S	0.5	0.5	1	0	0
1	317	I0	6	H	517	P0	10	S	100.0	-100.0	0	0	0
1	160	E1	5	E	0	O0	-1	S	0.5	0.5	1	0	1
1	160	E1	8	E	0	O0	-1	S	0.5	0.5	1	0	0
1	413	Y0	10	E	544	P1	1	S	65.0	-65.0	0	0	0
1	348	K1	4	C	0	O0	-1	S	0.5	0.5	1	0	1
1	348	K1	10	C	0	O0	-1	S	0.5	0.5	1	0	0
1	256	Y1	1	C	10	Q1	2	S	123.0	123.0	0	0	0
1	266	Q1	10	C	333	I0	8	C	34.0	-34.0	0	0	1
1	266	Q1	8	C	333	I0	12	C	34.0	-34.0	0	0	0
1	222	T1	10	C	404	I1	2	C	91.0	-91.0	0	0	0
1	245	L0	11	H	246	L1	2	H	0.0	0.0	0	1	1
1	245	L0	12	H	246	L1	1	H	0.0	0.0	0	1	0
1	152	I1	7	C	322	F1	4	C	85.0	-85.0	0	0	1
1	152	I1	2	C	322	F1	7	C	85.0	-85.0	0	0	0
1	507	L0	5	C	516	D1	12	C	4.0	-4.0	0	0	0
1	52	V1	4	E	0	O0	-1	S	0.5	0.5	1	0	1
1	52	V1	12	E	0	O0	-1	S	0.5	0.5	1	0	0
1	472	E1	3	E	8	R1	1	S	232.0	232.0	0	0	0
1	15	V0	5	H	164	Y1	12	E	74.0	-74.0	0	0	1
1	15	V0	7	H	164	Y1	9	E	74.0	-74.0	0	0	0
1	290	M1	12	H	417	L0	5	E	64.0	-64.0	0	0	0
1	516	D1	11	C	0	O0	-1	S	0.5	0.5	1	0	1
1	516	D1	12	C	0	O0	-1	S	0.5	0.5	1	0	0
1	44	Q1	9	C	450	L1	1	S	203.0	-203.0	0	0	0
1	551	P0	9	C	0	O0	-1	S	0.5	0.5	1	0	1
1	551	P0	7	C	0	O0	-1	S	0.5	0.5	1	0	0
1	254	Y1	2	C	472	E1	9	S	109.0	-109.0	0	0	0
1	482	S1	10	C	0	O0	-1	S	0.5	0.5	1	0	1
1	482	S1	7	C	0	O0	-1	S	0.5	0.5	1	0	0
1	401	S0	5	C	250	G1	2	S	76.0	76.0	0	0	0
1	552	P1	12	C	0	O0	-1	S	0.5	0.5	1	0	1
1	552	P1	1	C	0	O0	-1	S	0.5	0.5	1	0	0
1	469	F0	6	C	462	V1	6	S	4.0	4.0	0	0	0
1	543	P0	10	C	0	O0	-1	S	0.5	0.5	1	0	1
1	543	P0	12	C	0	O0	-1	S	0.5	0.5	1	0	0
1	531	Q0	11	C	297	R0	2	S	117.0	117.0	0	0	0
1	331	K0	9	E	333	I0	3	C	1.0	-1.0	0	1	1
1	331	K0	4	E	333	I0	6	C	1.0	-1.0	0	1	0
1	216	E1	6	C	0	O0	-1	S	0.5	0.5	1	0	1
1	216	E1	2	C	0	O0	-1	S	0.5	0.5	1	0	0
1	55	K0	4	C	429	P0	9	S	187.0	-187.0	0	0	0
1	148	N1	8	C	249	G0	4	H	51.0	-51.0	0	0	1
1	148	N1	9	C	249	G0	5	H	51.0	-51.0	0	0	0
1	100	S1	9	C	163	Y0	12	H	32.0	-32.0	0	0	0
1	331	K0	7	E	0	O0	-1	S	0.5	0.5	1	0	1
1	331	K0	12	E	0	O0	-1	S	0.5	0.5	1	0	0
1	494	A1	2	E	490	A1	9	S	2.0	2.0	0	0	0
1	58	C1	12	E	182	I1	6	E	62.0	-62.0	0	0	1
1	58	C1	6	E	182	I1	1	E	62.0	-62.0	0	0	0
1	327	A0	4	E	416	I1	2	E	44.0	-44.0	0	0	0
1	73	Q0	9	E	75	Y0	3	E	1.0	-1.0	0	1	1
1	73	Q0	5	E	75	Y0	5	E	1.0	-1.0	0	1	0
1	517	P0	4	H	518	P1	9	H	0.0	0.0	0	1	1
1	517	P0	12	H	518	P1	4	H	0.0	0.0	0	1	0
1	0	O0	-1	S	299	N0	10	C	0.5	0.5	1	0	1
1	0	O0	-1	S	299	N0	4	C	0.5	0.5	1	0	0
1	399	W0	7	S	97	K0	6	C	151.0	151.0	0	0	0
1	375	V0	1	H	380	Y1	3	C	2.0	-2.0	0	0	1
1	375	V0	9	H	380	Y1	8	C	2.0	-2.0	0	0	0
1	73	Q0	5	H	495	K0	2	C	211.0	-211.0	0	0	0
1	520	K1	10	H	0	O0	-1	S	0.5	0.5	1	0	1
1	520	K1	7	H	0	O0	-1	S	0.5	0.5	1	0	0
1	209	A0	1	H	426	A1	12	S	108.0	-108.0	0	0	0
1	154	T1	10	C	0	O0	-1	S	0.5	0.5	1	0	1
1	154	T1	9	C	0	O0	-1	S	0.5	0.5	1	0	0
1	237	L0	2	C	295	D0	11	S	29.0	-29.0	0	0	0
1	415	I0	12	H	416	I1	1	H	0.0	0.0	0	1	1
1	415	I0	10	H	416	I1	8	H	0.0	0.0	0	1	0
1	54	K1	7	E	84	F1	7	E	15.0	-15.0	0	0	1
1	129	S0	4	E	325	L0	4	E	98.0	-98.0	0	0	0
1	207	L0	10	H	0	O0	-1	S	0.5	0.5	1	0	1
1	207	L0	4	H	0	O0	-1	S	0.5	0.5	1	0	0
1	545	W0	10	H	83	F0	6	S	231.0	231.0	0	0	0
1	175	V0	9	E	177	I0	3	E	1.0	-1.0	0	1	1
1	175	V0	10	E	177	I0	11	E	1.0	-1.0	0	1	0
1	0	O0	-1	S	530	I1	7	H	0.5	0.5	1	0	1
1	0	O0	-1	S	530	I1	10	H	0.5	0.5	1	0	0
1	77	A0	10	S	462	V1	2	H	192.0	-192.0	0	0	0
1	106	R1	10	C	0	O0	-1	S	0.5	0.5	1	0	1
1	106	R1	9	C	0	O0	-1	S	0.5	0.5	1	0	0
1	490	A1	9	C	474	D1	5	S	8.0	8.0	0	0	0
1	10	Q1	11	C	0	O0	-1	S	0.5	0.5	1	0	1
1	10	Q1	2	C	0	O0	-1	S	0.5	0.5	1	0	0
1	536	S1	11	C	406	G1	5	S	65.0	65.0	0	0	0
1	24	Y1	11	E	158	H1	8	E	67.0	-67.0	0	0	1
1	24	Y1	3	E	158	H1	4	E	67.0	-67.0	0	0	0
1	104	R1	10	E	495	K0	8	E	196.0	-196.0	0	0	0
1	209	A0	12	H	210	A1	1	H	0.0	0.0	0	1	1
1	209	A0	5	H	210	A1	3	H	0.0	0.0	0	1	0
1	0	O0	-1	S	110	V1	5	E	0.5	0.5	1	0	1
1	0	O0	-1	S	110	V1	7	E	0.5	0.5	1	0	0
1	207	L0	6	S	310	R1	6	E	51.0	-51.0	0	0	0
1	502	I1	1	H	501	I0	12	H	0.0	0.0	0	1	1
1	502	I1	10	H	501	I0	10	H	0.0	0.0	0	1	0
1	472	E1	6	C	0	O0	-1	S	0.5	0.5	1	0	1
1	472	E1	7	C	0	O0	-1	S	0.5	0.5	1	0	0
1	313	K0	12	C	503	R0	11	S	95.0	-95.0	0	0	0
1	64	K1	8	C	0	O0	-1	S	0.5	0.5	1	0	1
1	64	K1	9	C	0	O0	-1	S	0.5	0.5	1	0	0
1	452	A1	2	C	115	E0	2	S	168.0	168.0	0	0	0
1	100	S1	11	C	0	O0	-1	S	0.5	0.5	1	0	1
1	100	S1	3	C	0	O0	-1	S	0.5	0.5	1	0	0
1	295	D0	6	C	386	L1	9	S	45.0	-45.0	0	0	0
1	0	O0	-1	S	60	R1	11	E	0.5	0.5	1	0	1
1	0	O0	-1	S	60	R1	2	E	0.5	0.5	1	0	0
1	296	D1	7	S	136	K1	12	E	80.0	80.0	0	0	0
1	0	O0	-1	S	320	D1	4	C	0.5	0.5	1	0	1
1	0	O0	-1	S	320	D1	12	C	0.5	0.5	1	0	0
1	49	V0	8	S	348	K1	1	C	149.0	-149.0	0	0	0
1	422	S1	6	H	477	Y0	12	H	28.0	-28.0	0	0	1
1	422	S1	10	H	477	Y0	1	H	28.0	-28.0	0	0	0
1	252	V1	3	H	82	K1	2	H	85.0	85.0	0	0	0
1	59	R0	6	E	71	L0	2	C	6.0	-6.0	0	0	1
1	59	R0	1	E	71	L0	1	C	6.0	-6.0	0	0	0
1	89	K0	7	E	346	F1	1	C	128.0	-128.0	0	0	0
1	224	E1	6	H	494	A1	4	H	135.0	-135.0	0	0	1
1	224	E1	1	H	494	A1	2	H	135.0	-135.0	0	0	0
1	117	D0	2	H	64	K1	12	H	27.0	27.0	0	0	0
1	114	R1	12	H	0	O0	-1	S	0.5	0.5	1	0	1
1	114	R1	11	H	0	O0	-1	S	0.5	0.5	1	0	0
1	524	R1	2	H	426	A1	12	S	49.0	49.0	0	0	0
1	516	D1	5	C	0	O0	-1	S	0.5	0.5	1	0	1
1	516	D1	12	C	0	O0	-1	S	0.5	0.5	1	0	0
1	346	F1	1	C	80	A1	11	S	133.0	133.0	0	0	0
1	0	O0	-1	S	262	S1	10	H	0.5	0.5	1	0	1
1	0	O0	-1	S	262	S1	2	H	0.5	0.5	1	0	0
1	199	L0	12	S	308	P1	11	H	54.0	-54.0	0	0	0
1	76	Y1	11	E	158	H1	12	E	41.0	-41.0	0	0	1
1	76	Y1	12	E	158	H1	3	E	41.0	-41.0	0	0	0
1	264	L1	5	E	514	K1	9	E	125.0	-125.0	0	0	0
1	478	Y1	6	H	0	O0	-1	S	0.5	0.5	1	0	1
1	478	Y1	8	H	0	O0	-1	S	0.5	0.5	1	0	0
1	31	E0	10	H	428	S1	2	S	198.0	-198.0	0	0	0
1	535	S0	9	H	537	L0	3	H	1.0	-1.0	0	1	1
1	535	S0	2	H	537	L0	4	H	1.0	-1.0	0	1	0
1	260	H1	12	H	398	M1	3	H	69.0	-69.0	0	0	1
1	260	H1	11	H	398	M1	8	H	69.0	-69.0	0	0	0
1	64	K1	12	H	280	K1	4	H	108.0	-108.0	0	0	0
1	88	K1	4	E	0	O0	-1	S	0.5	0.5	1	0	1
1	88	K1	5	E	0	O0	-1	S	0.5	0.5	1	0	0
1	70	G1	6	E	234	E1	9	S	82.0	-82.0	0	0	0
1	75	Y0	4	E	76	Y1	9	E	0.0	0.0	0	1	1
1	75	Y0	5	E	76	Y1	1	E	0.0	0.0	0	1	0
1	377	N0	10	C	0	O0	-1	S	0.5	0.5	1	0	1
1	377	N0	1	C	0	O0	-1	S	0.5	0.5	1	0	0
1	79	A0	11	C	429	P0	12	S	175.0	-175.0	0	0	0
1	259	H0	10	H	0	O0	-1	S	0.5	0.5	1	0	1
1	259	H0	5	H	0	O0	-1	S	0.5	0.5	1	0	0
1	368	A1	6	H	442	K1	2	S	37.0	-37.0	0	0	0
1	398	M1	11	H	529	I0	5	H	66.0	-66.0	0	0	1
1	398	M1	8	H	529	I0	8	H	66.0	-66.0	0	0	0
1	525	M0	6	H	441	K0	8	H	42.0	42.0	0	0	0
1	540	Q1	11	H	0	O0	-1	S	0.5	0.5	1	0	1
1	540	Q1	1	H	0	O0	-1	S	0.5	0.5	1	0	0
1	36	L1	1	H	396	D1	9	S	180.0	-180.0	0	0	0
1	0	O0	-1	S	160	E1	4	E	0.5	0.5	1	0	1
1	0	O0	-1	S	160	E1	2	E	0.5	0.5	1	0	0
1	507	L0	5	S	58	C1	11	E	225.0	225.0	0	0	0
1	32	E1	1	E	31	E0	12	E	0.0	0.0	0	1	1
1	32	E1	5	E	31	E0	1	E	0.0	0.0	0	1	0
1	58	C1	1	E	57	C0	12	E	0.0	0.0	0	1	1
1	58	C1	2	E	57	C0	10	E	0.0	0.0	0	1	0
1	409	I0	9	H	417	L0	4	H	4.0	-4.0	0	0	1
1	409	I0	5	H	417	L0	1	H	4.0	-4.0	0	0	0
1	460	A1	7	H	428	S1	11	H	16.0	16.0	0	0	0
1	118	D1	6	H	124	R1	7	H	3.0	-3.0	0	0	1
1	118	D1	10	H	124	R1	8	H	3.0	-3.0	0	0	0
1	241	Q0	10	H	364	F1	10	H	61.0	-61.0	0	0	0
1	145	P0	10	C	0	O0	-1	S	0.5	0.5	1	0	1
1	145	P0	11	C	0	O0	-1	S	0.5	0.5	1	0	0
1	426	A1	10	C	265	Q0	12	S	80.0	80.0	0	0	0
1	540	Q1	9	H	0	O0	-1	S	0.5	0.5	1	0	1
1	540	Q1	5	H	0	O0	-1	S	0.5	0.5	1	0	0
1	35	L0	10	H	97	K0	9	S	31.0	-31.0	0	0	0
1	298	R1	8	C	0	O0	-1	S	0.5	0.5	1	0	1
1	298	R1	5	C	0	O0	-1	S	0.5	0.5	1	0	0
1	154	T1	4	C	83	F0	5	S	35.0	35.0	0	0	0
1	0	O0	-1	S	92	R1	8	C	0.5	0.5	1	0	1
1	0	O0	-1	S	92	R1	4	C	0.5	0.5	1	0	0
1	239	K0	7	S	359	P0	12	C	60.0	-60.0	0	0	0
1	377	N0	11	C	378	N1	2	C	0.0	0.0	0	1	1
1	377	N0	2	C	378	N1	11	C	0.0	0.0	0	1	0
1	46	F1	6	C	0	O0	-1	S	0.5	0.5	1	0	1
1	46	F1	12	C	0	O0	-1	S	0.5	0.5	1	0	0
1	37	G0	10	C	56	K1	9	S	9.0	-9.0	0	0	0
1	0	O0	-1	S	487	S0	6	C	0.5	0.5	1	0	1
1	0	O0	-1	S	487	S0	10	C	0.5	0.5	1	0	0
1	485	T0	7	S	115	E0	5	C	185.0	185.0	0	0	0
1	349	N0	11	C	350	N1	2	C	0.0	0.0	0	1	1
1	349	N0	5	C	350	N1	4	C	0.0	0.0	0	1	0
1	62	E1	8	E	68	T1	7	C	3.0	-3.0	0	0	1
1	62	E1	3	E	68	T1	9	C	3.0	-3.0	0	0	0
1	488	S1	2	E	516	D1	12	C	14.0	-14.0	0	0	0
1	63	K0	1	C	69	G0	5	C	3.0	-3.0	0	0	1
1	63	K0	9	C	69	G0	7	C	3.0	-3.0	0	0	0
1	495	K0	4	C	302	V1	6	C	97.0	97.0	0	0	0
1	522	K1	11	H	0	O0	-1	S	0.5	0.5	1	0	1
1	522	K1	8	H	0	O0	-1	S	0.5	0.5	1	0	0
1	374	I1	11	H	513	K0	6	S	70.0	-70.0	0	0	0
1	504	R1	7	H	497	D0	5	H	3.0	3.0	0	0	1
1	504	R1	4	H	497	D0	10	H	3.0	3.0	0	0	0
1	352	I1	9	H	351	I0	7	H	0.0	0.0	0	0	0
1	107	G0	9	C	109	V0	3	E	1.0	-1.0	0	1	1
1	107	G0	5	C	109	V0	4	E	1.0	-1.0	0	1	0
1	484	N1	5	C	0	O0	-1	S	0.5	0.5	1	0	1
1	484	N1	1	C	0	O0	-1	S	0.5	0.5	1	0	0
1	18	D1	8	C	507	L0	5	S	245.0	-245.0	0	0	0
1	516	D1	6	C	0	O0	-1	S	0.5	0.5	1	0	1
1	516	D1	12	C	0	O0	-1	S	0.5	0.5	1	0	0
1	276	D1	1	C	487	S0	11	S	106.0	-106.0	0	0	0
1	0	O0	-1	S	516	D1	7	C	0.5	0.5	1	0	1
1	0	O0	-1	S	516	D1	12	C	0.5	0.5	1	0	0
1	552	P1	1	S	94	R1	9	C	229.0	229.0	0	0	0
1	16	V1	5	H	164	Y1	8	E	74.0	-74.0	0	0	1
1	16	V1	11	H	164	Y1	1	E	74.0	-74.0	0	0	0
1	484	N1	1	H	344	E1	6	E	70.0	70.0	0	0	0
1	41	G0	9	E	43	Q0	3	C	1.0	-1.0	0	1	1
1	41	G0	10	E	43	Q0	10	C	1.0	-1.0	0	1	0
1	482	S1	9	C	484	N1	3	C	1.0	-1.0	0	0	1
1	482	S1	7	C	484	N1	1	C	1.0	-1.0	0	0	0
1	139	I0	2	C	402	S1	11	C	131.0	-131.0	0	0	0
1	408	V1	5	H	432	F1	7	C	12.0	-12.0	0	0	1
1	408	V1	2	H	432	F1	3	C	12.0	-12.0	0	0	0
1	3	V0	4	H	16	V1	9	C	6.0	-6.0	0	0	0
1	81	K0	9	E	83	F0	3	E	1.0	-1.0	0	1	1
1	81	K0	4	E	83	F0	1	E	1.0	-1.0	0	1	0
1	440	T1	4	C	0	O0	-1	S	0.5	0.5	1	0	1
1	440	T1	2	C	0	O0	-1	S	0.5	0.5	1	0	0
1	381	E0	11	C	471	E0	2	S	45.0	-45.0	0	0	0
1	300	N1	3	C	298	R1	2	C	1.0	1.0	0	0	1
1	300	N1	5	C	298	R1	5	C	1.0	1.0	0	0	0
1	433	L0	7	C	79	A0	4	C	177.0	177.0	0	0	0
1	44	Q1	11	C	0	O0	-1	S	0.5	0.5	1	0	1
1	44	Q1	2	C	0	O0	-1	S	0.5	0.5	1	0	0
1	187	L0	1	C	32	E1	5	S	78.0	78.0	0	0	0
1	308	P1	9	C	307	P0	4	C	0.0	0.0	0	1	1
1	308	P1	7	C	307	P0	11	C	0.0	0.0	0	1	0
1	501	I0	8	H	503	R0	3	H	1.0	-1.0	0	1	1
1	501	I0	2	H	503	R0	11	H	1.0	-1.0	0	1	0
1	549	K0	7	C	543	P0	1	C	3.0	3.0	0	0	1
1	549	K0	10	C	543	P0	8	C	3.0	3.0	0	0	0
1	436	G1	2	C	309	R0	11	C	63.0	63.0	0	0	0
1	320	D1	10	C	0	O0	-1	S	0.5	0.5	1	0	1
1	320	D1	8	C	0	O0	-1	S	0.5	0.5	1	0	0
1	346	F1	1	C	375	V0	9	S	15.0	-15.0	0	0	0
1	69	G0	12	C	70	G1	1	C	0.0	0.0	0	1	1
1	69	G0	8	C	70	G1	3	C	0.0	0.0	0	1	0
1	65	S0	9	C	67	T0	3	C	1.0	-1.0	0	1	1
1	65	S0	2	C	67	T0	7	C	1.0	-1.0	0	1	0
1	195	G0	12	C	196	G1	1	C	0.0	0.0	0	1	1
1	195	G0	7	C	196	G1	12	C	0.0	0.0	0	1	0
1	271	H0	6	C	328	A1	5	C	28.0	-28.0	0	0	1
1	271	H0	12	C	328	A1	11	C	28.0	-28.0	0	0	0
1	173	D0	11	C	524	R1	2	C	175.0	-175.0	0	0	0
1	471	E0	7	C	480	F1	7	H	4.0	-4.0	0	0	1
1	471	E0	12	C	480	F1	11	H	4.0	-4.0	0	0	0
1	291	L0	5	C	439	T0	1	H	74.0	-74.0	0	0	0
1	298	R1	9	C	0	O0	-1	S	0.5	0.5	1	0	1
1	298	R1	12	C	0	O0	-1	S	0.5	0.5	1	0	0
1	312	I1	3	C	396	D1	12	S	42.0	-42.0	0	0	0
1	4	V1	11	C	0	O0	-1	S	0.5	0.5	1	0	1
1	4	V1	3	C	0	O0	-1	S	0.5	0.5	1	0	0
1	188	L1	2	C	368	A1	4	S	90.0	-90.0	0	0	0
1	146	P1	6	C	0	O0	-1	S	0.5	0.5	1	0	1
1	146	P1	1	C	0	O0	-1	S	0.5	0.5	1	0	0
1	42	G1	11	C	94	R1	3	S	26.0	-26.0	0	0	0
1	473	D0	10	H	482	S1	4	C	4.0	-4.0	0	0	1
1	473	D0	2	H	482	S1	3	C	4.0	-4.0	0	0	0
1	70	G1	2	H	89	K0	7	C	10.0	-10.0	0	0	0
1	478	Y1	4	H	0	O0	-1	S	0.5	0.5	1	0	1
1	478	Y1	8	H	0	O0	-1	S	0.5	0.5	1	0	0
1	395	D0	12	H	417	L0	5	S	11.0	-11.0	0	0	0
1	0	O0	-1	S	375	V0	10	H	0.5	0.5	1	0	1
1	0	O0	-1	S	375	V0	4	H	0.5	0.5	1	0	0
1	207	L0	4	S	152	I1	11	H	28.0	28.0	0	0	0
1	67	T0	8	C	71	L0	4	C	2.0	-2.0	0	0	1
1	67	T0	4	C	71	L0	1	C	2.0	-2.0	0	0	0
1	463	N0	7	C	374	I1	2	C	45.0	45.0	0	0	0
1	123	R0	9	H	131	I0	4	H	4.0	-4.0	0	0	1
1	123	R0	2	H	131	I0	11	H	4.0	-4.0	0	0	0
1	106	R1	5	H	292	L1	8	H	93.0	-93.0	0	0	0
1	184	L1	9	E	185	E0	2	E	1.0	-1.0	0	0	1
1	184	L1	6	E	185	E0	11	E	1.0	-1.0	0	0	0
1	1	T0	8	E	168	N1	4	E	83.0	-83.0	0	0	0
1	34	E1	12	E	0	O0	-1	S	0.5	0.5	1	0	1
1	34	E1	2	E	0	O0	-1	S	0.5	0.5	1	0	0
1	106	R1	9	E	440	T1	2	S	167.0	-167.0	0	0	0
1	457	S0	1	H	462	V1	3	C	2.0	-2.0	0	0	1
1	457	S0	9	H	462	V1	2	C	2.0	-2.0	0	0	0
1	402	S1	3	H	473	D0	1	C	36.0	-36.0	0	0	0
1	552	P1	5	C	0	O0	-1	S	0.5	0.5	1	0	1
1	552	P1	1	C	0	O0	-1	S	0.5	0.5	1	0	0
1	11	E0	10	C	445	E0	2	S	217.0	-217.0	0	0	0
1	254	Y1	8	H	0	O0	-1	S	0.5	0.5	1	0	1
1	254	Y1	11	H	0	O0	-1	S	0.5	0.5	1	0	0
1	348	K1	10	H	420	L1	1	S	36.0	-36.0	0	0	0
1	221	T0	6	C	0	O0	-1	S	0.5	0.5	1	0	1
1	221	T0	7	C	0	O0	-1	S	0.5	0.5	1	0	0
1	338	F1	1	C	398	M1	4	S	30.0	-30.0	0	0	0
1	3	V0	1	C	6	F1	2	C	1.0	-1.0	0	0	1
1	3	V0	6	C	6	F1	1	C	1.0	-1.0	0	0	0
1	262	S1	2	C	438	D1	1	C	88.0	-88.0	0	0	0
1	0	O0	-1	S	218	S1	8	C	0.5	0.5	1	0	1
1	0	O0	-1	S	218	S1	2	C	0.5	0.5	1	0	0
1	69	G0	7	S	110	V1	10	C	20.0	-20.0	0	0	0
1	535	S0	6	H	542	H1	3	C	3.0	-3.0	0	0	1
1	535	S0	2	H	542	H1	7	C	3.0	-3.0	0	0	0
1	214	K1	1	H	371	E0	4	C	79.0	-79.0	0	0	0
1	304	P1	12	C	0	O0	-1	S	0.5	0.5	1	0	1
1	304	P1	1	C	0	O0	-1	S	0.5	0.5	1	0	0
1	69	G0	8	C	274	F1	4	S	102.0	-102.0	0	0	0
1	0	O0	-1	S	36	L1	6	E	0.5	0.5	1	0	1
1	0	O0	-1	S	36	L1	1	E	0.5	0.5	1	0	0
1	195	G0	6	S	185	E0	11	E	5.0	5.0	0	0	0
1	0	O0	-1	S	224	E1	8	H	0.5	0.5	1	0	1
1	0	O0	-1	S	224	E1	5	H	0.5	0.5	1	0	0
1	450	L1	6	S	130	S1	2	H	160.0	160.0	0	0	0
1	498	D1	8	H	542	H1	6	C	22.0	-22.0	0	0	1
1	498	D1	12	H	542	H1	7	C	22.0	-22.0	0	0	0
1	170	K1	8	H	245	L0	12	C	38.0	-38.0	0	0	0
1	270	A1	8	E	330	H1	8	E	30.0	-30.0	0	0	1
1	270	A1	9	E	330	H1	1	E	30.0	-30.0	0	0	0
1	212	E1	2	E	276	D1	8	E	32.0	-32.0	0	0	0
1	232	T1	11	H	546	W1	9	C	157.0	-157.0	0	0	1
1	232	T1	10	H	546	W1	10	C	157.0	-157.0	0	0	0
1	442	K1	2	H	208	L1	10	C	117.0	117.0	0	0	0
1	0	O0	-1	S	115	E0	6	H	0.5	0.5	1	0	1
1	0	O0	-1	S	115	E0	5	H	0.5	0.5	1	0	0
1	196	G1	2	S	358	T1	2	H	81.0	-81.0	0	0	0
1	0	O0	-1	S	171	T0	5	C	0.5	0.5	1	0	1
1	0	O0	-1	S	171	T0	8	C	0.5	0.5	1	0	0
1	508	L1	12	S	94	R1	3	C	207.0	207.0	0	0	0
1	12	E1	12	C	0	O0	-1	S	0.5	0.5	1	0	1
1	12	E1	9	C	0	O0	-1	S	0.5	0.5	1	0	0
1	137	E0	11	C	376	V1	5	S	119.0	-119.0	0	0	0
1	267	I0	6	E	329	H0	2	E	31.0	-31.0	0	0	1
1	267	I0	10	E	329	H0	6	E	31.0	-31.0	0	0	0
1	509	L0	2	E	100	S1	10	E	205.0	205.0	0	0	0
1	276	D1	4	C	326	L1	7	C	25.0	-25.0	0	0	1
1	276	D1	8	C	326	L1	1	C	25.0	-25.0	0	0	0
1	384	P1	1	C	360	P1	1	C	12.0	12.0	0	0	0
1	279	K0	9	C	281	P0	3	H	1.0	-1.0	0	1	1
1	279	K0	4	C	281	P0	7	H	1.0	-1.0	0	1	0
1	448	T1	10	H	361	E0	5	C	43.0	43.0	0	0	1
1	448	T1	11	H	361	E0	10	C	43.0	43.0	0	0	0
1	170	K1	8	H	264	L1	12	C	47.0	-47.0	0	0	0
1	95	T0	11	C	0	O0	-1	S	0.5	0.5	1	0	1
1	95	T0	10	C	0	O0	-1	S	0.5	0.5	1	0	0
1	302	V1	6	C	184	L1	12	S	59.0	59.0	0	0	0
1	242	Q1	8	H	312	I1	7	E	35.0	-35.0	0	0	1
1	242	Q1	2	H	312	I1	2	E	35.0	-35.0	0	0	0
1	61	E0	4	H	497	D0	6	E	218.0	-218.0	0	0	0
1	131	I0	8	H	133	L0	3	H	1.0	-1.0	0	1	1
1	131	I0	7	H	133	L0	2	H	1.0	-1.0	0	1	0
1	262	S1	12	H	0	O0	-1	S	0.5	0.5	1	0	1
1	262	S1	2	H	0	O0	-1	S	0.5	0.5	1	0	0
1	206	F1	3	H	512	V1	7	S	153.0	-153.0	0	0	0
1	0	O0	-1	S	222	T1	6	C	0.5	0.5	1	0	1
1	0	O0	-1	S	222	T1	2	C	0.5	0.5	1	0	0
1	28	T1	12	S	141	Q0	6	C	57.0	-57.0	0	0	0
1	0	O0	-1	S	122	E1	10	H	0.5	0.5	1	0	1
1	0	O0	-1	S	122	E1	1	H	0.5	0.5	1	0	0
1	485	T0	4	S	489	A0	11	H	2.0	-2.0	0	0	0
1	81	K0	10	E	86	I1	3	E	2.0	-2.0	0	0	1
1	81	K0	2	E	86	I1	2	E	2.0	-2.0	0	0	0
1	270	A1	9	E	293	L0	12	E	12.0	-12.0	0	0	0
1	338	F1	5	C	0	O0	-1	S	0.5	0.5	1	0	1
1	338	F1	8	C	0	O0	-1	S	0.5	0.5	1	0	0
1	95	T0	8	C	385	L0	1	S	145.0	-145.0	0	0	0
1	398	M1	5	H	530	I1	3	H	66.0	-66.0	0	0	1
1	398	M1	4	H	530	I1	5	H	66.0	-66.0	0	0	0
1	148	N1	1	H	374	I1	11	H	113.0	-113.0	0	0	0
1	538	L1	8	H	540	Q1	3	H	1.0	-1.0	0	0	1
1	538	L1	9	H	540	Q1	5	H	1.0	-1.0	0	0	0
1	18	D1	9	H	335	D0	5	H	159.0	-159.0	0	0	0
1	258	L1	9	H	267	I0	8	E	5.0	-5.0	0	0	1
1	13	N0	12	H	211	E0	7	E	99.0	-99.0	0	0	0
1	334	I1	12	C	389	L0	4	C	28.0	-28.0	0	0	1
1	334	I1	9	C	389	L0	2	C	28.0	-28.0	0	0	0
1	104	R1	2	C	211	E0	7	C	54.0	-54.0	0	0	0
1	535	S0	12	H	536	S1	1	H	0.0	0.0	0	1	1
1	535	S0	2	H	536	S1	11	H	0.0	0.0	0	1	0
1	91	R0	4	C	109	V0	2	E	9.0	-9.0	0	0	1
1	91	R0	7	C	109	V0	4	E	9.0	-9.0	0	0	0
1	303	P0	5	C	138	E1	8	E	83.0	83.0	0	0	0
1	439	T0	9	C	441	K0	3	H	1.0	-1.0	0	1	1
1	439	T0	4	C	441	K0	8	H	1.0	-1.0	0	1	0
1	468	E1	12	C	0	O0	-1	S	0.5	0.5	1	0	1
1	468	E1	3	C	0	O0	-1	S	0.5	0.5	1	0	0
1	455	V0	2	C	66	S1	3	S	195.0	195.0	0	0	0
1	271	H0	11	C	272	H1	2	C	0.0	0.0	0	1	1
1	271	H0	5	C	272	H1	1	C	0.0	0.0	0	1	0
1	544	P1	11	C	0	O0	-1	S	0.5	0.5	1	0	1
1	544	P1	3	C	0	O0	-1	S	0.5	0.5	1	0	0
1	503	R0	8	C	512	V1	3	S	4.0	-4.0	0	0	0
1	0	O0	-1	S	144	H1	11	C	0.5	0.5	1	0	1
1	0	O0	-1	S	144	H1	12	C	0.5	0.5	1	0	0
1	132	I1	10	S	374	I1	2	C	121.0	-121.0	0	0	0
1	464	N1	2	C	463	N0	11	C	0.0	0.0	0	1	1
1	464	N1	11	C	463	N0	10	C	0.0	0.0	0	1	0
1	345	F0	11	C	346	F1	2	C	0.0	0.0	0	1	1
1	345	F0	4	C	346	F1	1	C	0.0	0.0	0	1	0
1	206	F1	7	H	199	L0	6	H	3.0	3.0	0	0	1
1	206	F1	10	H	199	L0	2	H	3.0	3.0	0	0	0
1	205	F0	7	H	106	R1	7	H	50.0	50.0	0	0	0
1	465	Y0	6	C	0	O0	-1	S	0.5	0.5	1	0	1
1	465	Y0	10	C	0	O0	-1	S	0.5	0.5	1	0	0
1	297	R0	8	C	449	L0	4	S	76.0	-76.0	0	0	0
1	188	L1	9	C	189	V0	2	C	1.0	-1.0	0	0	1
1	188	L1	5	C	189	V0	11	C	1.0	-1.0	0	0	0
1	428	S1	11	C	363	F0	4	C	32.0	32.0	0	0	0
1	273	F0	8	C	326	L1	8	C	26.0	-26.0	0	0	1
1	273	F0	1	C	326	L1	6	C	26.0	-26.0	0	0	0
1	171	T0	1	C	327	A0	1	C	78.0	-78.0	0	0	0
1	504	R1	9	H	0	O0	-1	S	0.5	0.5	1	0	1
1	504	R1	4	H	0	O0	-1	S	0.5	0.5	1	0	0
1	317	I0	2	H	296	D1	2	S	11.0	11.0	0	0	0
1	7	R0	10	E	11	E0	7	C	2.0	-2.0	0	0	1
1	7	R0	8	E	11	E0	2	C	2.0	-2.0	0	0	0
1	449	L0	4	E	185	E0	10	C	132.0	132.0	0	0	0
1	360	P1	4	C	0	O0	-1	S	0.5	0.5	1	0	1
1	360	P1	1	C	0	O0	-1	S	0.5	0.5	1	0	0
1	459	A0	2	C	330	H1	4	S	65.0	65.0	0	0	0
1	0	O0	-1	S	50	V1	12	E	0.5	0.5	1	0	1
1	0	O0	-1	S	50	V1	3	E	0.5	0.5	1	0	0
1	77	A0	11	S	489	A0	1	E	206.0	-206.0	0	0	0
1	473	D0	9	H	475	E0	3	H	1.0	-1.0	0	1	1
1	473	D0	1	H	475	E0	8	H	1.0	-1.0	0	1	0
1	168	N1	6	C	0	O0	-1	S	0.5	0.5	1	0	1
1	168	N1	5	C	0	O0	-1	S	0.5	0.5	1	0	0
1	354	F1	11	C	185	E0	10	S	84.0	84.0	0	0	0
1	92	R1	1	C	107	G0	8	C	8.0	-8.0	0	0	1
1	92	R1	5	C	107	G0	10	C	8.0	-8.0	0	0	0
1	530	I1	2	C	545	W0	7	C	8.0	-8.0	0	0	0
1	278	L1	8	C	402	S1	8	H	62.0	-62.0	0	0	1
1	278	L1	1	C	402	S1	9	H	62.0	-62.0	0	0	0
1	263	L0	12	C	516	D1	12	H	126.0	-126.0	0	0	0
1	306	K1	11	C	0	O0	-1	S	0.5	0.5	1	0	1
1	306	K1	9	C	0	O0	-1	S	0.5	0.5	1	0	0
1	443	Q0	7	C	147	N0	4	S	148.0	148.0	0	0	0
1	339	G0	12	C	340	G1	1	C	0.0	0.0	0	1	1
1	339	G0	2	C	340	G1	12	C	0.0	0.0	0	1	0
1	372	E1	6	H	382	E1	8	C	5.0	-5.0	0	0	1
1	372	E1	5	H	382	E1	9	C	5.0	-5.0	0	0	0
1	186	E1	12	H	55	K0	10	C	65.0	65.0	0	0	0
1	0	O0	-1	S	538	L1	10	H	0.5	0.5	1	0	1
1	0	O0	-1	S	538	L1	6	H	0.5	0.5	1	0	0
1	446	E1	3	S	272	H1	12	H	87.0	87.0	0	0	0
1	460	A1	6	C	0	O0	-1	S	0.5	0.5	1	0	1
1	460	A1	9	C	0	O0	-1	S	0.5	0.5	1	0	0
1	15	V0	4	C	485	T0	8	S	235.0	-235.0	0	0	0
1	274	F1	2	C	273	F0	11	C	0.0	0.0	0	1	1
1	274	F1	4	C	273	F0	4	C	0.0	0.0	0	1	0
1	111	S0	6	C	0	O0	-1	S	0.5	0.5	1	0	1
1	111	S0	1	C	0	O0	-1	S	0.5	0.5	1	0	0
1	136	K1	4	C	499	F0	5	S	182.0	-182.0	0	0	0
1	453	N0	8	H	455	V0	3	H	1.0	-1.0	0	1	1
1	453	N0	12	H	455	V0	6	H	1.0	-1.0	0	1	0
1	248	N1	4	H	0	O0	-1	S	0.5	0.5	1	0	1
1	248	N1	6	H	0	O0	-1	S	0.5	0.5	1	0	0
1	260	H1	11	H	404	I1	2	S	72.0	-72.0	0	0	0
1	0	O0	-1	S	378	N1	10	C	0.5	0.5	1	0	1
1	0	O0	-1	S	378	N1	1	C	0.5	0.5	1	0	0
1	322	F1	6	S	282	P1	1	C	20.0	20.0	0	0	0
1	411	T0	12	H	412	T1	1	H	0.0	0.0	0	1	1
1	411	T0	6	H	412	T1	2	H	0.0	0.0	0	1	0
1	300	N1	8	C	0	O0	-1	S	0.5	0.5	1	0	1
1	300	N1	2	C	0	O0	-1	S	0.5	0.5	1	0	0
1	2	T1	2	C	9	Q0	2	S	4.0	-4.0	0	0	0
1	488	S1	10	C	492	L1	7	H	2.0	-2.0	0	0	1
1	488	S1	12	C	492	L1	6	H	2.0	-2.0	0	0	0
1	362	E1	9	C	529	I0	11	H	84.0	-84.0	0	0	0
1	488	S1	8	C	493	A0	4	H	3.0	-3.0	0	0	1
1	488	S1	6	C	493	A0	11	H	3.0	-3.0	0	0	0
1	59	R0	4	C	528	T1	3	H	234.0	-234.0	0	0	0
1	11	E0	12	C	12	E1	1	C	0.0	0.0	0	1	1
1	11	E0	11	C	12	E1	10	C	0.0	0.0	0	1	0
1	300	N1	6	C	0	O0	-1	S	0.5	0.5	1	0	1
1	300	N1	9	C	0	O0	-1	S	0.5	0.5	1	0	0
1	384	P1	1	C	84	F1	1	S	150.0	150.0	0	0	0
1	395	D0	11	H	396	D1	2	H	0.0	0.0	0	1	1
1	395	D0	7	H	396	D1	5	H	0.0	0.0	0	1	0
1	55	K0	9	E	57	C0	3	E	1.0	-1.0	0	1	1
1	55	K0	4	E	57	C0	11	E	1.0	-1.0	0	1	0
1	113	R0	10	H	122	E1	3	H	4.0	-4.0	0	0	1
1	113	R0	5	H	122	E1	1	H	4.0	-4.0	0	0	0
1	103	R0	8	H	19	D0	2	H	42.0	42.0	0	0	0
1	552	P1	10	C	0	O0	-1	S	0.5	0.5	1	0	1
1	552	P1	1	C	0	O0	-1	S	0.5	0.5	1	0	0
1	197	E0	4	C	7	R0	1	S	95.0	95.0	0	0	0
1	0	O0	-1	S	45	F0	7	C	0.5	0.5	1	0	1
1	0	O0	-1	S	45	F0	11	C	0.5	0.5	1	0	0
1	59	R0	10	S	64	K1	2	C	2.0	-2.0	0	0	0
1	366	V1	8	C	376	V1	3	H	5.0	-5.0	0	0	1
1	366	V1	6	C	376	V1	12	H	5.0	-5.0	0	0	0
1	436	G1	2	C	292	L1	3	H	72.0	72.0	0	0	0
1	353	F0	11	C	354	F1	2	C	0.0	0.0	0	1	1
1	353	F0	1	C	354	F1	3	C	0.0	0.0	0	1	0
1	160	E1	11	E	0	O0	-1	S	0.5	0.5	1	0	1
1	160	E1	8	E	0	O0	-1	S	0.5	0.5	1	0	0
1	185	E0	10	E	538	L1	6	S	176.0	-176.0	0	0	0
1	484	N1	9	C	0	O0	-1	S	0.5	0.5	1	0	1
1	484	N1	1	C	0	O0	-1	S	0.5	0.5	1	0	0
1	366	V1	3	C	99	S0	1	S	133.0	133.0	0	0	0
1	335	D0	12	C	336	D1	1	C	0.0	0.0	0	1	1
1	335	D0	4	C	336	D1	8	C	0.0	0.0	0	1	0
1	363	F0	11	C	364	F1	2	C	0.0	0.0	0	1	1
1	363	F0	8	C	364	F1	1	C	0.0	0.0	0	1	0
1	43	Q0	7	C	0	O0	-1	S	0.5	0.5	1	0	1
1	43	Q0	2	C	0	O0	-1	S	0.5	0.5	1	0	0
1	419	L0	9	C	35	L0	2	S	192.0	192.0	0	0	0
1	299	N0	9	C	301	V0	3	C	1.0	-1.0	0	1	1
1	299	N0	8	C	301	V0	6	C	1.0	-1.0	0	1	0
1	246	L1	12	H	548	I1	11	C	151.0	-151.0	0	0	1
1	246	L1	8	H	548	I1	1	C	151.0	-151.0	0	0	0
1	301	V0	10	H	390	L1	9	C	44.0	-44.0	0	0	0
1	412	T1	10	H	546	W1	12	C	67.0	-67.0	0	0	1
1	412	T1	11	H	546	W1	10	C	67.0	-67.0	0	0	0
1	122	E1	9	H	546	W1	5	C	212.0	-212.0	0	0	0
1	435	G0	8	C	439	T0	2	C	2.0	-2.0	0	0	1
1	435	G0	11	C	439	T0	10	C	2.0	-2.0	0	0	0
1	265	Q0	6	C	6	F1	6	C	130.0	130.0	0	0	0
1	40	S1	7	E	0	O0	-1	S	0.5	0.5	1	0	1
1	40	S1	10	E	0	O0	-1	S	0.5	0.5	1	0	0
1	540	Q1	1	E	339	G0	6	S	100.0	100.0	0	0	0
1	40	S1	6	E	47	A0	8	E	4.0	-4.0	0	0	1
1	40	S1	9	E	47	A0	4	E	4.0	-4.0	0	0	0
1	281	P0	7	E	205	F0	6	E	38.0	38.0	0	0	0
1	445	E0	10	H	454	N1	3	H	4.0	-4.0	0	0	1
1	445	E0	11	H	454	N1	10	H	4.0	-4.0	0	0	0
1	527	T0	4	H	97	K0	1	H	215.0	215.0	0	0	0
1	0	O0	-1	S	162	V1	7	E	0.5	0.5	1	0	1
1	0	O0	-1	S	162	V1	8	E	0.5	0.5	1	0	0
1	446	E1	3	S	20	D1	11	E	213.0	213.0	0	0	0
1	20	D1	9	H	0	O0	-1	S	0.5	0.5	1	0	1
1	20	D1	1	H	0	O0	-1	S	0.5	0.5	1	0	0
1	425	A0	4	H	233	E0	8	S	96.0	96.0	0	0	0
1	304	P1	5	C	0	O0	-1	S	0.5	0.5	1	0	1
1	304	P1	1	C	0	O0	-1	S	0.5	0.5	1	0	0
1	432	F1	1	C	338	F1	8	S	47.0	47.0	0	0	0
1	334	I1	11	C	387	G0	6	C	27.0	-27.0	0	0	1
1	334	I1	9	C	387	G0	7	C	27.0	-27.0	0	0	0
1	320	D1	3	C	227	E0	10	C	46.0	46.0	0	0	0
1	355	G0	9	C	357	T0	3	C	1.0	-1.0	0	1	1
1	355	G0	2	C	357	T0	4	C	1.0	-1.0	0	1	0
1	276	D1	6	C	358	T1	3	C	41.0	-41.0	0	0	1
1	276	D1	1	C	358	T1	2	C	41.0	-41.0	0	0	0
1	418	L1	8	C	295	D0	10	C	61.0	61.0	0	0	0
1	115	E0	8	H	117	D0	3	H	1.0	-1.0	0	1	1
1	115	E0	2	H	117	D0	12	H	1.0	-1.0	0	1	0
1	25	D0	6	E	0	O0	-1	S	0.5	0.5	1	0	1
1	25	D0	12	E	0	O0	-1	S	0.5	0.5	1	0	0
1	222	T1	2	E	179	L0	2	S	21.0	21.0	0	0	0
1	267	I0	9	E	269	A0	3	E	1.0	-1.0	0	1	1
1	267	I0	10	E	269	A0	11	E	1.0	-1.0	0	1	0
1	438	D1	7	C	446	E1	12	H	4.0	-4.0	0	0	1
1	438	D1	9	C	446	E1	2	H	4.0	-4.0	0	0	0
1	318	I1	11	C	50	V1	2	H	134.0	134.0	0	0	0
1	52	V1	5	E	82	K1	5	E	15.0	-15.0	0	0	1
1	52	V1	3	E	82	K1	4	E	15.0	-15.0	0	0	0
1	297	R0	2	E	467	E0	10	E	85.0	-85.0	0	0	0
1	148	N1	6	C	311	I0	8	E	82.0	-82.0	0	0	1
1	148	N1	1	C	311	I0	11	E	82.0	-82.0	0	0	0
1	343	E0	12	C	423	G0	5	E	40.0	-40.0	0	0	0
1	469	F0	8	C	0	O0	-1	S	0.5	0.5	1	0	1
1	469	F0	10	C	0	O0	-1	S	0.5	0.5	1	0	0
1	385	L0	10	C	333	I0	1	S	26.0	26.0	0	0	0
1	0	O0	-1	S	168	N1	12	C	0.5	0.5	1	0	1
1	0	O0	-1	S	168	N1	5	C	0.5	0.5	1	0	0
1	417	L0	12	S	397	M0	2	C	10.0	10.0	0	0	0
1	269	A0	7	E	329	H0	7	E	30.0	-30.0	0	0	1
1	269	A0	1	E	329	H0	5	E	30.0	-30.0	0	0	0
1	268	I1	7	E	332	K1	1	E	32.0	-32.0	0	0	0
1	353	F0	5	C	374	I1	10	H	10.0	-10.0	0	0	1
1	353	F0	1	C	374	I1	3	H	10.0	-10.0	0	0	0
1	499	F0	10	C	245	L0	10	H	127.0	127.0	0	0	0
1	423	G0	8	C	426	A1	3	C	1.0	-1.0	0	0	1
1	423	G0	5	C	426	A1	10	C	1.0	-1.0	0	0	0
1	361	E0	1	C	58	C1	6	C	152.0	152.0	0	0	0
1	343	E0	9	E	345	F0	3	C	1.0	-1.0	0	1	1
1	343	E0	4	E	345	F0	6	C	1.0	-1.0	0	1	0
1	66	S1	6	C	0	O0	-1	S	0.5	0.5	1	0	1
1	66	S1	3	C	0	O0	-1	S	0.5	0.5	1	0	0
1	256	Y1	1	C	115	E0	5	S	70.0	70.0	0	0	0
1	512	V1	12	C	521	K0	8	H	5.0	-5.0	0	0	1
1	512	V1	2	C	521	K0	1	H	5.0	-5.0	0	0	0
1	452	A1	5	C	147	N0	5	H	152.0	152.0	0	0	0
1	39	S0	12	E	40	S1	1	E	0.0	0.0	0	1	1
1	39	S0	6	E	40	S1	10	E	0.0	0.0	0	1	0
1	111	S0	2	C	110	V1	9	E	1.0	1.0	0	0	1
1	111	S0	1	C	110	V1	2	E	1.0	1.0	0	0	0
1	489	A0	11	C	337	F0	12	E	76.0	76.0	0	0	0
1	199	L0	9	H	201	F0	3	H	1.0	-1.0	0	1	1
1	199	L0	1	H	201	F0	11	H	1.0	-1.0	0	1	0
1	482	S1	8	C	0	O0	-1	S	0.5	0.5	1	0	1
1	482	S1	2	C	0	O0	-1	S	0.5	0.5	1	0	0
1	214	K1	12	C	102	S1	8	S	56.0	56.0	0	0	0
1	263	L0	11	C	264	L1	2	C	0.0	0.0	0	1	1
1	263	L0	4	C	264	L1	9	C	0.0	0.0	0	1	0
1	166	E1	5	E	176	V1	5	E	5.0	-5.0	0	0	1
1	166	E1	10	E	176	V1	9	E	5.0	-5.0	0	0	0
1	50	V1	3	E	64	K1	9	E	7.0	-7.0	0	0	0
1	336	D1	12	C	0	O0	-1	S	0.5	0.5	1	0	1
1	336	D1	8	C	0	O0	-1	S	0.5	0.5	1	0	0
1	220	L1	1	C	231	T0	5	S	6.0	-6.0	0	0	0
1	114	R1	7	H	0	O0	-1	S	0.5	0.5	1	0	1
1	114	R1	11	H	0	O0	-1	S	0.5	0.5	1	0	0
1	521	K0	2	H	345	F0	2	S	88.0	88.0	0	0	0
1	213	K0	9	C	215	E0	3	C	1.0	-1.0	0	1	1
1	213	K0	12	C	215	E0	8	C	1.0	-1.0	0	1	0
1	235	F0	6	H	242	Q1	7	H	3.0	-3.0	0	0	1
1	235	F0	12	H	242	Q1	2	H	3.0	-3.0	0	0	0
1	383	P0	7	H	178	I1	8	H	103.0	103.0	0	0	0
1	208	L1	9	H	0	O0	-1	S	0.5	0.5	1	0	1
1	208	L1	1	H	0	O0	-1	S	0.5	0.5	1	0	0
1	422	S1	9	H	325	L0	1	S	48.0	48.0	0	0	0
1	12	E1	4	C	0	O0	-1	S	0.5	0.5	1	0	1
1	12	E1	2	C	0	O0	-1	S	0.5	0.5	1	0	0
1	531	Q0	2	C	494	A1	2	S	19.0	19.0	0	0	0
1	512	V1	8	C	523	R0	5	C	6.0	-6.0	0	0	1
1	512	V1	3	C	523	R0	1	C	6.0	-6.0	0	0	0
1	469	F0	5	C	154	T1	2	C	158.0	158.0	0	0	0
1	135	K0	11	H	136	K1	2	H	0.0	0.0	0	1	1
1	135	K0	12	H	136	K1	4	H	0.0	0.0	0	1	0
1	271	H0	7	C	396	D1	11	H	62.0	-62.0	0	0	1
1	271	H0	2	C	396	D1	9	H	62.0	-62.0	0	0	0
1	190	V1	6	C	76	Y1	1	H	57.0	57.0	0	0	0
1	404	I1	9	H	412	T1	4	H	4.0	-4.0	0	0	1
1	404	I1	2	H	412	T1	3	H	4.0	-4.0	0	0	0
1	46	F1	5	H	379	Y0	7	H	167.0	-167.0	0	0	0
1	474	D1	10	H	0	O0	-1	S	0.5	0.5	1	0	1
1	474	D1	1	H	0	O0	-1	S	0.5	0.5	1	0	0
1	359	P0	12	H	392	E1	12	S	16.0	-16.0	0	0	0
1	376	V1	6	H	450	L1	9	H	37.0	-37.0	0	0	1
1	376	V1	10	H	450	L1	6	H	37.0	-37.0	0	0	0
1	443	Q0	5	H	495	K0	8	H	26.0	-26.0	0	0	0
1	157	H0	5	E	0	O0	-1	S	0.5	0.5	1	0	1
1	157	H0	12	E	0	O0	-1	S	0.5	0.5	1	0	0
1	516	D1	12	E	521	K0	4	S	3.0	-3.0	0	0	0
1	0	O0	-1	S	68	T1	6	C	0.5	0.5	1	0	1
1	0	O0	-1	S	68	T1	12	C	0.5	0.5	1	0	0
1	491	L0	2	S	299	N0	4	C	96.0	96.0	0	0	0
1	300	N1	12	C	0	O0	-1	S	0.5	0.5	1	0	1
1	300	N1	2	C	0	O0	-1	S	0.5	0.5	1	0	0
1	191	A0	1	C	423	G0	4	S	116.0	-116.0	0	0	0
1	477	Y0	9	H	479	F0	3	H	1.0	-1.0	0	1	1
1	477	Y0	1	H	479	F0	4	H	1.0	-1.0	0	1	0
1	506	R1	5	H	0	O0	-1	S	0.5	0.5	1	0	1
1	506	R1	9	H	0	O0	-1	S	0.5	0.5	1	0	0
1	383	P0	11	H	401	S0	5	S	9.0	-9.0	0	0	0
1	139	I0	12	C	140	I1	1	C	0.0	0.0	0	1	1
1	139	I0	11	C	140	I1	9	C	0.0	0.0	0	1	0
1	440	T1	8	C	445	E0	4	H	3.0	-3.0	0	0	1
1	440	T1	2	C	445	E0	11	H	3.0	-3.0	0	0	0
1	434	L1	7	C	407	V0	6	H	13.0	13.0	0	0	0
1	417	L0	8	H	419	L0	3	H	1.0	-1.0	0	1	1
1	417	L0	5	H	419	L0	6	H	1.0	-1.0	0	1	0
1	0	O0	-1	S	69	G0	4	C	0.5	0.5	1	0	1
1	0	O0	-1	S	69	G0	11	C	0.5	0.5	1	0	0
1	328	A1	2	S	196	G1	11	C	66.0	66.0	0	0	0
1	115	E0	6	H	0	O0	-1	S	0.5	0.5	1	0	1
1	115	E0	2	H	0	O0	-1	S	0.5	0.5	1	0	0
1	62	E1	11	H	241	Q0	10	S	90.0	-90.0	0	0	0
1	155	L0	2	E	0	O0	-1	S	0.5	0.5	1	0	1
1	155	L0	11	E	0	O0	-1	S	0.5	0.5	1	0	0
1	303	P0	9	E	263	L0	1	S	20.0	20.0	0	0	0
1	434	L1	1	C	435	G0	2	C	1.0	-1.0	0	0	1
1	434	L1	3	C	435	G0	5	C	1.0	-1.0	0	0	0
1	382	E1	12	C	356	G1	9	C	13.0	13.0	0	0	0
1	0	O0	-1	S	42	G1	4	E	0.5	0.5	1	0	1
1	0	O0	-1	S	42	G1	6	E	0.5	0.5	1	0	0
1	141	Q0	5	S	409	I0	2	E	134.0	-134.0	0	0	0
1	442	K1	12	H	0	O0	-1	S	0.5	0.5	1	0	1
1	442	K1	9	H	0	O0	-1	S	0.5	0.5	1	0	0
1	178	I1	8	H	381	E0	4	S	102.0	-102.0	0	0	0
1	18	D1	11	H	0	O0	-1	S	0.5	0.5	1	0	1
1	18	D1	9	H	0	O0	-1	S	0.5	0.5	1	0	0
1	236	F1	9	H	132	I1	9	S	52.0	52.0	0	0	0
1	514	K1	8	C	0	O0	-1	S	0.5	0.5	1	0	1
1	514	K1	1	C	0	O0	-1	S	0.5	0.5	1	0	0
1	339	G0	6	C	441	K0	8	S	51.0	-51.0	0	0	0
1	8	R1	6	E	0	O0	-1	S	0.5	0.5	1	0	1
1	8	R1	7	E	0	O0	-1	S	0.5	0.5	1	0	0
1	390	L1	7	E	280	K1	10	S	55.0	55.0	0	0	0
1	146	P1	5	C	0	O0	-1	S	0.5	0.5	1	0	1
1	146	P1	1	C	0	O0	-1	S	0.5	0.5	1	0	0
1	8	R1	1	C	417	L0	12	S	205.0	-205.0	0	0	0
1	405	G0	9	H	407	V0	3	H	1.0	-1.0	0	1	1
1	405	G0	8	H	407	V0	10	H	1.0	-1.0	0	1	0
1	332	K1	8	E	336	D1	4	C	2.0	-2.0	0	0	1
1	332	K1	12	E	336	D1	2	C	2.0	-2.0	0	0	0
1	363	F0	1	E	166	E1	10	C	99.0	99.0	0	0	0
1	544	P1	12	C	0	O0	-1	S	0.5	0.5	1	0	1
1	544	P1	7	C	0	O0	-1	S	0.5	0.5	1	0	0
1	149	V0	5	C	412	T1	3	S	131.0	-131.0	0	0	0
1	0	O0	-1	S	330	H1	10	E	0.5	0.5	1	0	1
1	0	O0	-1	S	330	H1	6	E	0.5	0.5	1	0	0
1	208	L1	10	S	180	L1	10	E	14.0	14.0	0	0	0
1	338	F1	4	C	0	O0	-1	S	0.5	0.5	1	0	1
1	338	F1	1	C	0	O0	-1	S	0.5	0.5	1	0	0
1	194	G1	4	C	104	R1	10	S	45.0	45.0	0	0	0
1	304	P1	11	C	0	O0	-1	S	0.5	0.5	1	0	1
1	304	P1	3	C	0	O0	-1	S	0.5	0.5	1	0	0
1	479	F0	4	C	517	P0	7	S	19.0	-19.0	0	0	0
1	137	E0	12	H	138	E1	1	H	0.0	0.0	0	1	1
1	137	E0	2	H	138	E1	2	H	0.0	0.0	0	1	0
1	0	O0	-1	S	337	F0	6	C	0.5	0.5	1	0	1
1	0	O0	-1	S	337	F0	1	C	0.5	0.5	1	0	0
1	49	V0	1	S	330	H1	4	C	140.0	-140.0	0	0	0
1	436	G1	10	C	446	E1	9	H	5.0	-5.0	0	0	1
1	436	G1	3	C	446	E1	2	H	5.0	-5.0	0	0	0
1	446	E1	2	C	189	V0	11	H	128.0	128.0	0	0	0
1	474	D1	4	H	0	O0	-1	S	0.5	0.5	1	0	1
1	474	D1	1	H	0	O0	-1	S	0.5	0.5	1	0	0
1	92	R1	5	H	278	L1	10	S	93.0	-93.0	0	0	0
1	440	T1	5	C	0	O0	-1	S	0.5	0.5	1	0	1
1	440	T1	2	C	0	O0	-1	S	0.5	0.5	1	0	0
1	200	L1	10	C	532	Q1	3	S	166.0	-166.0	0	0	0
1	382	E1	11	C	0	O0	-1	S	0.5	0.5	1	0	1
1	382	E1	12	C	0	O0	-1	S	0.5	0.5	1	0	0
1	243	I0	11	C	545	W0	2	S	151.0	-151.0	0	0	0
1	528	T1	4	C	0	O0	-1	S	0.5	0.5	1	0	1
1	528	T1	6	C	0	O0	-1	S	0.5	0.5	1	0	0
1	178	I1	11	C	29	G0	5	S	74.0	74.0	0	0	0
1	134	L1	6	H	152	I1	8	C	9.0	-9.0	0	0	1
1	134	L1	12	H	152	I1	12	C	9.0	-9.0	0	0	0
1	195	G0	6	H	151	I0	11	C	22.0	22.0	0	0	0
1	167	N0	9	C	169	K0	3	C	1.0	-1.0	0	1	1
1	167	N0	10	C	169	K0	7	C	1.0	-1.0	0	1	0
1	532	Q1	11	H	0	O0	-1	S	0.5	0.5	1	0	1
1	532	Q1	3	H	0	O0	-1	S	0.5	0.5	1	0	0
1	408	V1	2	H	507	L0	5	S	50.0	-50.0	0	0	0
1	144	H1	5	C	0	O0	-1	S	0.5	0.5	1	0	1
1	144	H1	3	C	0	O0	-1	S	0.5	0.5	1	0	0
1	434	L1	3	C	87	K0	1	S	173.0	173.0	0	0	0
1	201	F0	5	H	282	P1	10	H	40.0	-40.0	0	0	1
1	201	F0	11	H	282	P1	1	H	40.0	-40.0	0	0	0
1	505	R0	1	H	166	E1	12	H	170.0	170.0	0	0	0
1	71	L0	6	C	0	O0	-1	S	0.5	0.5	1	0	1
1	71	L0	1	C	0	O0	-1	S	0.5	0.5	1	0	0
1	217	S0	2	C	506	R1	9	S	144.0	-144.0	0	0	0
1	489	A0	9	H	491	L0	3	H	1.0	-1.0	0	1	1
1	489	A0	10	H	491	L0	5	H	1.0	-1.0	0	1	0
1	302	V1	5	C	0	O0	-1	S	0.5	0.5	1	0	1
1	302	V1	12	C	0	O0	-1	S	0.5	0.5	1	0	0
1	240	K1	2	C	509	L0	2	S	135.0	-135.0	0	0	0
1	256	Y1	8	H	140	I1	6	C	58.0	58.0	0	0	1
1	256	Y1	6	H	140	I1	2	C	58.0	58.0	0	0	0
1	198	E1	2	H	457	S0	9	C	130.0	-130.0	0	0	0
1	19	D0	6	H	0	O0	-1	S	0.5	0.5	1	0	1
1	19	D0	1	H	0	O0	-1	S	0.5	0.5	1	0	0
1	35	L0	12	H	210	A1	8	S	87.0	-87.0	0	0	0
1	521	K0	7	H	515	D0	8	C	3.0	3.0	0	0	1
1	521	K0	1	H	515	D0	11	C	3.0	3.0	0	0	0
1	76	Y1	1	H	261	S0	9	C	93.0	-93.0	0	0	0
1	113	R0	6	H	120	I1	7	H	3.0	-3.0	0	0	1
1	113	R0	5	H	120	I1	6	H	3.0	-3.0	0	0	0
1	340	G1	7	H	148	N1	9	H	96.0	96.0	0	0	0
1	512	V1	9	C	515	D0	7	C	2.0	-2.0	0	0	1
1	512	V1	2	C	515	D0	10	C	2.0	-2.0	0	0	0
1	483	N0	5	C	274	F1	7	C	105.0	105.0	0	0	0
1	272	H1	8	C	277	L0	4	C	3.0	-3.0	0	0	1
1	272	H1	12	C	277	L0	5	C	3.0	-3.0	0	0	0
1	5	F0	10	C	526	M1	8	C	260.0	-260.0	0	0	0
1	544	P1	10	C	0	O0	-1	S	0.5	0.5	1	0	1
1	544	P1	6	C	0	O0	-1	S	0.5	0.5	1	0	0
1	395	D0	7	C	37	G0	8	S	179.0	179.0	0	0	0
1	0	O0	-1	S	513	K0	8	C	0.5	0.5	1	0	1
1	0	O0	-1	S	513	K0	12	C	0.5	0.5	1	0	0
1	397	M0	4	S	48	A1	2	C	175.0	175.0	0	0	0
1	372	E1	1	H	371	E0	12	H	0.0	0.0	0	1	1
1	372	E1	9	H	371	E0	7	H	0.0	0.0	0	1	0
1	104	R1	4	C	0	O0	-1	S	0.5	0.5	1	0	1
1	104	R1	10	C	0	O0	-1	S	0.5	0.5	1	0	0
1	85	I0	5	C	3	V0	10	S	41.0	41.0	0	0	0
1	323	G0	7	C	320	D1	9	C	2.0	2.0	0	0	1
1	323	G0	4	C	320	D1	11	C	2.0	2.0	0	0	0
1	456	V1	6	C	14	N1	1	C	221.0	221.0	0	0	0
1	0	O0	-1	S	346	F1	7	C	0.5	0.5	1	0	1
1	0	O0	-1	S	346	F1	1	C	0.5	0.5	1	0	0
1	279	K0	10	S	380	Y1	6	C	50.0	-50.0	0	0	0
1	26	D1	11	E	0	O0	-1	S	0.5	0.5	1	0	1
1	26	D1	1	E	0	O0	-1	S	0.5	0.5	1	0	0
1	55	K0	10	E	141	Q0	4	S	43.0	-43.0	0	0	0
1	200	L1	7	H	288	I1	8	E	44.0	-44.0	0	0	1
1	200	L1	6	H	288	I1	6	E	44.0	-44.0	0	0	0
1	207	L0	2	H	358	T1	12	E	75.0	-75.0	0	0	0
1	249	G0	12	H	250	G1	1	H	0.0	0.0	0	1	1
1	249	G0	5	H	250	G1	2	H	0.0	0.0	0	1	0
1	242	Q1	11	H	310	R1	9	C	34.0	-34.0	0	0	1
1	242	Q1	2	H	310	R1	2	C	34.0	-34.0	0	0	0
1	271	H0	5	H	421	S0	8	C	75.0	-75.0	0	0	0
1	142	Q1	6	C	0	O0	-1	S	0.5	0.5	1	0	1
1	142	Q1	7	C	0	O0	-1	S	0.5	0.5	1	0	0
1	491	L0	5	C	296	D1	10	S	98.0	98.0	0	0	0
1	496	K1	8	H	0	O0	-1	S	0.5	0.5	1	0	1
1	496	K1	2	H	0	O0	-1	S	0.5	0.5	1	0	0
1	4	V1	5	H	253	Y0	2	S	125.0	-125.0	0	0	0
1	207	L0	11	H	208	L1	2	H	0.0	0.0	0	1	1
1	207	L0	2	H	208	L1	10	H	0.0	0.0	0	1	0
1	263	L0	5	C	0	O0	-1	S	0.5	0.5	1	0	1
1	263	L0	12	C	0	O0	-1	S	0.5	0.5	1	0	0
1	289	M0	6	C	479	F0	5	S	95.0	-95.0	0	0	0
1	300	N1	7	C	0	O0	-1	S	0.5	0.5	1	0	1
1	300	N1	5	C	0	O0	-1	S	0.5	0.5	1	0	0
1	227	E0	11	C	90	K1	2	S	69.0	69.0	0	0	0
1	0	O0	-1	S	76	Y1	5	E	0.5	0.5	1	0	1
1	0	O0	-1	S	76	Y1	12	E	0.5	0.5	1	0	0
1	13	N0	7	S	386	L1	7	E	186.0	-186.0	0	0	0
1	219	L0	1	C	0	O0	-1	S	0.5	0.5	1	0	1
1	219	L0	5	C	0	O0	-1	S	0.5	0.5	1	0	0
1	430	P1	4	C	351	I0	10	S	39.0	39.0	0	0	0
1	200	L1	9	H	208	L1	4	H	4.0	-4.0	0	0	1
1	200	L1	10	H	208	L1	10	H	4.0	-4.0	0	0	0
1	118	D1	3	H	324	G1	9	H	103.0	-103.0	0	0	0
1	255	Y0	10	H	256	Y1	3	H	0.0	0.0	0	1	1
1	255	Y0	6	H	256	Y1	6	H	0.0	0.0	0	1	0
1	0	O0	-1	S	207	L0	8	H	0.5	0.5	1	0	1
1	0	O0	-1	S	207	L0	6	H	0.5	0.5	1	0	0
1	426	A1	2	S	270	A1	11	H	78.0	78.0	0	0	0
1	350	N1	12	C	0	O0	-1	S	0.5	0.5	1	0	1
1	350	N1	4	C	0	O0	-1	S	0.5	0.5	1	0	0
1	143	H0	12	C	328	A1	3	S	92.0	-92.0	0	0	0
1	392	E1	5	H	0	O0	-1	S	0.5	0.5	1	0	1
1	392	E1	12	H	0	O0	-1	S	0.5	0.5	1	0	0
1	332	K1	1	H	3	V0	6	S	164.0	164.0	0	0	0
1	74	Q1	12	E	0	O0	-1	S	0.5	0.5	1	0	1
1	74	Q1	8	E	0	O0	-1	S	0.5	0.5	1	0	0
1	383	P0	2	E	268	I1	2	S	58.0	58.0	0	0	0
1	145	P0	9	C	147	N0	3	C	1.0	-1.0	0	1	1
1	145	P0	12	C	147	N0	4	C	1.0	-1.0	0	1	0
1	213	K0	5	C	0	O0	-1	S	0.5	0.5	1	0	1
1	213	K0	12	C	0	O0	-1	S	0.5	0.5	1	0	0
1	432	F1	3	C	318	I1	12	S	57.0	57.0	0	0	0
1	398	M1	1	H	404	I1	7	H	3.0	-3.0	0	0	1
1	398	M1	4	H	404	I1	2	H	3.0	-3.0	0	0	0
1	53	K0	12	H	6	F1	1	H	24.0	24.0	0	0	0
1	382	E1	10	C	0	O0	-1	S	0.5	0.5	1	0	1
1	382	E1	9	C	0	O0	-1	S	0.5	0.5	1	0	0
1	128	V1	8	C	347	K0	12	S	110.0	-110.0	0	0	0
1	93	R0	1	C	0	O0	-1	S	0.5	0.5	1	0	1
1	93	R0	5	C	0	O0	-1	S	0.5	0.5	1	0	0
1	362	E1	6	C	410	I1	10	S	24.0	-24.0	0	0	0
1	64	K1	10	C	0	O0	-1	S	0.5	0.5	1	0	1
1	64	K1	4	C	0	O0	-1	S	0.5	0.5	1	0	0
1	443	Q0	2	C	486	T1	3	S	21.0	-21.0	0	0	0
1	124	R1	9	H	327	A0	2	C	102.0	-102.0	0	0	1
1	124	R1	8	H	327	A0	10	C	102.0	-102.0	0	0	0
1	495	K0	4	H	68	T1	8	C	214.0	214.0	0	0	0
1	234	E1	5	H	0	O0	-1	S	0.5	0.5	1	0	1
1	234	E1	11	H	0	O0	-1	S	0.5	0.5	1	0	0
1	476	E1	2	H	456	V1	6	S	10.0	10.0	0	0	0
1	419	L0	8	H	421	S0	3	H	1.0	-1.0	0	1	1
1	419	L0	5	H	421	S0	8	H	1.0	-1.0	0	1	0
1	110	V1	5	E	0	O0	-1	S	0.5	0.5	1	0	1
1	110	V1	10	E	0	O0	-1	S	0.5	0.5	1	0	0
1	173	D0	11	E	550	K1	3	S	188.0	-188.0	0	0	0
1	258	L1	12	H	272	H1	4	C	7.0	-7.0	0	0	1
1	401	S0	8	H	124	R1	2	C	139.0	139.0	0	0	0
1	62	E1	10	E	0	O0	-1	S	0.5	0.5	1	0	1
1	62	E1	3	E	0	O0	-1	S	0.5	0.5	1	0	0
1	390	L1	9	E	251	V0	2	S	69.0	69.0	0	0	0
1	362	E1	8	C	364	F1	3	C	1.0	-1.0	0	0	1
1	362	E1	9	C	364	F1	8	C	1.0	-1.0	0	0	0
1	33	E0	1	C	28	T1	2	C	3.0	3.0	0	0	0
1	552	P1	8	C	0	O0	-1	S	0.5	0.5	1	0	1
1	552	P1	1	C	0	O0	-1	S	0.5	0.5	1	0	0
1	240	K1	2	C	411	T0	4	S	86.0	-86.0	0	0	0
1	528	T1	12	C	0	O0	-1	S	0.5	0.5	1	0	1
1	528	T1	3	C	0	O0	-1	S	0.5	0.5	1	0	0
1	374	I1	11	C	552	P1	1	S	89.0	-89.0	0	0	0
1	450	L1	12	H	0	O0	-1	S	0.5	0.5	1	0	1
1	450	L1	1	H	0	O0	-1	S	0.5	0.5	1	0	0
1	11	E0	11	H	414	Y1	1	S	201.0	-201.0	0	0	0
1	243	I0	8	H	245	L0	3	H	1.0	-1.0	0	1	1
1	243	I0	5	H	245	L0	12	H	1.0	-1.0	0	1	0
1	0	O0	-1	S	474	D1	10	H	0.5	0.5	1	0	1
1	0	O0	-1	S	474	D1	6	H	0.5	0.5	1	0	0
1	472	E1	7	S	505	R0	12	H	17.0	-17.0	0	0	0
1	72	L1	11	C	0	O0	-1	S	0.5	0.5	1	0	1
1	72	L1	1	C	0	O0	-1	S	0.5	0.5	1	0	0
1	227	E0	11	C	94	R1	9	S	67.0	67.0	0	0	0
1	0	O0	-1	S	145	P0	5	C	0.5	0.5	1	0	1
1	0	O0	-1	S	145	P0	7	C	0.5	0.5	1	0	0
1	4	V1	5	S	446	E1	2	C	221.0	-221.0	0	0	0
1	93	R0	12	C	94	R1	1	C	0.0	0.0	0	1	1
1	93	R0	5	C	94	R1	5	C	0.0	0.0	0	1	0
1	299	N0	2	C	302	V1	3	C	1.0	-1.0	0	0	1
1	299	N0	4	C	302	V1	7	C	1.0	-1.0	0	0	0
1	119	I0	6	C	73	Q0	10	C	23.0	23.0	0	0	0
1	482	S1	6	C	0	O0	-1	S	0.5	0.5	1	0	1
1	482	S1	7	C	0	O0	-1	S	0.5	0.5	1	0	0
1	456	V1	2	C	220	L1	3	S	118.0	118.0	0	0	0
1	363	F0	7	C	357	T0	8	C	3.0	3.0	0	0	1
1	363	F0	2	C	357	T0	11	C	3.0	3.0	0	0	0
1	191	A0	6	C	475	E0	8	C	142.0	-142.0	0	0	0
1	192	A1	12	C	0	O0	-1	S	0.5	0.5	1	0	1
1	192	A1	11	C	0	O0	-1	S	0.5	0.5	1	0	0
1	239	K0	4	C	150	V1	12	S	45.0	45.0	0	0	0
1	340	G1	4	C	0	O0	-1	S	0.5	0.5	1	0	1
1	340	G1	7	C	0	O0	-1	S	0.5	0.5	1	0	0
1	324	G1	7	C	513	K0	2	S	95.0	-95.0	0	0	0
1	238	L1	6	H	404	I1	10	H	83.0	-83.0	0	0	1
1	238	L1	10	H	404	I1	5	H	83.0	-83.0	0	0	0
1	139	I0	4	H	151	I0	1	H	6.0	-6.0	0	0	0
1	88	K1	11	E	0	O0	-1	S	0.5	0.5	1	0	1
1	88	K1	5	E	0	O0	-1	S	0.5	0.5	1	0	0
1	299	N0	4	E	409	I0	2	S	55.0	-55.0	0	0	0
1	0	O0	-1	S	189	V0	6	C	0.5	0.5	1	0	1
1	0	O0	-1	S	189	V0	5	C	0.5	0.5	1	0	0
1	442	K1	9	S	225	E0	7	C	108.0	108.0	0	0	0
1	410	I1	12	H	244	I1	12	H	83.0	83.0	0	0	1
1	410	I1	10	H	244	I1	6	H	83.0	83.0	0	0	0
1	63	K0	9	H	15	V0	11	H	24.0	24.0	0	0	0
1	258	L1	11	H	322	F1	11	C	32.0	-32.0	0	0	1
1	109	V0	4	H	48	A1	10	C	31.0	31.0	0	0	0
1	400	W1	2	H	399	W0	11	H	0.0	0.0	0	1	1
1	400	W1	8	H	399	W0	12	H	0.0	0.0	0	1	0
1	238	L1	11	H	412	T1	5	H	87.0	-87.0	0	0	1
1	238	L1	5	H	412	T1	11	H	87.0	-87.0	0	0	0
1	425	A0	1	H	448	T1	4	H	11.0	-11.0	0	0	0
1	133	L0	11	H	134	L1	2	H	0.0	0.0	0	1	1
1	133	L0	12	H	134	L1	9	H	0.0	0.0	0	1	0
1	357	T0	12	C	358	T1	1	C	0.0	0.0	0	1	1
1	357	T0	1	C	358	T1	9	C	0.0	0.0	0	1	0
1	0	O0	-1	S	225	E0	4	H	0.5	0.5	1	0	1
1	0	O0	-1	S	225	E0	8	H	0.5	0.5	1	0	0
1	120	I1	9	S	465	Y0	10	H	173.0	-173.0	0	0	0
1	68	T1	10	C	72	L1	7	C	2.0	-2.0	0	0	1
1	68	T1	12	C	72	L1	9	C	2.0	-2.0	0	0	0
1	133	L0	8	C	343	E0	4	C	105.0	-105.0	0	0	0
1	85	I0	7	E	175	V0	7	E	45.0	-45.0	0	0	1
1	85	I0	8	E	175	V0	1	E	45.0	-45.0	0	0	0
1	57	C0	10	E	364	F1	10	E	153.0	-153.0	0	0	0
1	147	N0	6	C	313	K0	5	E	83.0	-83.0	0	0	1
1	147	N0	4	C	313	K0	12	E	83.0	-83.0	0	0	0
1	10	Q1	2	C	455	V0	2	E	223.0	-223.0	0	0	0
1	214	K1	5	C	0	O0	-1	S	0.5	0.5	1	0	1
1	214	K1	1	C	0	O0	-1	S	0.5	0.5	1	0	0
1	472	E1	3	C	151	I0	11	S	160.0	160.0	0	0	0
1	519	K0	9	H	521	K0	3	H	1.0	-1.0	0	1	1
1	519	K0	5	H	521	K0	1	H	1.0	-1.0	0	1	0
1	495	K0	10	H	504	R1	3	H	4.0	-4.0	0	0	1
1	495	K0	4	H	504	R1	4	H	4.0	-4.0	0	0	0
1	124	R1	8	H	440	T1	2	H	158.0	-158.0	0	0	0
1	126	E1	5	H	323	G0	5	C	99.0	-99.0	0	0	1
1	126	E1	2	H	323	G0	4	C	99.0	-99.0	0	0	0
1	234	E1	9	H	345	F0	2	C	56.0	-56.0	0	0	0
1	0	O0	-1	S	195	G0	4	C	0.5	0.5	1	0	1
1	0	O0	-1	S	195	G0	6	C	0.5	0.5	1	0	0
1	535	S0	2	S	8	R1	1	C	264.0	264.0	0	0	0
1	132	I1	1	H	131	I0	12	H	0.0	0.0	0	1	1
1	132	I1	10	H	131	I0	2	H	0.0	0.0	0	1	0
1	231	T0	9	H	233	E0	3	H	1.0	-1.0	0	1	1
1	231	T0	8	H	233	E0	8	H	1.0	-1.0	0	1	0
1	129	S0	8	H	131	I0	3	H	1.0	-1.0	0	1	1
1	129	S0	4	H	131	I0	10	H	1.0	-1.0	0	1	0
1	357	T0	2	C	366	V1	4	C	4.0	-4.0	0	0	1
1	357	T0	6	C	366	V1	3	C	4.0	-4.0	0	0	0
1	48	A1	9	C	468	E1	3	C	210.0	-210.0	0	0	0
1	342	N1	8	C	0	O0	-1	S	0.5	0.5	1	0	1
1	342	N1	2	C	0	O0	-1	S	0.5	0.5	1	0	0
1	55	K0	10	C	130	S1	8	S	37.0	-37.0	0	0	0
1	318	I1	8	C	285	N0	6	H	16.0	16.0	0	0	1
1	318	I1	12	C	285	N0	1	H	16.0	16.0	0	0	0
1	261	S0	4	C	109	V0	5	H	76.0	76.0	0	0	0
1	0	O0	-1	S	137	E0	6	H	0.5	0.5	1	0	1
1	0	O0	-1	S	137	E0	2	H	0.5	0.5	1	0	0
1	442	K1	2	S	99	S0	4	H	171.0	171.0	0	0	0
1	60	R1	8	E	0	O0	-1	S	0.5	0.5	1	0	1
1	60	R1	3	E	0	O0	-1	S	0.5	0.5	1	0	0
1	150	V1	6	E	333	I0	10	S	92.0	-92.0	0	0	0
1	56	K1	11	E	192	A1	6	C	68.0	-68.0	0	0	1
1	56	K1	6	E	192	A1	9	C	68.0	-68.0	0	0	0
1	263	L0	12	E	184	L1	12	C	40.0	40.0	0	0	0
1	0	O0	-1	S	30	G1	11	E	0.5	0.5	1	0	1
1	0	O0	-1	S	30	G1	9	E	0.5	0.5	1	0	0
1	495	K0	4	S	247	N0	12	E	124.0	124.0	0	0	0
1	223	E0	6	H	230	A1	7	H	3.0	-3.0	0	0	1
1	223	E0	12	H	230	A1	9	H	3.0	-3.0	0	0	0
1	371	E0	4	H	50	V1	2	H	161.0	161.0	0	0	0
1	485	T0	9	C	487	S0	3	C	1.0	-1.0	0	1	1
1	485	T0	5	C	487	S0	1	C	1.0	-1.0	0	1	0
1	91	R0	11	C	92	R1	2	C	0.0	0.0	0	1	1
1	91	R0	6	C	92	R1	5	C	0.0	0.0	0	1	0
1	104	R1	8	C	0	O0	-1	S	0.5	0.5	1	0	1
1	104	R1	2	C	0	O0	-1	S	0.5	0.5	1	0	0
1	279	K0	11	C	390	L1	11	S	55.0	-55.0	0	0	0
1	0	O0	-1	S	441	K0	4	H	0.5	0.5	1	0	1
1	0	O0	-1	S	441	K0	5	H	0.5	0.5	1	0	0
1	327	A0	1	S	227	E0	10	H	50.0	50.0	0	0	0
1	138	E1	12	H	332	K1	4	E	97.0	-97.0	0	0	1
1	138	E1	2	H	332	K1	12	E	97.0	-97.0	0	0	0
1	253	Y0	6	H	492	L1	6	E	119.0	-119.0	0	0	0
1	244	I1	10	H	404	I1	6	H	80.0	-80.0	0	0	1
1	244	I1	6	H	404	I1	2	H	80.0	-80.0	0	0	0
1	18	D1	9	H	292	L1	3	H	137.0	-137.0	0	0	0
1	528	T1	9	C	529	I0	2	H	1.0	-1.0	0	0	1
1	528	T1	3	C	529	I0	8	H	1.0	-1.0	0	0	0
1	272	H1	12	C	353	F0	1	H	41.0	-41.0	0	0	0
1	426	A1	6	C	0	O0	-1	S	0.5	0.5	1	0	1
1	426	A1	10	C	0	O0	-1	S	0.5	0.5	1	0	0
1	2	T1	2	C	162	V1	12	S	80.0	-80.0	0	0	0
1	148	N1	12	C	248	N1	8	H	50.0	-50.0	0	0	1
1	148	N1	1	C	248	N1	1	H	50.0	-50.0	0	0	0
1	290	M1	12	C	82	K1	2	H	104.0	104.0	0	0	0
1	291	L0	6	E	309	R0	2	C	9.0	-9.0	0	0	1
1	291	L0	11	E	309	R0	1	C	9.0	-9.0	0	0	0
1	473	D0	12	E	65	S0	2	C	204.0	204.0	0	0	0
1	45	F0	7	C	0	O0	-1	S	0.5	0.5	1	0	1
1	45	F0	11	C	0	O0	-1	S	0.5	0.5	1	0	0
1	372	E1	9	C	500	F1	1	S	64.0	-64.0	0	0	0
1	0	O0	-1	S	62	E1	12	E	0.5	0.5	1	0	1
1	0	O0	-1	S	62	E1	3	E	0.5	0.5	1	0	0
1	527	T0	10	S	34	E1	2	E	247.0	247.0	0	0	0
1	0	O0	-1	S	35	L0	6	E	0.5	0.5	1	0	1
1	0	O0	-1	S	35	L0	12	E	0.5	0.5	1	0	0
1	351	I0	5	S	291	L0	1	E	30.0	30.0	0	0	0
1	107	G0	12	C	108	G1	1	C	0.0	0.0	0	1	1
1	107	G0	2	C	108	G1	8	C	0.0	0.0	0	1	0
1	267	I0	5	E	331	K0	5	E	32.0	-32.0	0	0	1
1	267	I0	11	E	331	K0	1	E	32.0	-32.0	0	0	0
1	252	V1	7	E	111	S0	7	E	70.0	70.0	0	0	0
1	313	K0	10	E	317	I0	4	C	2.0	-2.0	0	0	1
1	313	K0	12	E	317	I0	5	C	2.0	-2.0	0	0	0
1	510	L1	9	E	391	E0	8	C	59.0	59.0	0	0	0
1	205	F0	8	H	207	L0	3	H	1.0	-1.0	0	1	1
1	205	F0	7	H	207	L0	6	H	1.0	-1.0	0	1	0
1	221	T0	12	C	222	T1	1	C	0.0	0.0	0	1	1
1	221	T0	10	C	222	T1	10	C	0.0	0.0	0	1	0
1	24	Y1	7	E	164	Y1	4	E	70.0	-70.0	0	0	1
1	24	Y1	1	E	164	Y1	1	E	70.0	-70.0	0	0	0
1	143	H0	12	E	6	F1	5	E	69.0	69.0	0	0	0
1	472	E1	12	C	0	O0	-1	S	0.5	0.5	1	0	1
1	472	E1	7	C	0	O0	-1	S	0.5	0.5	1	0	0
1	5	F0	5	C	154	T1	4	S	74.0	-74.0	0	0	0
1	404	I1	3	H	278	L1	12	C	63.0	63.0	0	0	1
1	404	I1	5	H	278	L1	1	C	63.0	63.0	0	0	0
1	99	S0	1	H	247	N0	2	C	74.0	-74.0	0	0	0
1	47	A0	9	E	49	V0	3	E	1.0	-1.0	0	1	1
1	47	A0	4	E	49	V0	6	E	1.0	-1.0	0	1	0
1	390	L1	8	C	0	O0	-1	S	0.5	0.5	1	0	1
1	390	L1	11	C	0	O0	-1	S	0.5	0.5	1	0	0
1	359	P0	6	C	406	G1	7	S	23.0	-23.0	0	0	0
1	0	O0	-1	S	101	S0	1	C	0.5	0.5	1	0	1
1	0	O0	-1	S	101	S0	11	C	0.5	0.5	1	0	0
1	270	A1	3	S	426	A1	9	C	78.0	-78.0	0	0	0
1	185	E0	3	E	183	L0	9	E	1.0	1.0	0	1	1
1	185	E0	1	E	183	L0	2	E	1.0	1.0	0	1	0
1	241	Q0	1	H	248	N1	7	H	3.0	-3.0	0	0	1
1	241	Q0	5	H	248	N1	6	H	3.0	-3.0	0	0	0
1	451	A0	4	H	314	K1	11	H	69.0	69.0	0	0	0
1	208	L1	12	H	416	I1	10	H	104.0	-104.0	0	0	1
1	208	L1	10	H	416	I1	9	H	104.0	-104.0	0	0	0
1	365	V0	10	H	491	L0	12	H	63.0	-63.0	0	0	0
1	462	V1	8	C	0	O0	-1	S	0.5	0.5	1	0	1
1	462	V1	2	C	0	O0	-1	S	0.5	0.5	1	0	0
1	105	R0	2	C	8	R1	1	S	49.0	49.0	0	0	0
1	114	R1	6	H	166	E1	11	E	26.0	-26.0	0	0	1
1	114	R1	11	H	166	E1	10	E	26.0	-26.0	0	0	0
1	513	K0	6	H	519	K0	1	E	3.0	-3.0	0	0	0
1	0	O0	-1	S	446	E1	10	H	0.5	0.5	1	0	1
1	0	O0	-1	S	446	E1	3	H	0.5	0.5	1	0	0
1	436	G1	4	S	57	C0	7	H	189.0	189.0	0	0	0
1	540	Q1	12	H	0	O0	-1	S	0.5	0.5	1	0	1
1	540	Q1	1	H	0	O0	-1	S	0.5	0.5	1	0	0
1	168	N1	11	H	379	Y0	6	S	106.0	-106.0	0	0	0
1	342	N1	9	C	343	E0	1	E	1.0	-1.0	0	0	1
1	342	N1	2	C	343	E0	4	E	1.0	-1.0	0	0	0
1	515	D0	6	C	205	F0	2	E	155.0	155.0	0	0	0
1	261	S0	12	H	262	S1	1	H	0.0	0.0	0	1	1
1	261	S0	9	H	262	S1	9	H	0.0	0.0	0	1	0
1	293	L0	7	C	309	R0	8	C	8.0	-8.0	0	0	1
1	293	L0	1	C	309	R0	10	C	8.0	-8.0	0	0	0
1	439	T0	7	C	205	F0	12	C	117.0	117.0	0	0	0
1	451	A0	11	H	0	O0	-1	S	0.5	0.5	1	0	1
1	451	A0	5	H	0	O0	-1	S	0.5	0.5	1	0	0
1	223	E0	4	H	365	V0	11	S	71.0	-71.0	0	0	0
1	88	K1	6	E	171	T0	10	C	42.0	-42.0	0	0	1
1	88	K1	9	E	171	T0	7	C	42.0	-42.0	0	0	0
1	29	G0	2	E	28	T1	3	C	1.0	1.0	0	0	0
1	67	T0	5	C	0	O0	-1	S	0.5	0.5	1	0	1
1	67	T0	11	C	0	O0	-1	S	0.5	0.5	1	0	0
1	450	L1	8	C	182	I1	1	S	134.0	134.0	0	0	0
1	74	Q1	2	E	0	O0	-1	S	0.5	0.5	1	0	1
1	74	Q1	8	E	0	O0	-1	S	0.5	0.5	1	0	0
1	374	I1	11	E	248	N1	6	S	63.0	63.0	0	0	0
1	271	H0	8	C	273	F0	3	C	1.0	-1.0	0	1	1
1	271	H0	2	C	273	F0	2	C	1.0	-1.0	0	1	0
1	221	T0	8	C	227	E0	7	H	3.0	-3.0	0	0	1
1	221	T0	10	C	227	E0	6	H	3.0	-3.0	0	0	0
1	423	G0	4	C	399	W0	12	H	12.0	12.0	0	0	0
1	360	P1	7	C	0	O0	-1	S	0.5	0.5	1	0	1
1	360	P1	1	C	0	O0	-1	S	0.5	0.5	1	0	0
1	216	E1	11	C	346	F1	1	S	65.0	-65.0	0	0	0
1	357	T0	5	C	0	O0	-1	S	0.5	0.5	1	0	1
1	357	T0	7	C	0	O0	-1	S	0.5	0.5	1	0	0
1	439	T0	10	C	386	L1	4	S	27.0	27.0	0	0	0
1	400	W1	4	H	513	K0	5	C	57.0	-57.0	0	0	1
1	400	W1	8	H	513	K0	12	C	57.0	-57.0	0	0	0
1	399	W0	2	H	411	T0	6	C	6.0	-6.0	0	0	0
1	56	K1	8	E	0	O0	-1	S	0.5	0.5	1	0	1
1	56	K1	9	E	0	O0	-1	S	0.5	0.5	1	0	0
1	162	V1	8	E	491	L0	5	S	165.0	-165.0	0	0	0
1	452	A1	10	H	0	O0	-1	S	0.5	0.5	1	0	1
1	452	A1	5	H	0	O0	-1	S	0.5	0.5	1	0	0
1	42	G1	3	H	354	F1	11	S	156.0	-156.0	0	0	0
1	477	Y0	11	H	478	Y1	2	H	0.0	0.0	0	1	1
1	477	Y0	5	H	478	Y1	8	H	0.0	0.0	0	1	0
1	186	E1	6	E	0	O0	-1	S	0.5	0.5	1	0	1
1	186	E1	2	E	0	O0	-1	S	0.5	0.5	1	0	0
1	82	K1	4	E	242	Q1	3	S	80.0	-80.0	0	0	0
1	459	A0	12	C	460	A1	1	C	0.0	0.0	0	1	1
1	459	A0	5	C	460	A1	2	C	0.0	0.0	0	1	0
1	80	A1	5	E	182	I1	5	E	51.0	-51.0	0	0	1
1	80	A1	3	E	182	I1	12	E	51.0	-51.0	0	0	0
1	94	R1	5	E	61	E0	6	E	16.0	16.0	0	0	0
1	430	P1	10	C	432	F1	2	C	1.0	-1.0	0	0	1
1	430	P1	8	C	432	F1	1	C	1.0	-1.0	0	0	0
1	519	K0	1	C	407	V0	10	C	56.0	56.0	0	0	0
1	400	W1	6	H	510	L1	6	C	55.0	-55.0	0	0	1
1	400	W1	8	H	510	L1	9	C	55.0	-55.0	0	0	0
1	115	E0	5	H	534	D1	3	C	209.0	-209.0	0	0	0
1	0	O0	-1	S	511	V0	11	C	0.5	0.5	1	0	1
1	0	O0	-1	S	511	V0	1	C	0.5	0.5	1	0	0
1	165	E0	10	S	16	V1	3	C	75.0	75.0	0	0	0
1	167	N0	12	C	168	N1	1	C	0.0	0.0	0	1	1
1	167	N0	4	C	168	N1	2	C	0.0	0.0	0	1	0
1	426	A1	4	C	478	Y1	12	H	26.0	-26.0	0	0	1
1	426	A1	10	C	478	Y1	1	H	26.0	-26.0	0	0	0
1	286	N1	9	C	299	N0	11	H	7.0	-7.0	0	0	0
1	378	N1	6	C	0	O0	-1	S	0.5	0.5	1	0	1
1	378	N1	1	C	0	O0	-1	S	0.5	0.5	1	0	0
1	518	P1	5	C	413	Y0	10	S	52.0	52.0	0	0	0
1	5	F0	4	C	6	F1	9	C	0.0	0.0	0	1	1
1	5	F0	12	C	6	F1	5	C	0.0	0.0	0	1	0
1	110	V1	8	E	120	I1	3	H	5.0	-5.0	0	0	1
1	110	V1	10	E	120	I1	11	H	5.0	-5.0	0	0	0
1	417	L0	5	E	57	C0	5	H	180.0	180.0	0	0	0
1	322	F1	10	C	132	I1	8	H	95.0	95.0	0	0	1
1	322	F1	6	C	132	I1	4	H	95.0	95.0	0	0	0
1	41	G0	10	C	341	N0	8	H	150.0	-150.0	0	0	0
1	36	L1	8	E	52	V1	9	E	8.0	-8.0	0	0	1
1	36	L1	10	E	52	V1	2	E	8.0	-8.0	0	0	0
1	406	G1	8	E	314	K1	7	E	46.0	46.0	0	0	0
1	21	Y0	4	C	22	Y1	9	C	0.0	0.0	0	1	1
1	21	Y0	6	C	22	Y1	1	C	0.0	0.0	0	1	0
1	0	O0	-1	S	433	L0	8	C	0.5	0.5	1	0	1
1	0	O0	-1	S	433	L0	12	C	0.5	0.5	1	0	0
1	55	K0	10	S	88	K1	5	C	16.0	-16.0	0	0	0
1	197	E0	12	E	198	E1	1	E	0.0	0.0	0	1	1
1	197	E0	4	E	198	E1	7	E	0.0	0.0	0	1	0
1	203	D0	6	H	210	A1	7	H	3.0	-3.0	0	0	1
1	203	D0	5	H	210	A1	12	H	3.0	-3.0	0	0	0
1	497	D0	2	H	72	L1	1	H	213.0	213.0	0	0	0
1	329	H0	11	E	330	H1	2	E	0.0	0.0	0	1	1
1	329	H0	12	E	330	H1	3	E	0.0	0.0	0	1	0
1	115	E0	9	H	123	R0	4	H	4.0	-4.0	0	0	1
1	115	E0	5	H	123	R0	2	H	4.0	-4.0	0	0	0
1	100	S1	3	H	46	F1	5	H	27.0	27.0	0	0	0
1	0	O0	-1	S	461	V0	8	C	0.5	0.5	1	0	1
1	0	O0	-1	S	461	V0	7	C	0.5	0.5	1	0	0
1	264	L1	12	S	282	P1	4	C	9.0	-9.0	0	0	0
1	33	E0	5	E	54	K1	1	E	10.0	-10.0	0	0	1
1	18	D1	8	E	452	A1	3	E	217.0	-217.0	0	0	0
1	92	R1	9	C	95	T0	2	C	2.0	-2.0	0	0	1
1	92	R1	4	C	95	T0	10	C	2.0	-2.0	0	0	0
1	350	N1	1	C	497	D0	11	C	74.0	-74.0	0	0	0
1	69	G0	10	C	0	O0	-1	S	0.5	0.5	1	0	1
1	69	G0	8	C	0	O0	-1	S	0.5	0.5	1	0	0
1	529	I0	4	C	66	S1	4	S	232.0	232.0	0	0	0
1	414	Y1	12	H	429	P0	11	C	8.0	-8.0	0	0	1
1	414	Y1	5	H	429	P0	1	C	8.0	-8.0	0	0	0
1	79	A0	10	H	294	L1	4	C	107.0	-107.0	0	0	0
1	41	G0	6	E	0	O0	-1	S	0.5	0.5	1	0	1
1	41	G0	10	E	0	O0	-1	S	0.5	0.5	1	0	0
1	102	S1	7	E	446	E1	2	S	172.0	-172.0	0	0	0
1	488	S1	4	C	0	O0	-1	S	0.5	0.5	1	0	1
1	488	S1	12	C	0	O0	-1	S	0.5	0.5	1	0	0
1	298	R1	5	C	279	K0	4	S	9.0	9.0	0	0	0
1	0	O0	-1	S	260	H1	9	H	0.5	0.5	1	0	1
1	0	O0	-1	S	260	H1	11	H	0.5	0.5	1	0	0
1	425	A0	4	S	203	D0	2	H	111.0	111.0	0	0	0
1	237	L0	9	H	239	K0	3	H	1.0	-1.0	0	1	1
1	237	L0	4	H	239	K0	7	H	1.0	-1.0	0	1	0
1	465	Y0	2	C	0	O0	-1	S	0.5	0.5	1	0	1
1	465	Y0	1	C	0	O0	-1	S	0.5	0.5	1	0	0
1	481	S0	7	C	2	T1	2	S	240.0	240.0	0	0	0
1	199	L0	4	H	287	I0	8	E	44.0	-44.0	0	0	1
1	199	L0	8	H	287	I0	10	E	44.0	-44.0	0	0	0
1	204	D1	4	H	26	D1	9	E	89.0	89.0	0	0	0
1	0	O0	-1	S	124	R1	6	H	0.5	0.5	1	0	1
1	0	O0	-1	S	124	R1	8	H	0.5	0.5	1	0	0
1	415	I0	9	S	257	L0	7	H	79.0	79.0	0	0	0
1	162	V1	6	E	177	I0	2	E	8.0	-8.0	0	0	1
1	162	V1	12	E	177	I0	5	E	8.0	-8.0	0	0	0
1	337	F0	1	E	32	E1	2	E	153.0	153.0	0	0	0
1	284	E1	11	H	0	O0	-1	S	0.5	0.5	1	0	1
1	284	E1	5	H	0	O0	-1	S	0.5	0.5	1	0	0
1	148	N1	9	H	515	D0	10	S	184.0	-184.0	0	0	0
1	281	P0	10	H	201	F0	4	H	40.0	40.0	0	0	1
1	281	P0	12	H	201	F0	2	H	40.0	40.0	0	0	0
1	91	R0	12	H	15	V0	11	H	38.0	38.0	0	0	0
1	500	F1	5	H	542	H1	12	C	21.0	-21.0	0	0	1
1	500	F1	10	H	542	H1	5	C	21.0	-21.0	0	0	0
1	338	F1	1	H	500	F1	3	C	81.0	-81.0	0	0	0
1	159	E0	9	E	161	V0	3	E	1.0	-1.0	0	1	1
1	159	E0	2	E	161	V0	2	E	1.0	-1.0	0	1	0
1	295	D0	9	C	297	R0	3	C	1.0	-1.0	0	1	1
1	295	D0	4	C	297	R0	8	C	1.0	-1.0	0	1	0
1	528	T1	11	C	0	O0	-1	S	0.5	0.5	1	0	1
1	528	T1	3	C	0	O0	-1	S	0.5	0.5	1	0	0
1	245	L0	12	C	339	G0	6	S	47.0	-47.0	0	0	0
1	0	O0	-1	S	97	K0	5	C	0.5	0.5	1	0	1
1	0	O0	-1	S	97	K0	1	C	0.5	0.5	1	0	0
1	112	S1	5	S	498	D1	4	C	193.0	-193.0	0	0	0
1	141	Q0	8	C	0	O0	-1	S	0.5	0.5	1	0	1
1	141	Q0	4	C	0	O0	-1	S	0.5	0.5	1	0	0
1	27	T0	10	C	330	H1	4	S	151.0	-151.0	0	0	0
1	211	E0	5	H	0	O0	-1	S	0.5	0.5	1	0	1
1	211	E0	2	H	0	O0	-1	S	0.5	0.5	1	0	0
1	177	I0	4	H	248	N1	6	S	35.0	-35.0	0	0	0
1	54	K1	12	E	0	O0	-1	S	0.5	0.5	1	0	1
1	528	T1	3	E	404	I1	5	S	62.0	62.0	0	0	0
1	310	R1	10	C	0	O0	-1	S	0.5	0.5	1	0	1
1	310	R1	7	C	0	O0	-1	S	0.5	0.5	1	0	0
1	529	I0	11	C	130	S1	2	S	200.0	200.0	0	0	0
1	24	Y1	10	E	58	C1	10	E	17.0	-17.0	0	0	1
1	24	Y1	3	E	58	C1	11	E	17.0	-17.0	0	0	0
1	107	G0	10	E	237	L0	8	E	65.0	-65.0	0	0	0
1	268	I1	9	E	269	A0	2	E	1.0	-1.0	0	0	1
1	268	I1	6	E	269	A0	1	E	1.0	-1.0	0	0	0
1	297	R0	6	E	407	V0	10	E	55.0	-55.0	0	0	0
1	60	R1	12	E	0	O0	-1	S	0.5	0.5	1	0	1
1	60	R1	2	E	0	O0	-1	S	0.5	0.5	1	0	0
1	521	K0	1	E	221	T0	11	S	150.0	150.0	0	0	0
1	66	S1	5	C	0	O0	-1	S	0.5	0.5	1	0	1
1	66	S1	4	C	0	O0	-1	S	0.5	0.5	1	0	0
1	531	Q0	4	C	513	K0	7	S	9.0	9.0	0	0	0
1	377	N0	3	C	375	V0	8	H	1.0	1.0	0	1	1
1	377	N0	1	C	375	V0	9	H	1.0	1.0	0	1	0
1	18	D1	3	H	16	V1	2	H	1.0	1.0	0	0	1
1	18	D1	9	H	16	V1	8	H	1.0	1.0	0	0	0
1	166	E1	2	H	223	E0	12	H	29.0	-29.0	0	0	0
1	141	Q0	9	C	143	H0	3	C	1.0	-1.0	0	1	1
1	141	Q0	6	C	143	H0	12	C	1.0	-1.0	0	1	0
1	100	S1	12	C	0	O0	-1	S	0.5	0.5	1	0	1
1	100	S1	8	C	0	O0	-1	S	0.5	0.5	1	0	0
1	410	I1	2	C	524	R1	2	S	57.0	-57.0	0	0	0
1	221	T0	5	C	0	O0	-1	S	0.5	0.5	1	0	1
1	221	T0	11	C	0	O0	-1	S	0.5	0.5	1	0	0
1	498	D1	2	C	63	K0	11	S	217.0	217.0	0	0	0
1	0	O0	-1	S	112	S1	6	C	0.5	0.5	1	0	1
1	0	O0	-1	S	112	S1	3	C	0.5	0.5	1	0	0
1	369	P0	2	S	467	E0	6	C	49.0	-49.0	0	0	0
1	0	O0	-1	S	444	Q1	5	H	0.5	0.5	1	0	1
1	0	O0	-1	S	444	Q1	7	H	0.5	0.5	1	0	0
1	319	D0	1	S	272	H1	12	H	24.0	24.0	0	0	0
1	300	N1	4	C	0	O0	-1	S	0.5	0.5	1	0	1
1	300	N1	9	C	0	O0	-1	S	0.5	0.5	1	0	0
1	322	F1	6	C	394	A1	12	S	36.0	-36.0	0	0	0
1	438	D1	3	C	0	O0	-1	S	0.5	0.5	1	0	1
1	438	D1	8	C	0	O0	-1	S	0.5	0.5	1	0	0
1	280	K1	10	C	389	L0	10	S	55.0	-55.0	0	0	0
1	361	E0	12	C	362	E1	1	C	0.0	0.0	0	1	1
1	361	E0	1	C	362	E1	11	C	0.0	0.0	0	1	0
1	182	I1	7	E	159	E0	8	E	11.0	11.0	0	0	1
1	182	I1	1	E	159	E0	2	E	11.0	11.0	0	0	0
1	70	G1	5	E	447	T0	2	E	189.0	-189.0	0	0	0
1	0	O0	-1	S	202	F1	10	H	0.5	0.5	1	0	1
1	0	O0	-1	S	202	F1	9	H	0.5	0.5	1	0	0
1	135	K0	12	S	270	A1	9	H	67.0	-67.0	0	0	0
1	424	G1	12	C	0	O0	-1	S	0.5	0.5	1	0	1
1	424	G1	7	C	0	O0	-1	S	0.5	0.5	1	0	0
1	48	A1	12	C	97	K0	12	S	25.0	-25.0	0	0	0
1	100	S1	7	C	0	O0	-1	S	0.5	0.5	1	0	1
1	100	S1	3	C	0	O0	-1	S	0.5	0.5	1	0	0
1	333	I0	6	C	191	A0	6	S	71.0	71.0	0	0	0
1	97	K0	2	C	101	S0	7	C	2.0	-2.0	0	0	1
1	97	K0	9	C	101	S0	11	C	2.0	-2.0	0	0	0
1	22	Y1	1	C	264	L1	12	C	121.0	-121.0	0	0	0
1	43	Q0	4	C	0	O0	-1	S	0.5	0.5	1	0	1
1	43	Q0	10	C	0	O0	-1	S	0.5	0.5	1	0	0
1	414	Y1	5	C	128	V1	2	S	143.0	143.0	0	0	0
1	398	M1	9	H	508	L1	6	H	55.0	-55.0	0	0	1
1	398	M1	8	H	508	L1	1	H	55.0	-55.0	0	0	0
1	376	V1	5	H	168	N1	11	H	104.0	104.0	0	0	0
1	492	L1	4	H	0	O0	-1	S	0.5	0.5	1	0	1
1	492	L1	6	H	0	O0	-1	S	0.5	0.5	1	0	0
1	244	I1	6	H	547	I0	2	S	152.0	-152.0	0	0	0
1	459	A0	7	C	453	N0	1	H	3.0	3.0	0	0	1
1	459	A0	5	C	453	N0	4	H	3.0	3.0	0	0	0
1	421	S0	8	C	470	F1	2	H	24.0	-24.0	0	0	0
1	444	Q1	5	H	0	O0	-1	S	0.5	0.5	1	0	1
1	444	Q1	7	H	0	O0	-1	S	0.5	0.5	1	0	0
1	274	F1	4	H	63	K0	7	S	105.0	105.0	0	0	0
1	68	T1	2	C	69	G0	2	C	1.0	-1.0	0	0	1
1	68	T1	12	C	69	G0	8	C	1.0	-1.0	0	0	0
1	429	P0	2	C	255	Y0	5	C	87.0	87.0	0	0	0
1	135	K0	5	H	156	L1	7	E	10.0	-10.0	0	0	1
1	135	K0	12	H	156	L1	3	E	10.0	-10.0	0	0	0
1	508	L1	1	H	139	I0	11	E	184.0	184.0	0	0	0
1	152	I1	6	C	185	E0	7	E	17.0	-17.0	0	0	1
1	152	I1	12	C	185	E0	10	E	17.0	-17.0	0	0	0
1	494	A1	11	C	495	K0	8	E	1.0	-1.0	0	0	0
1	318	I1	10	C	0	O0	-1	S	0.5	0.5	1	0	1
1	318	I1	2	C	0	O0	-1	S	0.5	0.5	1	0	0
1	115	E0	2	C	366	V1	6	S	125.0	-125.0	0	0	0
1	291	L0	12	E	292	L1	1	E	0.0	0.0	0	1	1
1	291	L0	5	E	292	L1	3	E	0.0	0.0	0	1	0
1	296	D1	5	C	0	O0	-1	S	0.5	0.5	1	0	1
1	296	D1	10	C	0	O0	-1	S	0.5	0.5	1	0	0
1	350	N1	4	C	277	L0	7	S	36.0	36.0	0	0	0
1	330	H1	9	E	331	K0	2	E	1.0	-1.0	0	0	1
1	330	H1	1	E	331	K0	1	E	1.0	-1.0	0	0	0
1	1	T0	1	E	517	P0	8	E	258.0	-258.0	0	0	0
1	212	E1	8	H	298	R1	11	C	43.0	-43.0	0	0	1
1	212	E1	2	H	298	R1	5	C	43.0	-43.0	0	0	0
1	438	D1	1	H	301	V0	10	C	68.0	68.0	0	0	0
1	533	D0	7	H	527	T0	8	C	3.0	3.0	0	0	1
1	533	D0	10	H	527	T0	7	C	3.0	3.0	0	0	0
1	32	E1	5	H	358	T1	12	C	163.0	-163.0	0	0	0
1	529	I0	10	H	538	L1	3	H	4.0	-4.0	0	0	1
1	529	I0	4	H	538	L1	9	H	4.0	-4.0	0	0	0
1	164	Y1	1	H	277	L0	5	H	57.0	-57.0	0	0	0
1	234	E1	12	H	306	K1	10	C	36.0	-36.0	0	0	1
1	234	E1	9	H	306	K1	12	C	36.0	-36.0	0	0	0
1	146	P1	1	H	138	E1	4	C	4.0	4.0	0	0	0
1	26	D1	5	E	0	O0	-1	S	0.5	0.5	1	0	1
1	26	D1	1	E	0	O0	-1	S	0.5	0.5	1	0	0
1	195	G0	7	E	35	L0	2	S	80.0	80.0	0	0	0
1	102	S1	10	C	105	R0	7	C	2.0	-2.0	0	0	1
1	102	S1	5	C	105	R0	1	C	2.0	-2.0	0	0	0
1	303	P0	1	C	156	L1	3	C	74.0	74.0	0	0	0
1	470	F1	5	C	502	I1	8	H	16.0	-16.0	0	0	1
1	470	F1	2	C	502	I1	10	H	16.0	-16.0	0	0	0
1	186	E1	7	C	288	I1	6	H	51.0	-51.0	0	0	0
1	499	F0	11	H	500	F1	2	H	0.0	0.0	0	1	1
1	499	F0	2	H	500	F1	10	H	0.0	0.0	0	1	0
1	129	S0	5	H	136	K1	7	H	3.0	-3.0	0	0	1
1	129	S0	4	H	136	K1	4	H	3.0	-3.0	0	0	0
1	546	W1	10	H	294	L1	4	H	126.0	126.0	0	0	0
1	497	D0	12	H	498	D1	1	H	0.0	0.0	0	1	1
1	497	D0	10	H	498	D1	2	H	0.0	0.0	0	1	0
1	172	T1	4	C	0	O0	-1	S	0.5	0.5	1	0	1
1	172	T1	6	C	0	O0	-1	S	0.5	0.5	1	0	0
1	493	A0	7	C	47	A0	4	S	223.0	223.0	0	0	0
1	375	V0	10	H	0	O0	-1	S	0.5	0.5	1	0	1
1	375	V0	7	H	0	O0	-1	S	0.5	0.5	1	0	0
1	245	L0	5	H	167	N0	4	S	39.0	39.0	0	0	0
1	52	V1	6	E	79	A0	2	E	14.0	-14.0	0	0	1
1	52	V1	3	E	79	A0	1	E	14.0	-14.0	0	0	0
1	357	T0	10	E	169	K0	7	E	94.0	94.0	0	0	0
1	8	R1	3	E	0	O0	-1	S	0.5	0.5	1	0	1
1	8	R1	1	E	0	O0	-1	S	0.5	0.5	1	0	0
1	5	F0	5	E	134	L1	12	S	64.0	-64.0	0	0	0
1	20	D1	4	H	0	O0	-1	S	0.5	0.5	1	0	1
1	20	D1	11	H	0	O0	-1	S	0.5	0.5	1	0	0
1	447	T0	4	H	485	T0	10	S	19.0	-19.0	0	0	0
1	0	O0	-1	S	11	E0	4	C	0.5	0.5	1	0	1
1	0	O0	-1	S	11	E0	1	C	0.5	0.5	1	0	0
1	59	R0	10	S	312	I1	3	C	126.0	-126.0	0	0	0
1	298	R1	1	C	297	R0	12	C	0.0	0.0	0	1	1
1	298	R1	5	C	297	R0	6	C	0.0	0.0	0	1	0
1	320	D1	6	C	0	O0	-1	S	0.5	0.5	1	0	1
1	320	D1	12	C	0	O0	-1	S	0.5	0.5	1	0	0
1	86	I1	2	C	106	R1	9	S	10.0	-10.0	0	0	0
1	450	L1	5	H	359	P0	11	C	45.0	45.0	0	0	1
1	450	L1	1	H	359	P0	2	C	45.0	45.0	0	0	0
1	311	I0	10	H	293	L0	1	C	9.0	9.0	0	0	0
1	0	O0	-1	S	21	Y0	5	C	0.5	0.5	1	0	1
1	0	O0	-1	S	21	Y0	1	C	0.5	0.5	1	0	0
1	440	T1	2	S	235	F0	5	C	102.0	102.0	0	0	0
1	158	H1	6	E	0	O0	-1	S	0.5	0.5	1	0	1
1	158	H1	1	E	0	O0	-1	S	0.5	0.5	1	0	0
1	470	F1	1	E	26	D1	1	S	222.0	222.0	0	0	0
1	37	G0	2	E	51	V0	7	E	7.0	-7.0	0	0	1
1	37	G0	10	E	51	V0	5	E	7.0	-7.0	0	0	0
1	486	T1	2	E	32	E1	2	E	227.0	227.0	0	0	0
1	531	Q0	10	H	540	Q1	7	H	4.0	-4.0	0	0	1
1	531	Q0	11	H	540	Q1	5	H	4.0	-4.0	0	0	0
1	375	V0	6	H	267	I0	4	H	54.0	54.0	0	0	0
1	464	N1	12	C	0	O0	-1	S	0.5	0.5	1	0	1
1	464	N1	1	C	0	O0	-1	S	0.5	0.5	1	0	0
1	510	L1	1	C	277	L0	10	S	116.0	116.0	0	0	0
1	522	K1	9	H	0	O0	-1	S	0.5	0.5	1	0	1
1	522	K1	3	H	0	O0	-1	S	0.5	0.5	1	0	0
1	43	Q0	2	H	95	T0	4	S	26.0	-26.0	0	0	0
1	222	T1	11	C	0	O0	-1	S	0.5	0.5	1	0	1
1	222	T1	3	C	0	O0	-1	S	0.5	0.5	1	0	0
1	211	E0	4	C	192	A1	4	S	10.0	10.0	0	0	0
1	413	Y0	4	H	502	I1	11	H	44.0	-44.0	0	0	1
1	413	Y0	5	H	502	I1	10	H	44.0	-44.0	0	0	0
1	43	Q0	2	H	311	I0	10	H	134.0	-134.0	0	0	0
1	481	S0	10	C	0	O0	-1	S	0.5	0.5	1	0	1
1	481	S0	8	C	0	O0	-1	S	0.5	0.5	1	0	0
1	291	L0	1	C	17	D0	8	S	137.0	137.0	0	0	0
1	169	K0	11	C	170	K1	2	C	0.0	0.0	0	1	1
1	169	K0	12	C	170	K1	1	C	0.0	0.0	0	1	0
1	19	D0	11	H	20	D1	2	H	0.0	0.0	0	1	1
1	19	D0	7	H	20	D1	11	H	0.0	0.0	0	1	0
1	116	E1	4	H	0	O0	-1	S	0.5	0.5	1	0	1
1	116	E1	8	H	0	O0	-1	S	0.5	0.5	1	0	0
1	11	E0	1	H	310	R1	2	S	149.0	-149.0	0	0	0
1	491	L0	9	H	499	F0	4	H	4.0	-4.0	0	0	1
1	491	L0	7	H	499	F0	6	H	4.0	-4.0	0	0	0
1	190	V1	12	H	269	A0	1	H	40.0	-40.0	0	0	0
1	0	O0	-1	S	82	K1	10	E	0.5	0.5	1	0	1
1	0	O0	-1	S	82	K1	2	E	0.5	0.5	1	0	0
1	10	Q1	2	S	523	R0	6	E	257.0	-257.0	0	0	0
1	90	K1	7	E	169	K0	1	C	40.0	-40.0	0	0	1
1	90	K1	8	E	169	K0	7	C	40.0	-40.0	0	0	0
1	84	F1	5	E	542	H1	8	C	229.0	-229.0	0	0	0
1	61	E0	9	E	63	K0	3	C	1.0	-1.0	0	1	1
1	61	E0	10	E	63	K0	7	C	1.0	-1.0	0	1	0
1	482	S1	11	C	0	O0	-1	S	0.5	0.5	1	0	1
1	482	S1	2	C	0	O0	-1	S	0.5	0.5	1	0	0
1	202	F1	2	C	512	V1	2	S	155.0	-155.0	0	0	0
1	0	O0	-1	S	478	Y1	6	H	0.5	0.5	1	0	1
1	0	O0	-1	S	478	Y1	1	H	0.5	0.5	1	0	0
1	0	O0	1	S	194	G1	9	H	0.5	0.5	1	0	0
1	335	D0	9	C	337	F0	3	C	1.0	-1.0	0	1	1
1	335	D0	11	C	337	F0	7	C	1.0	-1.0	0	1	0
1	0	O0	-1	S	440	T1	6	C	0.5	0.5	1	0	1
1	0	O0	-1	S	440	T1	2	C	0.5	0.5	1	0	0
1	219	L0	6	S	329	H0	12	C	55.0	-55.0	0	0	0
1	362	E1	5	C	434	L1	5	C	36.0	-36.0	0	0	1
1	362	E1	9	C	434	L1	7	C	36.0	-36.0	0	0	0
1	289	M0	12	C	77	A0	10	C	106.0	106.0	0	0	0
1	373	I0	7	H	367	A0	8	C	3.0	3.0	0	0	1
1	373	I0	10	H	367	A0	2	C	3.0	3.0	0	0	0
1	112	S1	5	H	201	F0	12	C	45.0	-45.0	0	0	0
1	0	O0	-1	S	17	D0	10	H	0.5	0.5	1	0	1
1	0	O0	-1	S	17	D0	8	H	0.5	0.5	1	0	0
1	41	G0	2	S	485	T0	1	H	222.0	-222.0	0	0	0
1	421	S0	10	H	478	Y1	10	H	28.0	-28.0	0	0	1
1	421	S0	5	H	478	Y1	8	H	28.0	-28.0	0	0	0
1	341	N0	6	H	424	G1	8	H	41.0	-41.0	0	0	0
1	240	K1	12	H	0	O0	-1	S	0.5	0.5	1	0	1
1	240	K1	6	H	0	O0	-1	S	0.5	0.5	1	0	0
1	37	G0	8	H	104	R1	3	S	33.0	-33.0	0	0	0
1	207	L0	9	H	209	A0	3	H	1.0	-1.0	0	1	1
1	207	L0	2	H	209	A0	1	H	1.0	-1.0	0	1	0
1	143	H0	1	C	0	O0	-1	S	0.5	0.5	1	0	1
1	143	H0	10	C	0	O0	-1	S	0.5	0.5	1	0	0
1	83	F0	4	C	259	H0	8	S	88.0	-88.0	0	0	0
1	295	D0	12	C	296	D1	1	C	0.0	0.0	0	1	1
1	295	D0	10	C	296	D1	3	C	0.0	0.0	0	1	0
1	223	E0	5	H	420	L1	6	H	98.0	-98.0	0	0	1
1	223	E0	12	H	420	L1	9	H	98.0	-98.0	0	0	0
1	145	P0	8	H	56	K1	4	H	45.0	45.0	0	0	0
1	14	N1	9	C	17	D0	7	H	2.0	-2.0	0	0	1
1	14	N1	5	C	17	D0	12	H	2.0	-2.0	0	0	0
1	99	S0	2	C	169	K0	7	H	35.0	-35.0	0	0	0
1	0	O0	-1	S	539	Q0	8	H	0.5	0.5	1	0	1
1	0	O0	-1	S	539	Q0	6	H	0.5	0.5	1	0	0
1	140	I1	9	S	236	F1	9	H	48.0	-48.0	0	0	0
1	444	Q1	12	H	0	O0	-1	S	0.5	0.5	1	0	1
1	444	Q1	9	H	0	O0	-1	S	0.5	0.5	1	0	0
1	438	D1	1	H	154	T1	9	S	142.0	142.0	0	0	0
1	152	I1	9	C	153	T0	2	C	1.0	-1.0	0	0	1
1	152	I1	11	C	153	T0	11	C	1.0	-1.0	0	0	0
1	137	E0	2	C	209	A0	2	C	36.0	-36.0	0	0	0
1	376	V1	11	H	449	L0	10	H	37.0	-37.0	0	0	1
1	376	V1	12	H	449	L0	8	H	37.0	-37.0	0	0	0
1	428	S1	3	H	24	Y1	3	H	202.0	202.0	0	0	0
1	212	E1	9	H	0	O0	-1	S	0.5	0.5	1	0	1
1	212	E1	10	H	0	O0	-1	S	0.5	0.5	1	0	0
1	208	L1	10	H	456	V1	9	S	124.0	-124.0	0	0	0
1	1	T0	7	C	122	E1	11	H	60.0	-60.0	0	0	1
1	1	T0	6	C	122	E1	1	H	60.0	-60.0	0	0	0
1	304	P1	3	C	539	Q0	2	H	118.0	-118.0	0	0	0
1	0	O0	-1	S	38	G1	10	E	0.5	0.5	1	0	1
1	0	O0	-1	S	38	G1	12	E	0.5	0.5	1	0	0
1	528	T1	6	S	207	L0	2	E	160.0	160.0	0	0	0
1	0	O0	-1	S	443	Q0	10	H	0.5	0.5	1	0	1
1	0	O0	-1	S	443	Q0	5	H	0.5	0.5	1	0	0
1	401	S0	1	S	118	D1	11	H	142.0	142.0	0	0	0
1	249	G0	9	H	257	L0	4	H	4.0	-4.0	0	0	1
1	249	G0	5	H	257	L0	7	H	4.0	-4.0	0	0	0
1	535	S0	8	H	281	P0	5	H	127.0	127.0	0	0	0
1	152	I1	3	C	315	I0	2	E	82.0	-82.0	0	0	1
1	152	I1	2	C	315	I0	7	E	82.0	-82.0	0	0	0
1	261	S0	4	C	134	L1	9	E	64.0	64.0	0	0	0
1	0	O0	-1	S	485	T0	2	C	0.5	0.5	1	0	1
1	0	O0	-1	S	485	T0	11	C	0.5	0.5	1	0	0
1	120	I1	9	S	320	D1	3	C	100.0	-100.0	0	0	0
1	114	R1	1	H	120	I1	8	H	3.0	-3.0	0	0	1
1	114	R1	11	H	120	I1	6	H	3.0	-3.0	0	0	0
1	119	I0	5	H	240	K1	2	H	60.0	-60.0	0	0	0
1	257	L0	11	H	258	L1	2	H	0.0	0.0	0	1	1
1	273	F0	10	C	356	G1	4	C	41.0	-41.0	0	0	1
1	273	F0	6	C	356	G1	10	C	41.0	-41.0	0	0	0
1	546	W1	5	C	261	S0	4	C	142.0	142.0	0	0	0
1	27	T0	12	E	28	T1	1	E	0.0	0.0	0	1	1
1	27	T0	2	E	28	T1	2	E	0.0	0.0	0	1	0
1	365	V0	9	C	367	A0	3	C	1.0	-1.0	0	1	1
1	365	V0	2	C	367	A0	5	C	1.0	-1.0	0	1	0
1	161	V0	4	E	0	O0	-1	S	0.5	0.5	1	0	1
1	161	V0	2	E	0	O0	-1	S	0.5	0.5	1	0	0
1	32	E1	5	E	287	I0	4	S	128.0	-128.0	0	0	0
1	404	I1	12	H	536	S1	12	H	66.0	-66.0	0	0	1
1	404	I1	2	H	536	S1	8	H	66.0	-66.0	0	0	0
1	302	V1	7	H	52	V1	2	H	125.0	125.0	0	0	0
1	97	K0	5	C	0	O0	-1	S	0.5	0.5	1	0	1
1	97	K0	6	C	0	O0	-1	S	0.5	0.5	1	0	0
1	251	V0	2	C	548	I1	7	S	148.0	-148.0	0	0	0
1	155	L0	3	E	153	T0	9	C	1.0	1.0	0	1	1
1	155	L0	7	E	153	T0	10	C	1.0	1.0	0	1	0
1	303	P0	2	C	308	P1	3	C	2.0	-2.0	0	0	1
1	303	P0	1	C	308	P1	4	C	2.0	-2.0	0	0	0
1	272	H1	3	C	284	E1	8	C	6.0	-6.0	0	0	0
1	36	L1	4	E	56	K1	3	E	10.0	-10.0	0	0	1
1	36	L1	1	E	56	K1	6	E	10.0	-10.0	0	0	0
1	0	O0	12	E	212	E1	10	E	0.5	0.5	1	0	0
1	7	R0	4	E	0	O0	-1	S	0.5	0.5	1	0	1
1	7	R0	1	E	0	O0	-1	S	0.5	0.5	1	0	0
1	239	K0	11	E	181	I0	5	S	29.0	29.0	0	0	0
1	296	D1	9	C	299	N0	7	C	2.0	-2.0	0	0	1
1	296	D1	10	C	299	N0	8	C	2.0	-2.0	0	0	0
1	189	V0	7	C	188	L1	2	C	1.0	1.0	0	0	0
1	94	R1	12	C	0	O0	-1	S	0.5	0.5	1	0	1
1	94	R1	9	C	0	O0	-1	S	0.5	0.5	1	0	0
1	72	L1	1	C	43	Q0	2	S	14.0	14.0	0	0	0
1	512	V1	10	C	0	O0	-1	S	0.5	0.5	1	0	1
1	512	V1	7	C	0	O0	-1	S	0.5	0.5	1	0	0
1	60	R1	2	C	334	I1	1	S	137.0	-137.0	0	0	0
1	242	Q1	6	H	0	O0	-1	S	0.5	0.5	1	0	1
1	242	Q1	2	H	0	O0	-1	S	0.5	0.5	1	0	0
1	256	Y1	6	H	239	K0	7	S	8.0	8.0	0	0	0
1	10	Q1	5	C	166	E1	8	E	78.0	-78.0	0	0	1
1	10	Q1	2	C	166	E1	2	E	78.0	-78.0	0	0	0
1	179	L0	4	C	195	G0	5	E	8.0	-8.0	0	0	0
1	105	R0	9	C	107	G0	3	C	1.0	-1.0	0	1	1
1	105	R0	4	C	107	G0	6	C	1.0	-1.0	0	1	0
1	68	T1	6	C	0	O0	-1	S	0.5	0.5	1	0	1
1	68	T1	9	C	0	O0	-1	S	0.5	0.5	1	0	0
1	466	Y1	9	C	29	G0	2	S	218.0	218.0	0	0	0
1	32	E1	8	E	36	L1	5	E	2.0	-2.0	0	0	1
1	32	E1	2	E	36	L1	1	E	2.0	-2.0	0	0	0
1	473	D0	8	E	348	K1	1	E	63.0	63.0	0	0	0
1	190	V1	8	C	290	M1	8	E	50.0	-50.0	0	0	1
1	190	V1	12	C	290	M1	7	E	50.0	-50.0	0	0	0
1	237	L0	5	C	272	H1	12	E	17.0	-17.0	0	0	0
1	322	F1	9	C	328	A1	12	C	3.0	-3.0	0	0	1
1	322	F1	6	C	328	A1	11	C	3.0	-3.0	0	0	0
1	166	E1	12	C	476	E1	2	C	155.0	-155.0	0	0	0
1	4	V1	12	C	0	O0	-1	S	0.5	0.5	1	0	1
1	4	V1	2	C	0	O0	-1	S	0.5	0.5	1	0	0
1	57	C0	11	C	169	K0	6	S	56.0	-56.0	0	0	0
1	13	N0	11	C	14	N1	2	C	0.0	0.0	0	1	1
1	13	N0	10	C	14	N1	5	C	0.0	0.0	0	1	0
1	376	V1	9	H	0	O0	-1	S	0.5	0.5	1	0	1
1	376	V1	12	H	0	O0	-1	S	0.5	0.5	1	0	0
1	403	I0	5	H	363	F0	5	S	20.0	20.0	0	0	0
1	414	Y1	3	H	502	I1	12	H	44.0	-44.0	0	0	1
1	414	Y1	1	H	502	I1	2	H	44.0	-44.0	0	0	0
1	313	K0	4	H	507	L0	4	H	97.0	-97.0	0	0	0
1	533	D0	11	H	534	D1	2	H	0.0	0.0	0	1	1
1	533	D0	10	H	534	D1	9	H	0.0	0.0	0	1	0
1	96	T1	5	C	0	O0	-1	S	0.5	0.5	1	0	1
1	96	T1	12	C	0	O0	-1	S	0.5	0.5	1	0	0
1	272	H1	1	C	432	F1	1	S	80.0	-80.0	0	0	0
1	268	I1	10	E	328	A1	10	C	30.0	-30.0	0	0	1
1	268	I1	7	E	328	A1	11	C	30.0	-30.0	0	0	0
1	478	Y1	8	E	271	H0	5	C	103.0	103.0	0	0	0
1	60	R1	11	E	0	O0	-1	S	0.5	0.5	1	0	1
1	60	R1	3	E	0	O0	-1	S	0.5	0.5	1	0	0
1	175	V0	11	E	307	P0	11	S	66.0	-66.0	0	0	0
1	437	D0	11	C	438	D1	2	C	0.0	0.0	0	1	1
1	437	D0	12	C	438	D1	9	C	0.0	0.0	0	1	0
1	348	K1	9	C	349	N0	7	C	1.0	-1.0	0	0	1
1	348	K1	1	C	349	N0	5	C	1.0	-1.0	0	0	0
1	524	R1	2	C	92	R1	5	C	216.0	216.0	0	0	0
1	470	F1	6	C	480	F1	12	H	5.0	-5.0	0	0	1
1	470	F1	1	C	480	F1	1	H	5.0	-5.0	0	0	0
1	357	T0	11	C	219	L0	5	H	69.0	69.0	0	0	0
1	372	E1	12	H	392	E1	8	H	10.0	-10.0	0	0	1
1	372	E1	9	H	392	E1	6	H	10.0	-10.0	0	0	0
1	67	T0	4	H	155	L0	11	H	44.0	-44.0	0	0	0
1	150	V1	5	E	316	I1	8	E	83.0	-83.0	0	0	1
1	150	V1	6	E	316	I1	12	E	83.0	-83.0	0	0	0
1	140	I1	5	E	543	P0	5	E	202.0	-202.0	0	0	0
1	551	P0	1	C	0	O0	-1	S	0.5	0.5	1	0	1
1	551	P0	7	C	0	O0	-1	S	0.5	0.5	1	0	0
1	397	M0	6	C	263	L0	1	S	67.0	67.0	0	0	0
1	43	Q0	1	C	0	O0	-1	S	0.5	0.5	1	0	1
1	43	Q0	2	C	0	O0	-1	S	0.5	0.5	1	0	0
1	139	I0	5	C	318	I1	11	S	89.0	-89.0	0	0	0
1	436	G1	7	C	447	T0	5	H	6.0	-6.0	0	0	1
1	436	G1	2	C	447	T0	10	H	6.0	-6.0	0	0	0
1	297	R0	8	C	115	E0	2	H	91.0	91.0	0	0	0
1	0	O0	-1	S	18	D1	10	H	0.5	0.5	1	0	1
1	0	O0	-1	S	18	D1	8	H	0.5	0.5	1	0	0
1	397	M0	4	S	345	F0	6	H	26.0	26.0	0	0	0
1	32	E1	4	E	0	O0	-1	S	0.5	0.5	1	0	1
1	32	E1	5	E	0	O0	-1	S	0.5	0.5	1	0	0
1	196	G1	5	E	240	K1	9	S	22.0	-22.0	0	0	0
1	155	L0	6	E	183	L0	5	E	14.0	-14.0	0	0	1
1	155	L0	7	E	183	L0	11	E	14.0	-14.0	0	0	0
1	251	V0	11	E	345	F0	4	E	47.0	-47.0	0	0	0
1	187	L0	12	C	188	L1	1	C	0.0	0.0	0	1	1
1	187	L0	2	C	188	L1	3	C	0.0	0.0	0	1	0
1	347	K0	11	C	348	K1	2	C	0.0	0.0	0	1	1
1	347	K0	12	C	348	K1	1	C	0.0	0.0	0	1	0
1	407	V0	9	H	416	I1	3	H	4.0	-4.0	0	0	1
1	407	V0	11	H	416	I1	9	H	4.0	-4.0	0	0	0
1	332	K1	1	H	142	Q1	1	H	95.0	95.0	0	0	0
1	0	O0	-1	S	208	L1	9	H	0.5	0.5	1	0	1
1	0	O0	-1	S	208	L1	10	H	0.5	0.5	1	0	0
1	482	S1	7	S	339	G0	2	H	71.0	71.0	0	0	0
1	443	Q0	1	H	449	L0	7	H	3.0	-3.0	0	0	1
1	443	Q0	2	H	449	L0	8	H	3.0	-3.0	0	0	0
1	243	I0	2	H	449	L0	8	H	103.0	-103.0	0	0	0
1	275	D0	7	C	272	H1	9	C	2.0	2.0	0	0	1
1	275	D0	6	C	272	H1	12	C	2.0	2.0	0	0	0
1	105	R0	5	C	383	P0	7	C	139.0	-139.0	0	0	0
1	128	V1	11	H	162	V1	11	E	17.0	-17.0	0	0	1
1	128	V1	4	H	162	V1	3	E	17.0	-17.0	0	0	0
1	510	L1	1	H	2	T1	2	E	254.0	254.0	0	0	0
1	1	T0	9	C	3	V0	3	C	1.0	-1.0	0	1	1
1	1	T0	1	C	3	V0	10	C	1.0	-1.0	0	1	0
1	68	T1	5	C	0	O0	-1	S	0.5	0.5	1	0	1
1	68	T1	8	C	0	O0	-1	S	0.5	0.5	1	0	0
1	101	S0	6	C	475	E0	8	S	187.0	-187.0	0	0	0
1	213	K0	6	C	0	O0	-1	S	0.5	0.5	1	0	1
1	213	K0	12	C	0	O0	-1	S	0.5	0.5	1	0	0
1	80	A1	2	C	242	Q1	12	S	81.0	-81.0	0	0	0
1	326	L1	4	C	0	O0	-1	S	0.5	0.5	1	0	1
1	326	L1	6	C	0	O0	-1	S	0.5	0.5	1	0	0
1	24	Y1	3	C	101	S0	10	S	39.0	-39.0	0	0	0
1	218	S1	3	C	0	O0	-1	S	0.5	0.5	1	0	1
1	218	S1	11	C	0	O0	-1	S	0.5	0.5	1	0	0
1	177	I0	5	C	259	H0	12	S	41.0	-41.0	0	0	0
1	27	T0	8	E	0	O0	-1	S	0.5	0.5	1	0	1
1	27	T0	11	E	0	O0	-1	S	0.5	0.5	1	0	0
1	378	N1	3	E	37	G0	4	S	170.0	170.0	0	0	0
1	123	R0	5	H	0	O0	-1	S	0.5	0.5	1	0	1
1	123	R0	2	H	0	O0	-1	S	0.5	0.5	1	0	0
1	92	R1	4	H	13	N0	7	S	39.0	39.0	0	0	0
1	488	S1	9	C	489	A0	2	H	1.0	-1.0	0	0	1
1	488	S1	2	C	489	A0	10	H	1.0	-1.0	0	0	0
1	186	E1	7	C	90	K1	8	H	48.0	48.0	0	0	0
1	505	R0	11	H	506	R1	2	H	0.0	0.0	0	1	1
1	505	R0	12	H	506	R1	9	H	0.0	0.0	0	1	0
1	47	A0	6	E	83	F0	8	E	18.0	-18.0	0	0	1
1	47	A0	2	E	83	F0	5	E	18.0	-18.0	0	0	0
1	114	R1	11	E	3	V0	11	E	55.0	55.0	0	0	0
1	0	O0	-1	S	466	Y1	2	C	0.5	0.5	1	0	1
1	0	O0	-1	S	466	Y1	1	C	0.5	0.5	1	0	0
1	189	V0	1	S	287	I0	5	C	49.0	-49.0	0	0	0
1	74	Q1	7	E	0	O0	-1	S	0.5	0.5	1	0	1
1	74	Q1	8	E	0	O0	-1	S	0.5	0.5	1	0	0
1	125	E0	11	E	480	F1	8	S	177.0	-177.0	0	0	0
1	306	K1	4	C	0	O0	-1	S	0.5	0.5	1	0	1
1	306	K1	9	C	0	O0	-1	S	0.5	0.5	1	0	0
1	544	P1	6	C	149	V0	10	S	197.0	197.0	0	0	0
1	385	L0	11	E	394	A1	4	H	4.0	-4.0	0	0	1
1	385	L0	4	E	394	A1	7	H	4.0	-4.0	0	0	0
1	212	E1	10	E	181	I0	4	H	15.0	15.0	0	0	0
1	0	O0	-1	S	503	R0	10	H	0.5	0.5	1	0	1
1	0	O0	-1	S	503	R0	11	H	0.5	0.5	1	0	0
1	80	A1	11	S	263	L0	1	H	92.0	-92.0	0	0	0
1	14	N1	10	C	18	D1	7	H	2.0	-2.0	0	0	1
1	14	N1	1	C	18	D1	8	H	2.0	-2.0	0	0	0
1	523	R0	4	C	34	E1	2	H	245.0	245.0	0	0	0
1	424	G1	11	C	0	O0	-1	S	0.5	0.5	1	0	1
1	424	G1	10	C	0	O0	-1	S	0.5	0.5	1	0	0
1	333	I0	1	C	23	Y0	12	S	155.0	155.0	0	0	0
1	83	F0	2	E	48	A1	6	E	18.0	18.0	0	0	1
1	83	F0	12	E	48	A1	3	E	18.0	18.0	0	0	0
1	367	A0	2	E	347	K0	1	E	10.0	10.0	0	0	0
1	185	E0	6	E	0	O0	-1	S	0.5	0.5	1	0	1
1	185	E0	11	E	0	O0	-1	S	0.5	0.5	1	0	0
1	1	T0	8	E	130	S1	10	S	64.0	-64.0	0	0	0
1	0	O0	-1	S	540	Q1	11	H	0.5	0.5	1	0	1
1	0	O0	-1	S	540	Q1	5	H	0.5	0.5	1	0	0
1	57	C0	1	S	542	H1	5	H	242.0	-242.0	0	0	0
1	528	T1	7	C	534	D1	7	H	3.0	-3.0	0	0	1
1	528	T1	3	C	534	D1	10	H	3.0	-3.0	0	0	0
1	49	V0	6	C	62	E1	3	H	6.0	-6.0	0	0	0
1	67	T0	6	C	0	O0	-1	S	0.5	0.5	1	0	1
1	67	T0	7	C	0	O0	-1	S	0.5	0.5	1	0	0
1	100	S1	3	C	226	E1	2	S	63.0	-63.0	0	0	0
1	203	D0	9	H	205	F0	3	H	1.0	-1.0	0	1	1
1	203	D0	8	H	205	F0	7	H	1.0	-1.0	0	1	0
1	329	H0	8	E	334	I1	3	C	2.0	-2.0	0	0	1
1	329	H0	4	E	334	I1	9	C	2.0	-2.0	0	0	0
1	171	T0	4	E	461	V0	11	C	145.0	-145.0	0	0	0
1	0	O0	-1	S	219	L0	1	C	0.5	0.5	1	0	1
1	0	O0	-1	S	219	L0	7	C	0.5	0.5	1	0	0
1	546	W1	10	S	459	A0	5	C	43.0	43.0	0	0	0
1	320	D1	7	C	286	N1	11	H	17.0	17.0	0	0	1
1	320	D1	3	C	286	N1	4	H	17.0	17.0	0	0	0
1	333	I0	12	C	56	K1	6	H	139.0	139.0	0	0	0
1	7	R0	7	E	163	Y0	6	E	78.0	-78.0	0	0	1
1	7	R0	8	E	163	Y0	4	E	78.0	-78.0	0	0	0
1	257	L0	2	E	314	K1	11	E	28.0	-28.0	0	0	0
1	69	G0	3	C	67	T0	9	C	1.0	1.0	0	1	1
1	69	G0	7	C	67	T0	4	C	1.0	1.0	0	1	0
1	521	K0	10	H	0	O0	-1	S	0.5	0.5	1	0	1
1	521	K0	1	H	0	O0	-1	S	0.5	0.5	1	0	0
1	368	A1	9	H	266	Q1	1	S	51.0	51.0	0	0	0
1	275	D0	10	C	286	N1	12	H	5.0	-5.0	0	0	1
1	275	D0	2	C	286	N1	4	H	5.0	-5.0	0	0	0
1	526	M1	8	C	502	I1	2	H	12.0	12.0	0	0	0
1	64	K1	6	C	0	O0	-1	S	0.5	0.5	1	0	1
1	64	K1	2	C	0	O0	-1	S	0.5	0.5	1	0	0
1	392	E1	12	C	473	D0	12	S	41.0	-41.0	0	0	0
1	403	I0	6	H	410	I1	7	H	3.0	-3.0	0	0	1
1	403	I0	2	H	410	I1	2	H	3.0	-3.0	0	0	0
1	401	S0	4	H	351	I0	5	H	25.0	25.0	0	0	0
1	332	K1	10	E	0	O0	-1	S	0.5	0.5	1	0	1
1	332	K1	12	E	0	O0	-1	S	0.5	0.5	1	0	0
1	50	V1	7	E	489	A0	8	S	220.0	-220.0	0	0	0
1	365	V0	12	C	366	V1	1	C	0.0	0.0	0	1	1
1	365	V0	6	C	366	V1	6	C	0.0	0.0	0	1	0
1	146	P1	12	C	0	O0	-1	S	0.5	0.5	1	0	1
1	146	P1	1	C	0	O0	-1	S	0.5	0.5	1	0	0
1	506	R1	9	C	534	D1	10	S	14.0	-14.0	0	0	0
1	414	Y1	7	H	430	P1	5	C	8.0	-8.0	0	0	1
1	414	Y1	5	H	430	P1	11	C	8.0	-8.0	0	0	0
1	225	E0	8	H	521	K0	12	C	148.0	-148.0	0	0	0
1	499	F0	8	H	501	I0	3	H	1.0	-1.0	0	1	1
1	499	F0	6	H	501	I0	2	H	1.0	-1.0	0	1	0
1	28	T1	10	E	54	K1	10	E	13.0	-13.0	0	0	1
1	407	V0	6	E	495	K0	4	E	44.0	-44.0	0	0	0
1	457	S0	7	H	451	A0	1	H	3.0	3.0	0	0	1
1	457	S0	11	H	451	A0	2	H	3.0	3.0	0	0	0
1	201	F0	2	H	419	L0	12	H	109.0	-109.0	0	0	0
1	504	R1	6	H	0	O0	-1	S	0.5	0.5	1	0	1
1	504	R1	4	H	0	O0	-1	S	0.5	0.5	1	0	0
1	551	P0	2	H	134	L1	9	S	209.0	209.0	0	0	0
1	136	K1	10	H	0	O0	-1	S	0.5	0.5	1	0	1
1	136	K1	12	H	0	O0	-1	S	0.5	0.5	1	0	0
1	539	Q0	1	H	341	N0	6	S	99.0	99.0	0	0	0
1	160	E1	4	E	0	O0	-1	S	0.5	0.5	1	0	1
1	160	E1	12	E	0	O0	-1	S	0.5	0.5	1	0	0
1	75	Y0	11	E	53	K0	4	S	11.0	11.0	0	0	0
1	339	G0	8	C	342	N1	3	C	1.0	-1.0	0	0	1
1	339	G0	2	C	342	N1	2	C	1.0	-1.0	0	0	0
1	68	T1	9	C	170	K1	8	C	51.0	-51.0	0	0	0
1	91	R0	9	C	93	R0	3	C	1.0	-1.0	0	1	1
1	91	R0	12	C	93	R0	5	C	1.0	-1.0	0	1	0
1	6	F1	10	C	162	V1	10	E	78.0	-78.0	0	0	1
1	6	F1	5	C	162	V1	5	E	78.0	-78.0	0	0	0
1	286	N1	9	C	186	E1	7	E	50.0	50.0	0	0	0
1	26	D1	7	E	60	R1	7	E	17.0	-17.0	0	0	1
1	26	D1	1	E	60	R1	3	E	17.0	-17.0	0	0	0
1	244	I1	4	E	300	N1	2	E	28.0	-28.0	0	0	0
1	47	A0	12	E	48	A1	1	E	0.0	0.0	0	1	1
1	47	A0	4	E	48	A1	4	E	0.0	0.0	0	1	0
1	288	I1	11	E	244	I1	5	H	22.0	22.0	0	0	1
1	288	I1	6	E	244	I1	8	H	22.0	22.0	0	0	0
1	41	G0	10	E	496	K1	2	H	227.0	-227.0	0	0	0
1	47	A0	1	E	0	O0	-1	S	0.5	0.5	1	0	1
1	47	A0	2	E	0	O0	-1	S	0.5	0.5	1	0	0
1	223	E0	8	E	80	A1	9	S	72.0	72.0	0	0	0
1	508	L1	5	H	525	M0	7	C	9.0	-9.0	0	0	1
1	508	L1	12	H	525	M0	6	C	9.0	-9.0	0	0	0
1	544	P1	7	H	357	T0	1	C	93.0	93.0	0	0	0
1	29	G0	8	E	56	K1	2	E	13.0	-13.0	0	0	1
1	29	G0	5	E	56	K1	9	E	13.0	-13.0	0	0	0
1	138	E1	2	E	101	S0	11	E	18.0	18.0	0	0	0
1	336	D1	11	C	0	O0	-1	S	0.5	0.5	1	0	1
1	336	D1	5	C	0	O0	-1	S	0.5	0.5	1	0	0
1	354	F1	3	C	293	L0	4	S	30.0	30.0	0	0	0
1	45	F0	4	C	46	F1	9	C	0.0	0.0	0	1	1
1	45	F0	11	C	46	F1	5	C	0.0	0.0	0	1	0
1	211	E0	1	H	0	O0	-1	S	0.5	0.5	1	0	1
1	211	E0	7	H	0	O0	-1	S	0.5	0.5	1	0	0
1	439	T0	4	H	459	A0	4	S	10.0	-10.0	0	0	0
1	276	D1	11	C	0	O0	-1	S	0.5	0.5	1	0	1
1	276	D1	10	C	0	O0	-1	S	0.5	0.5	1	0	0
1	111	S0	1	C	448	T1	9	S	168.0	-168.0	0	0	0
1	166	E1	9	E	167	N0	1	C	1.0	-1.0	0	0	1
1	166	E1	10	E	167	N0	10	C	1.0	-1.0	0	0	0
1	471	E0	1	E	427	S0	11	C	22.0	22.0	0	0	0
1	76	Y1	10	E	182	I1	10	E	53.0	-53.0	0	0	1
1	76	Y1	1	E	182	I1	9	E	53.0	-53.0	0	0	0
1	237	L0	2	E	330	H1	1	E	46.0	-46.0	0	0	0
1	35	L0	11	E	36	L1	2	E	0.0	0.0	0	1	1
1	35	L0	2	E	36	L1	1	E	0.0	0.0	0	1	0
1	254	Y1	5	H	531	Q0	5	H	139.0	-139.0	0	0	1
1	254	Y1	1	H	531	Q0	2	H	139.0	-139.0	0	0	0
1	493	A0	7	H	505	R0	2	H	6.0	-6.0	0	0	0
1	93	R0	6	C	0	O0	-1	S	0.5	0.5	1	0	1
1	93	R0	5	C	0	O0	-1	S	0.5	0.5	1	0	0
1	74	Q1	8	C	96	T1	9	S	11.0	-11.0	0	0	0
1	77	A0	9	E	79	A0	3	E	1.0	-1.0	0	1	1
1	77	A0	10	E	79	A0	11	E	1.0	-1.0	0	1	0
1	437	D0	6	C	0	O0	-1	S	0.5	0.5	1	0	1
1	437	D0	12	C	0	O0	-1	S	0.5	0.5	1	0	0
1	305	K0	4	C	501	I0	11	S	98.0	-98.0	0	0	0
1	44	Q1	5	C	0	O0	-1	S	0.5	0.5	1	0	1
1	44	Q1	10	C	0	O0	-1	S	0.5	0.5	1	0	0
1	483	N0	2	C	516	D1	12	S	16.0	-16.0	0	0	0
1	311	I0	9	E	313	K0	3	E	1.0	-1.0	0	1	1
1	311	I0	6	E	313	K0	4	E	1.0	-1.0	0	1	0
1	471	E0	10	C	475	E0	7	H	2.0	-2.0	0	0	1
1	471	E0	4	C	475	E0	10	H	2.0	-2.0	0	0	0
1	157	H0	12	C	246	L1	9	H	44.0	-44.0	0	0	0
1	118	D1	2	H	117	D0	11	H	0.0	0.0	0	1	1
1	118	D1	11	H	117	D0	5	H	0.0	0.0	0	1	0
1	56	K1	10	E	74	Q1	10	E	9.0	-9.0	0	0	1
1	56	K1	6	E	74	Q1	8	E	9.0	-9.0	0	0	0
1	519	K0	1	E	327	A0	4	E	96.0	96.0	0	0	0
1	72	L1	5	C	0	O0	-1	S	0.5	0.5	1	0	1
1	72	L1	9	C	0	O0	-1	S	0.5	0.5	1	0	0
1	547	I0	4	C	167	N0	10	S	190.0	190.0	0	0	0
1	127	V0	5	H	180	L1	11	E	26.0	-26.0	0	0	1
1	127	V0	2	H	180	L1	4	E	26.0	-26.0	0	0	0
1	551	P0	12	H	339	G0	6	E	106.0	106.0	0	0	0
1	363	F0	9	C	365	V0	3	C	1.0	-1.0	0	1	1
1	363	F0	12	C	365	V0	4	C	1.0	-1.0	0	1	0
1	67	T0	1	C	0	O0	-1	S	0.5	0.5	1	0	1
1	67	T0	11	C	0	O0	-1	S	0.5	0.5	1	0	0
1	474	D1	5	C	541	H0	12	S	34.0	-34.0	0	0	0
1	213	K0	1	C	0	O0	-1	S	0.5	0.5	1	0	1
1	213	K0	12	C	0	O0	-1	S	0.5	0.5	1	0	0
1	363	F0	12	C	43	Q0	2	S	160.0	160.0	0	0	0
1	445	E0	6	H	452	A1	7	H	3.0	-3.0	0	0	1
1	445	E0	11	H	452	A1	2	H	3.0	-3.0	0	0	0
1	97	K0	12	H	71	L0	12	H	13.0	13.0	0	0	0
1	297	R0	7	C	0	O0	-1	S	0.5	0.5	1	0	1
1	297	R0	8	C	0	O0	-1	S	0.5	0.5	1	0	0
1	508	L1	1	C	259	H0	1	S	124.0	124.0	0	0	0
1	333	I0	11	C	334	I1	2	C	0.0	0.0	0	1	1
1	333	I0	4	C	334	I1	1	C	0.0	0.0	0	1	0
1	206	F1	9	H	214	K1	4	C	4.0	-4.0	0	0	1
1	206	F1	3	H	214	K1	12	C	4.0	-4.0	0	0	0
1	256	Y1	6	H	381	E0	6	C	63.0	-63.0	0	0	0
1	251	V0	6	H	258	L1	7	H	3.0	-3.0	0	0	1
1	181	I0	10	H	245	L0	12	H	32.0	-32.0	0	0	0
1	336	D1	7	C	0	O0	-1	S	0.5	0.5	1	0	1
1	336	D1	2	C	0	O0	-1	S	0.5	0.5	1	0	0
1	379	Y0	6	C	216	E1	11	S	82.0	82.0	0	0	0
1	0	O0	-1	S	283	E0	10	H	0.5	0.5	1	0	1
1	0	O0	-1	S	283	E0	11	H	0.5	0.5	1	0	0
1	14	N1	5	S	179	L0	2	H	83.0	-83.0	0	0	0
1	273	F0	12	C	352	I1	10	C	39.0	-39.0	0	0	1
1	273	F0	2	C	352	I1	7	C	39.0	-39.0	0	0	0
1	505	R0	12	C	325	L0	2	C	90.0	90.0	0	0	0
1	295	D0	8	C	308	P1	6	C	6.0	-6.0	0	0	1
1	295	D0	11	C	308	P1	4	C	6.0	-6.0	0	0	0
1	513	K0	7	C	15	V0	2	C	249.0	249.0	0	0	0
1	44	Q1	6	C	0	O0	-1	S	0.5	0.5	1	0	1
1	44	Q1	2	C	0	O0	-1	S	0.5	0.5	1	0	0
1	276	D1	7	C	11	E0	2	S	132.0	132.0	0	0	0
1	460	A1	5	C	0	O0	-1	S	0.5	0.5	1	0	1
1	460	A1	7	C	0	O0	-1	S	0.5	0.5	1	0	0
1	137	E0	11	C	265	Q0	12	S	64.0	-64.0	0	0	0
1	171	T0	9	C	173	D0	3	E	1.0	-1.0	0	1	1
1	171	T0	4	C	173	D0	2	E	1.0	-1.0	0	1	0
1	302	V1	11	C	0	O0	-1	S	0.5	0.5	1	0	1
1	302	V1	6	C	0	O0	-1	S	0.5	0.5	1	0	0
1	405	G0	5	C	514	K1	6	S	54.0	-54.0	0	0	0
1	146	P1	11	C	0	O0	-1	S	0.5	0.5	1	0	1
1	146	P1	1	C	0	O0	-1	S	0.5	0.5	1	0	0
1	76	Y1	1	C	83	F0	6	S	4.0	-4.0	0	0	0
1	241	Q0	12	H	242	Q1	1	H	0.0	0.0	0	1	1
1	241	Q0	6	H	242	Q1	2	H	0.0	0.0	0	1	0
1	335	D0	10	C	0	O0	-1	S	0.5	0.5	1	0	1
1	335	D0	7	C	0	O0	-1	S	0.5	0.5	1	0	0
1	223	E0	4	C	496	K1	2	S	136.0	-136.0	0	0	0
1	0	O0	-1	S	453	N0	5	H	0.5	0.5	1	0	1
1	0	O0	-1	S	453	N0	12	H	0.5	0.5	1	0	0
1	7	R0	8	S	537	L0	5	H	265.0	-265.0	0	0	0
1	264	L1	11	C	0	O0	-1	S	0.5	0.5	1	0	1
1	264	L1	12	C	0	O0	-1	S	0.5	0.5	1	0	0
1	64	K1	2	C	465	Y0	5	S	201.0	-201.0	0	0	0
1	271	H0	1	C	327	A0	5	C	28.0	-28.0	0	0	1
1	271	H0	5	C	327	A0	11	C	28.0	-28.0	0	0	0
1	225	E0	2	C	68	T1	12	C	79.0	79.0	0	0	0
1	226	E1	11	H	0	O0	-1	S	0.5	0.5	1	0	1
1	226	E1	7	H	0	O0	-1	S	0.5	0.5	1	0	0
1	59	R0	2	H	534	D1	3	S	237.0	-237.0	0	0	0
1	520	K1	11	H	0	O0	-1	S	0.5	0.5	1	0	1
1	520	K1	7	H	0	O0	-1	S	0.5	0.5	1	0	0
1	90	K1	8	H	181	I0	5	S	46.0	-46.0	0	0	0
1	18	D1	4	H	0	O0	-1	S	0.5	0.5	1	0	1
1	18	D1	9	H	0	O0	-1	S	0.5	0.5	1	0	0
1	245	L0	12	H	490	A1	6	S	122.0	-122.0	0	0	0
1	330	H1	10	E	0	O0	-1	S	0.5	0.5	1	0	1
1	330	H1	1	E	0	O0	-1	S	0.5	0.5	1	0	0
1	222	T1	3	E	60	R1	2	S	81.0	81.0	0	0	0
1	470	F1	11	C	495	K0	11	H	13.0	-13.0	0	0	1
1	470	F1	12	C	495	K0	2	H	13.0	-13.0	0	0	0
1	284	E1	3	C	456	V1	9	H	86.0	-86.0	0	0	0
1	277	L0	11	C	278	L1	2	C	0.0	0.0	0	1	1
1	277	L0	5	C	278	L1	6	C	0.0	0.0	0	1	0
1	516	D1	9	C	519	K0	7	H	2.0	-2.0	0	0	1
1	516	D1	12	C	519	K0	11	H	2.0	-2.0	0	0	0
1	59	R0	1	C	92	R1	4	H	16.0	-16.0	0	0	0
1	423	G0	10	C	0	O0	-1	S	0.5	0.5	1	0	1
1	423	G0	7	C	0	O0	-1	S	0.5	0.5	1	0	0
1	479	F0	8	C	88	K1	5	S	196.0	196.0	0	0	0
1	312	I1	4	E	236	F1	6	H	38.0	38.0	0	0	1
1	312	I1	3	E	236	F1	4	H	38.0	38.0	0	0	0
1	286	N1	8	E	450	L1	6	H	82.0	-82.0	0	0	0
1	339	G0	1	C	334	I1	10	C	3.0	3.0	0	0	1
1	339	G0	6	C	334	I1	1	C	3.0	3.0	0	0	0
1	385	L0	6	C	317	I0	6	C	34.0	34.0	0	0	0
1	29	G0	6	E	0	O0	-1	S	0.5	0.5	1	0	1
1	29	G0	2	E	0	O0	-1	S	0.5	0.5	1	0	0
1	17	D0	8	E	46	F1	4	S	14.0	-14.0	0	0	0
1	407	V0	1	H	413	Y0	7	H	3.0	-3.0	0	0	1
1	407	V0	10	H	413	Y0	2	H	3.0	-3.0	0	0	0
1	27	T0	1	H	313	K0	12	H	143.0	-143.0	0	0	0
1	379	Y0	8	C	0	O0	-1	S	0.5	0.5	1	0	1
1	379	Y0	12	C	0	O0	-1	S	0.5	0.5	1	0	0
1	490	A1	6	C	12	E1	2	S	239.0	239.0	0	0	0
1	347	K0	9	C	349	N0	3	C	1.0	-1.0	0	1	1
1	347	K0	7	C	349	N0	1	C	1.0	-1.0	0	1	0
1	0	O0	-1	S	293	L0	10	C	0.5	0.5	1	0	1
1	0	O0	-1	S	293	L0	4	C	0.5	0.5	1	0	0
1	446	E1	2	S	132	I1	10	C	157.0	157.0	0	0	0
1	0	O0	-1	S	111	S0	6	C	0.5	0.5	1	0	1
1	0	O0	-1	S	111	S0	7	C	0.5	0.5	1	0	0
1	518	P1	6	S	88	K1	5	C	215.0	215.0	0	0	0
1	185	E0	4	E	153	T0	8	C	16.0	16.0	0	0	1
1	185	E0	10	E	153	T0	10	C	16.0	16.0	0	0	0
1	348	K1	10	E	260	H1	11	C	44.0	44.0	0	0	0
1	113	R0	8	H	0	O0	-1	S	0.5	0.5	1	0	1
1	113	R0	2	H	0	O0	-1	S	0.5	0.5	1	0	0
1	460	A1	2	H	433	L0	2	S	13.0	13.0	0	0	0
1	484	N1	6	C	0	O0	-1	S	0.5	0.5	1	0	1
1	484	N1	1	C	0	O0	-1	S	0.5	0.5	1	0	0
1	186	E1	10	C	536	S1	3	S	175.0	-175.0	0	0	0
1	63	K0	10	C	0	O0	-1	S	0.5	0.5	1	0	1
1	63	K0	7	C	0	O0	-1	S	0.5	0.5	1	0	0
1	423	G0	5	C	133	L0	5	S	145.0	145.0	0	0	0
1	409	I0	1	H	415	I0	7	H	3.0	-3.0	0	0	1
1	409	I0	2	H	415	I0	11	H	3.0	-3.0	0	0	0
1	234	E1	11	H	327	A0	1	H	47.0	-47.0	0	0	0
1	269	A0	12	E	270	A1	1	E	0.0	0.0	0	1	1
1	269	A0	5	E	270	A1	9	E	0.0	0.0	0	1	0
1	206	F1	4	H	292	L1	12	E	43.0	-43.0	0	0	1
1	206	F1	3	H	292	L1	3	E	43.0	-43.0	0	0	0
1	219	L0	5	H	508	L1	9	E	144.0	-144.0	0	0	0
1	382	E1	4	C	0	O0	-1	S	0.5	0.5	1	0	1
1	382	E1	12	C	0	O0	-1	S	0.5	0.5	1	0	0
1	338	F1	8	C	247	N0	12	S	45.0	45.0	0	0	0
1	243	I0	7	H	237	L0	1	H	3.0	3.0	0	0	1
1	243	I0	10	H	237	L0	11	H	3.0	3.0	0	0	0
1	328	A1	11	H	24	Y1	9	H	152.0	152.0	0	0	0
1	262	S1	5	H	0	O0	-1	S	0.5	0.5	1	0	1
1	262	S1	9	H	0	O0	-1	S	0.5	0.5	1	0	0
1	337	F0	2	H	52	V1	2	S	143.0	143.0	0	0	0
1	0	O0	-1	S	529	I0	7	H	0.5	0.5	1	0	1
1	0	O0	-1	S	529	I0	4	H	0.5	0.5	1	0	0
1	53	K0	5	S	38	G1	11	H	8.0	8.0	0	0	0
1	252	V1	10	H	260	H1	4	H	4.0	-4.0	0	0	1
1	252	V1	3	H	260	H1	10	H	4.0	-4.0	0	0	0
1	354	F1	6	H	523	R0	10	H	85.0	-85.0	0	0	0
1	237	L0	6	H	244	I1	7	H	3.0	-3.0	0	0	1
1	237	L0	11	H	244	I1	6	H	3.0	-3.0	0	0	0
1	72	L1	9	H	313	K0	12	H	121.0	-121.0	0	0	0
1	0	O0	-1	S	437	D0	5	C	0.5	0.5	1	0	1
1	0	O0	-1	S	437	D0	2	C	0.5	0.5	1	0	0
1	253	Y0	6	S	169	K0	7	C	42.0	42.0	0	0	0
1	307	P0	9	C	309	R0	3	C	1.0	-1.0	0	1	1
1	307	P0	6	C	309	R0	1	C	1.0	-1.0	0	1	0
1	441	K0	9	H	443	Q0	3	H	1.0	-1.0	0	1	1
1	441	K0	5	H	443	Q0	8	H	1.0	-1.0	0	1	0
1	106	R1	6	C	0	O0	-1	S	0.5	0.5	1	0	1
1	106	R1	9	C	0	O0	-1	S	0.5	0.5	1	0	0
1	182	I1	9	C	210	A1	2	S	14.0	-14.0	0	0	0
1	122	E1	2	H	121	E0	11	H	0.0	0.0	0	1	1
1	122	E1	1	H	121	E0	4	H	0.0	0.0	0	1	0
1	126	E1	8	H	180	L1	12	E	27.0	-27.0	0	0	1
1	126	E1	2	H	180	L1	4	E	27.0	-27.0	0	0	0
1	514	K1	1	H	83	F0	5	E	215.0	215.0	0	0	0
1	0	O0	-1	S	550	K1	8	C	0.5	0.5	1	0	1
1	0	O0	-1	S	550	K1	3	C	0.5	0.5	1	0	0
1	450	L1	8	S	251	V0	4	C	99.0	99.0	0	0	0
1	108	G1	4	C	0	O0	-1	S	0.5	0.5	1	0	1
1	108	G1	8	C	0	O0	-1	S	0.5	0.5	1	0	0
1	33	E0	6	C	511	V0	10	S	239.0	-239.0	0	0	0
1	307	P0	5	C	302	V1	8	C	3.0	3.0	0	0	1
1	307	P0	6	C	302	V1	12	C	3.0	3.0	0	0	0
1	284	E1	5	C	229	A0	8	C	27.0	27.0	0	0	0
1	86	I1	12	E	119	I0	11	H	17.0	-17.0	0	0	1
1	86	I1	2	E	119	I0	2	H	17.0	-17.0	0	0	0
1	448	T1	11	E	199	L0	2	H	124.0	124.0	0	0	0
1	38	G1	6	E	0	O0	-1	S	0.5	0.5	1	0	1
1	38	G1	2	E	0	O0	-1	S	0.5	0.5	1	0	0
1	375	V0	7	E	204	D1	10	S	86.0	86.0	0	0	0
1	129	S0	6	H	0	O0	-1	S	0.5	0.5	1	0	1
1	129	S0	10	H	0	O0	-1	S	0.5	0.5	1	0	0
1	355	G0	5	H	49	V0	10	S	153.0	153.0	0	0	0
1	46	F1	11	C	105	R0	6	C	30.0	-30.0	0	0	1
1	46	F1	4	C	105	R0	2	C	30.0	-30.0	0	0	0
1	529	I0	11	C	494	A1	11	C	18.0	18.0	0	0	0
1	179	L0	7	E	81	K0	7	E	49.0	49.0	0	0	1
1	179	L0	5	E	81	K0	4	E	49.0	49.0	0	0	0
1	423	G0	5	E	47	A0	2	E	188.0	188.0	0	0	0
1	230	A1	10	H	412	T1	6	H	91.0	-91.0	0	0	1
1	230	A1	2	H	412	T1	2	H	91.0	-91.0	0	0	0
1	387	G0	11	H	196	G1	5	H	96.0	96.0	0	0	0
1	330	H1	7	E	352	I1	11	C	11.0	-11.0	0	0	1
1	330	H1	6	E	352	I1	2	C	11.0	-11.0	0	0	0
1	155	L0	1	E	503	R0	4	C	174.0	-174.0	0	0	0
1	432	F1	8	C	361	E0	6	C	35.0	35.0	0	0	1
1	432	F1	1	C	361	E0	1	C	35.0	35.0	0	0	0
1	466	Y1	9	C	523	R0	6	C	29.0	-29.0	0	0	0
1	378	N1	8	C	382	E1	3	C	2.0	-2.0	0	0	1
1	378	N1	1	C	382	E1	9	C	2.0	-2.0	0	0	0
1	528	T1	6	C	130	S1	10	C	199.0	199.0	0	0	0
1	8	R1	10	E	22	Y1	12	C	7.0	-7.0	0	0	1
1	8	R1	7	E	22	Y1	1	C	7.0	-7.0	0	0	0
1	131	I0	10	E	248	N1	9	C	58.0	-58.0	0	0	0
1	0	O0	-1	S	157	H0	1	E	0.5	0.5	1	0	1
1	0	O0	-1	S	157	H0	10	E	0.5	0.5	1	0	0
1	82	K1	2	S	442	K1	10	E	180.0	-180.0	0	0	0
1	264	L1	6	C	0	O0	-1	S	0.5	0.5	1	0	1
1	264	L1	5	C	0	O0	-1	S	0.5	0.5	1	0	0
1	43	Q0	10	C	97	K0	12	S	27.0	-27.0	0	0	0
1	364	F1	6	C	408	V1	8	H	22.0	-22.0	0	0	1
1	364	F1	10	C	408	V1	2	H	22.0	-22.0	0	0	0
1	433	L0	5	C	1	T0	6	H	216.0	216.0	0	0	0
1	460	A1	11	C	0	O0	-1	S	0.5	0.5	1	0	1
1	460	A1	7	C	0	O0	-1	S	0.5	0.5	1	0	0
1	116	E1	8	C	51	V0	1	S	32.0	32.0	0	0	0
1	20	D1	5	H	0	O0	-1	S	0.5	0.5	1	0	1
1	20	D1	1	H	0	O0	-1	S	0.5	0.5	1	0	0
1	68	T1	12	H	93	R0	5	S	13.0	-13.0	0	0	0
1	444	Q1	8	H	0	O0	-1	S	0.5	0.5	1	0	1
1	444	Q1	9	H	0	O0	-1	S	0.5	0.5	1	0	0
1	524	R1	2	H	69	G0	7	S	227.0	227.0	0	0	0
1	369	P0	5	H	456	V1	10	H	43.0	-43.0	0	0	1
1	369	P0	11	H	456	V1	9	H	43.0	-43.0	0	0	0
1	153	T0	6	H	33	E0	6	H	60.0	60.0	0	0	0
1	150	V1	8	E	141	Q0	1	C	4.0	4.0	0	0	1
1	150	V1	12	E	141	Q0	4	C	4.0	4.0	0	0	0
1	405	G0	5	E	139	I0	1	C	133.0	133.0	0	0	0
1	187	L0	5	C	78	A1	4	E	55.0	55.0	0	0	1
1	187	L0	2	C	78	A1	2	E	55.0	55.0	0	0	0
1	73	Q0	11	C	76	Y1	1	E	1.0	-1.0	0	0	0
1	547	I0	8	C	549	K0	3	C	1.0	-1.0	0	1	1
1	547	I0	2	C	549	K0	5	C	1.0	-1.0	0	1	0
1	341	N0	9	C	343	E0	3	E	1.0	-1.0	0	1	1
1	341	N0	11	C	343	E0	12	E	1.0	-1.0	0	1	0
1	243	I0	4	H	312	I1	8	E	34.0	-34.0	0	0	1
1	243	I0	2	H	312	I1	2	E	34.0	-34.0	0	0	0
1	528	T1	3	H	251	V0	1	E	138.0	138.0	0	0	0
1	276	D1	9	C	280	K1	3	C	2.0	-2.0	0	0	1
1	276	D1	10	C	280	K1	4	C	2.0	-2.0	0	0	0
1	537	L0	10	C	261	S0	9	C	138.0	138.0	0	0	0
1	354	F1	1	C	374	I1	9	H	10.0	-10.0	0	0	1
1	354	F1	3	C	374	I1	3	H	10.0	-10.0	0	0	0
1	428	S1	2	C	229	A0	8	H	99.0	99.0	0	0	0
1	192	A1	7	C	0	O0	-1	S	0.5	0.5	1	0	1
1	192	A1	9	C	0	O0	-1	S	0.5	0.5	1	0	0
1	176	V1	8	C	349	N0	8	S	87.0	-87.0	0	0	0
1	98	K1	7	C	0	O0	-1	S	0.5	0.5	1	0	1
1	315	I0	4	C	331	K0	8	S	8.0	-8.0	0	0	0
1	198	E1	9	E	201	F0	7	H	2.0	-2.0	0	0	1
1	198	E1	2	E	201	F0	11	H	2.0	-2.0	0	0	0
1	535	S0	2	E	408	V1	2	H	64.0	64.0	0	0	0
1	132	I1	5	H	332	K1	3	E	100.0	-100.0	0	0	1
1	132	I1	9	H	332	K1	1	E	100.0	-100.0	0	0	0
1	57	C0	1	H	486	T1	3	E	214.0	-214.0	0	0	0
1	338	F1	6	C	0	O0	-1	S	0.5	0.5	1	0	1
1	338	F1	1	C	0	O0	-1	S	0.5	0.5	1	0	0
1	475	E0	8	C	38	G1	2	S	219.0	219.0	0	0	0
1	82	K1	10	E	0	O0	-1	S	0.5	0.5	1	0	1
1	82	K1	4	E	0	O0	-1	S	0.5	0.5	1	0	0
1	405	G0	5	E	18	D1	9	S	194.0	194.0	0	0	0
1	520	K1	6	H	0	O0	-1	S	0.5	0.5	1	0	1
1	520	K1	8	H	0	O0	-1	S	0.5	0.5	1	0	0
1	469	F0	11	H	171	T0	7	S	149.0	149.0	0	0	0
1	0	O0	-1	S	118	D1	12	H	0.5	0.5	1	0	1
1	0	O0	-1	S	118	D1	1	H	0.5	0.5	1	0	0
1	466	Y1	9	S	217	S0	2	H	124.0	124.0	0	0	0
1	434	L1	2	C	433	L0	11	C	0.0	0.0	0	1	1
1	434	L1	9	C	433	L0	6	C	0.0	0.0	0	1	0
1	203	D0	1	H	209	A0	7	H	3.0	-3.0	0	0	1
1	203	D0	5	H	209	A0	5	H	3.0	-3.0	0	0	0
1	92	R1	4	H	381	E0	6	H	145.0	-145.0	0	0	0
1	237	L0	10	H	246	L1	3	H	4.0	-4.0	0	0	1
1	237	L0	4	H	246	L1	8	H	4.0	-4.0	0	0	0
1	363	F0	12	H	241	Q0	4	H	61.0	61.0	0	0	0
1	132	I1	3	H	123	R0	10	H	4.0	4.0	0	0	1
1	132	I1	10	H	123	R0	2	H	4.0	4.0	0	0	0
1	502	I1	2	H	97	K0	12	H	202.0	202.0	0	0	0
1	104	R1	9	C	106	R1	3	C	1.0	-1.0	0	0	1
1	104	R1	10	C	106	R1	9	C	1.0	-1.0	0	0	0
1	65	S0	1	C	374	I1	2	C	154.0	-154.0	0	0	0
1	163	Y0	9	E	165	E0	3	E	1.0	-1.0	0	1	1
1	163	Y0	5	E	165	E0	10	E	1.0	-1.0	0	1	0
1	182	I1	3	E	178	I1	9	E	2.0	2.0	0	0	1
1	182	I1	9	E	178	I1	8	E	2.0	2.0	0	0	0
1	462	V1	6	E	119	I0	6	E	171.0	171.0	0	0	0
1	0	O0	-1	S	340	G1	5	C	0.5	0.5	1	0	1
1	0	O0	-1	S	340	G1	6	C	0.5	0.5	1	0	0
1	67	T0	7	S	531	Q0	2	C	232.0	-232.0	0	0	0
1	335	D0	8	C	338	F1	2	C	1.0	-1.0	0	0	1
1	335	D0	5	C	338	F1	8	C	1.0	-1.0	0	0	0
1	128	V1	2	C	482	S1	7	C	177.0	-177.0	0	0	0
1	408	V1	10	H	428	S1	6	C	10.0	-10.0	0	0	1
1	408	V1	11	H	428	S1	7	C	10.0	-10.0	0	0	0
1	439	T0	7	H	167	N0	4	C	136.0	136.0	0	0	0
1	204	D1	1	H	202	F1	8	H	1.0	1.0	0	0	1
1	204	D1	10	H	202	F1	5	H	1.0	1.0	0	0	0
1	542	H1	11	H	367	A0	5	H	87.0	87.0	0	0	0
1	165	E0	6	E	173	D0	8	E	4.0	-4.0	0	0	1
1	165	E0	2	E	173	D0	11	E	4.0	-4.0	0	0	0
1	345	F0	2	E	174	D1	4	E	86.0	86.0	0	0	0
1	304	P1	10	C	0	O0	-1	S	0.5	0.5	1	0	1
1	304	P1	3	C	0	O0	-1	S	0.5	0.5	1	0	0
1	450	L1	1	C	101	S0	5	S	174.0	174.0	0	0	0
1	495	K0	9	H	497	D0	3	H	1.0	-1.0	0	1	1
1	495	K0	8	H	497	D0	10	H	1.0	-1.0	0	1	0
1	0	O0	-1	S	552	P1	10	C	0.5	0.5	1	0	1
1	0	O0	-1	S	552	P1	1	C	0.5	0.5	1	0	0
1	197	E0	4	S	215	E0	2	C	9.0	-9.0	0	0	0
1	18	D1	5	H	28	T1	4	E	5.0	-5.0	0	0	1
1	18	D1	8	H	28	T1	12	E	5.0	-5.0	0	0	0
1	131	I0	5	H	287	I0	11	E	78.0	-78.0	0	0	0
1	2	T1	4	C	0	O0	-1	S	0.5	0.5	1	0	1
1	2	T1	2	C	0	O0	-1	S	0.5	0.5	1	0	0
1	475	E0	8	C	350	N1	1	S	63.0	63.0	0	0	0
1	350	N1	6	C	0	O0	-1	S	0.5	0.5	1	0	1
1	350	N1	1	C	0	O0	-1	S	0.5	0.5	1	0	0
1	62	E1	11	C	259	H0	2	S	99.0	-99.0	0	0	0
1	201	F0	10	H	202	F1	3	H	0.0	0.0	0	1	1
1	201	F0	11	H	202	F1	5	H	0.0	0.0	0	1	0
1	237	L0	12	H	238	L1	1	H	0.0	0.0	0	1	1
1	237	L0	5	H	238	L1	2	H	0.0	0.0	0	1	0
1	0	O0	-1	S	462	V1	10	C	0.5	0.5	1	0	1
1	0	O0	-1	S	462	V1	2	C	0.5	0.5	1	0	0
1	387	G0	10	S	490	A1	2	C	51.0	-51.0	0	0	0
1	445	E0	5	H	0	O0	-1	S	0.5	0.5	1	0	1
1	445	E0	2	H	0	O0	-1	S	0.5	0.5	1	0	0
1	482	S1	3	H	454	N1	1	S	14.0	14.0	0	0	0
1	41	G0	12	E	42	G1	1	E	0.0	0.0	0	1	1
1	41	G0	11	E	42	G1	11	E	0.0	0.0	0	1	0
1	347	K0	6	C	0	O0	-1	S	0.5	0.5	1	0	1
1	347	K0	7	C	0	O0	-1	S	0.5	0.5	1	0	0
1	404	I1	2	C	89	K0	10	S	157.0	157.0	0	0	0
1	169	K0	8	C	172	T1	3	C	1.0	-1.0	0	0	1
1	169	K0	12	C	172	T1	10	C	1.0	-1.0	0	0	0
1	280	K1	9	C	376	V1	12	C	48.0	-48.0	0	0	0
1	92	R1	3	C	109	V0	1	E	9.0	-9.0	0	0	1
1	92	R1	4	C	109	V0	5	E	9.0	-9.0	0	0	0
1	417	L0	12	C	72	L1	1	E	173.0	173.0	0	0	0
1	496	K1	12	H	0	O0	-1	S	0.5	0.5	1	0	1
1	496	K1	2	H	0	O0	-1	S	0.5	0.5	1	0	0
1	94	R1	7	H	209	A0	2	S	58.0	-58.0	0	0	0
1	279	K0	2	C	288	I1	3	E	4.0	-4.0	0	0	1
1	279	K0	1	C	288	I1	9	E	4.0	-4.0	0	0	0
1	380	Y1	9	C	390	L1	7	E	5.0	-5.0	0	0	0
1	5	F0	8	C	10	Q1	3	C	2.0	-2.0	0	0	1
1	5	F0	11	C	10	Q1	2	C	2.0	-2.0	0	0	0
1	83	F0	1	C	482	S1	3	C	199.0	-199.0	0	0	0
1	0	O0	-1	S	228	E1	5	H	0.5	0.5	1	0	1
1	0	O0	-1	S	228	E1	4	H	0.5	0.5	1	0	0
1	273	F0	6	S	114	R1	11	H	80.0	80.0	0	0	0
1	285	N0	7	H	279	K0	8	C	3.0	3.0	0	0	1
1	285	N0	4	H	279	K0	10	C	3.0	3.0	0	0	0
1	41	G0	2	H	108	G1	5	C	33.0	-33.0	0	0	0
1	110	V1	6	E	118	D1	8	H	4.0	-4.0	0	0	1
1	110	V1	10	E	118	D1	10	H	4.0	-4.0	0	0	0
1	37	G0	4	E	422	S1	9	H	192.0	-192.0	0	0	0
1	133	L0	10	H	155	L0	4	E	11.0	-11.0	0	0	1
1	133	L0	5	H	155	L0	5	E	11.0	-11.0	0	0	0
1	210	A1	3	H	430	P1	2	E	110.0	-110.0	0	0	0
1	229	A0	12	H	230	A1	1	H	0.0	0.0	0	1	1
1	229	A0	6	H	230	A1	2	H	0.0	0.0	0	1	0
1	385	L0	7	E	343	E0	7	E	21.0	21.0	0	0	1
1	385	L0	4	E	343	E0	11	E	21.0	21.0	0	0	0
1	369	P0	12	E	483	N0	12	E	57.0	-57.0	0	0	0
1	137	E0	6	H	0	O0	-1	S	0.5	0.5	1	0	1
1	137	E0	2	H	0	O0	-1	S	0.5	0.5	1	0	0
1	362	E1	11	H	262	S1	2	S	50.0	50.0	0	0	0
1	205	F0	1	H	212	E1	7	H	3.0	-3.0	0	0	1
1	205	F0	5	H	212	E1	10	H	3.0	-3.0	0	0	0
1	52	V1	8	H	251	V0	5	H	100.0	-100.0	0	0	0
1	528	T1	5	C	0	O0	-1	S	0.5	0.5	1	0	1
1	528	T1	3	C	0	O0	-1	S	0.5	0.5	1	0	0
1	81	K0	2	C	438	D1	8	S	178.0	-178.0	0	0	0
1	538	L1	4	H	530	I1	9	H	4.0	4.0	0	0	1
1	538	L1	9	H	530	I1	2	H	4.0	4.0	0	0	0
1	320	D1	8	H	332	K1	1	H	6.0	-6.0	0	0	0
1	272	H1	6	C	319	D0	8	C	24.0	-24.0	0	0	1
1	272	H1	12	C	319	D0	1	C	24.0	-24.0	0	0	0
1	132	I1	9	C	147	N0	2	C	8.0	-8.0	0	0	0
1	253	Y0	8	H	255	Y0	3	H	1.0	-1.0	0	1	1
1	253	Y0	12	H	255	Y0	2	H	1.0	-1.0	0	1	0
1	240	K1	3	H	231	T0	10	H	4.0	4.0	0	0	1
1	240	K1	6	H	231	T0	4	H	4.0	4.0	0	0	0
1	533	D0	10	H	490	A1	9	H	22.0	22.0	0	0	0
1	0	O0	-1	S	424	G1	11	C	0.5	0.5	1	0	1
1	0	O0	-1	S	424	G1	8	C	0.5	0.5	1	0	0
1	125	E0	2	S	448	T1	3	C	161.0	-161.0	0	0	0
1	0	O0	-1	S	488	S1	4	C	0.5	0.5	1	0	1
1	0	O0	-1	S	488	S1	7	C	0.5	0.5	1	0	0
1	507	L0	5	S	99	S0	7	C	204.0	204.0	0	0	0
1	200	L1	2	H	199	L0	11	H	0.0	0.0	0	1	1
1	200	L1	1	H	199	L0	7	H	0.0	0.0	0	1	0
1	121	E0	6	H	128	V1	7	H	3.0	-3.0	0	0	1
1	121	E0	12	H	128	V1	10	H	3.0	-3.0	0	0	0
1	497	D0	6	H	452	A1	3	H	23.0	23.0	0	0	0
1	275	D0	11	C	276	D1	2	C	0.0	0.0	0	1	1
1	275	D0	1	C	276	D1	10	C	0.0	0.0	0	1	0
1	43	Q0	9	C	45	F0	3	C	1.0	-1.0	0	1	1
1	43	Q0	10	C	45	F0	5	C	1.0	-1.0	0	1	0
1	516	D1	8	C	522	K1	7	H	3.0	-3.0	0	0	1
1	516	D1	12	C	522	K1	3	H	3.0	-3.0	0	0	0
1	392	E1	6	C	71	L0	10	H	160.0	160.0	0	0	0
1	334	I1	7	C	390	L1	3	C	28.0	-28.0	0	0	1
1	334	I1	9	C	390	L1	9	C	28.0	-28.0	0	0	0
1	129	S0	10	C	406	G1	8	C	138.0	-138.0	0	0	0
1	386	L1	8	E	344	E1	2	E	21.0	21.0	0	0	1
1	386	L1	9	E	344	E1	6	E	21.0	21.0	0	0	0
1	365	V0	2	E	198	E1	6	E	84.0	84.0	0	0	0
1	32	E1	11	E	0	O0	-1	S	0.5	0.5	1	0	1
1	32	E1	5	E	0	O0	-1	S	0.5	0.5	1	0	0
1	30	G1	9	E	359	P0	2	S	165.0	-165.0	0	0	0
1	305	K0	12	C	306	K1	1	C	0.0	0.0	0	1	1
1	305	K0	5	C	306	K1	6	C	0.0	0.0	0	1	0
1	348	K1	5	C	0	O0	-1	S	0.5	0.5	1	0	1
1	348	K1	10	C	0	O0	-1	S	0.5	0.5	1	0	0
1	64	K1	12	C	357	T0	11	S	147.0	-147.0	0	0	0
1	0	O0	-1	S	475	E0	6	H	0.5	0.5	1	0	1
1	0	O0	-1	S	475	E0	8	H	0.5	0.5	1	0	0
1	406	G1	3	S	109	V0	10	H	148.0	148.0	0	0	0
1	83	F0	10	E	174	D1	10	E	45.0	-45.0	0	0	1
1	83	F0	12	E	174	D1	11	E	45.0	-45.0	0	0	0
1	239	K0	7	E	263	L0	12	E	12.0	-12.0	0	0	0
1	111	S0	9	C	113	R0	3	H	1.0	-1.0	0	1	1
1	111	S0	7	C	113	R0	12	H	1.0	-1.0	0	1	0
1	96	T1	7	C	102	S1	4	C	3.0	-3.0	0	0	1
1	96	T1	12	C	102	S1	11	C	3.0	-3.0	0	0	0
1	165	E0	10	C	201	F0	2	C	18.0	-18.0	0	0	0
1	539	Q0	9	H	541	H0	3	C	1.0	-1.0	0	1	1
1	539	Q0	2	H	541	H0	10	C	1.0	-1.0	0	1	0
1	146	P1	10	C	0	O0	-1	S	0.5	0.5	1	0	1
1	146	P1	1	C	0	O0	-1	S	0.5	0.5	1	0	0
1	487	S0	5	C	65	S0	4	S	211.0	211.0	0	0	0
1	0	O0	-1	S	26	D1	4	E	0.5	0.5	1	0	1
1	0	O0	-1	S	26	D1	1	E	0.5	0.5	1	0	0
1	399	W0	10	S	9	Q0	2	E	195.0	195.0	0	0	0
1	538	L1	12	H	254	Y1	4	H	142.0	142.0	0	0	1
1	538	L1	9	H	254	Y1	2	H	142.0	142.0	0	0	0
1	64	K1	4	H	124	R1	2	H	30.0	-30.0	0	0	0
1	239	K0	10	H	248	N1	3	H	4.0	-4.0	0	0	1
1	239	K0	5	H	248	N1	9	H	4.0	-4.0	0	0	0
1	509	L0	5	H	494	A1	9	H	8.0	8.0	0	0	0
1	43	Q0	12	C	44	Q1	1	C	0.0	0.0	0	1	1
1	43	Q0	10	C	44	Q1	2	C	0.0	0.0	0	1	0
1	474	D1	9	H	482	S1	5	C	4.0	-4.0	0	0	1
1	474	D1	6	H	482	S1	7	C	4.0	-4.0	0	0	0
1	137	E0	2	H	208	L1	1	C	35.0	-35.0	0	0	0
1	66	S1	1	C	65	S0	12	C	0.0	0.0	0	1	1
1	66	S1	8	C	65	S0	4	C	0.0	0.0	0	1	0
1	75	Y0	8	E	57	C0	8	E	9.0	9.0	0	0	1
1	75	Y0	10	E	57	C0	7	E	9.0	9.0	0	0	0
1	404	I1	2	E	504	R1	2	E	50.0	-50.0	0	0	0
1	120	I1	10	H	176	V1	7	E	28.0	-28.0	0	0	1
1	120	I1	9	H	176	V1	9	E	28.0	-28.0	0	0	0
1	501	I0	4	H	117	D0	6	E	192.0	192.0	0	0	0
1	400	W1	11	H	462	V1	5	C	31.0	-31.0	0	0	1
1	400	W1	8	H	462	V1	6	C	31.0	-31.0	0	0	0
1	429	P0	12	H	87	K0	12	C	171.0	171.0	0	0	0
1	301	V0	7	C	297	R0	1	C	2.0	2.0	0	0	1
1	301	V0	10	C	297	R0	6	C	2.0	2.0	0	0	0
1	7	R0	1	C	200	L1	5	C	96.0	-96.0	0	0	0
1	46	F1	8	C	110	V1	3	E	32.0	-32.0	0	0	1
1	46	F1	5	C	110	V1	7	E	32.0	-32.0	0	0	0
1	76	Y1	12	C	194	G1	8	E	59.0	-59.0	0	0	0
1	532	Q1	8	H	0	O0	-1	S	0.5	0.5	1	0	1
1	532	Q1	9	H	0	O0	-1	S	0.5	0.5	1	0	0
1	349	N0	8	H	389	L0	2	S	20.0	-20.0	0	0	0
1	544	P1	4	C	0	O0	-1	S	0.5	0.5	1	0	1
1	544	P1	6	C	0	O0	-1	S	0.5	0.5	1	0	0
1	189	V0	7	C	399	W0	12	S	105.0	-105.0	0	0	0
1	434	L1	12	C	0	O0	-1	S	0.5	0.5	1	0	1
1	434	L1	9	C	0	O0	-1	S	0.5	0.5	1	0	0
1	368	A1	3	C	452	A1	3	S	42.0	-42.0	0	0	0
1	230	A1	12	H	420	L1	5	H	95.0	-95.0	0	0	1
1	230	A1	3	H	420	L1	11	H	95.0	-95.0	0	0	0
1	537	L0	10	H	296	D1	10	H	121.0	121.0	0	0	0
1	303	P0	4	C	304	P1	9	C	0.0	0.0	0	1	1
1	303	P0	1	C	304	P1	3	C	0.0	0.0	0	1	0
1	549	K0	8	C	0	O0	-1	S	0.5	0.5	1	0	1
1	549	K0	6	C	0	O0	-1	S	0.5	0.5	1	0	0
1	0	O0	12	C	464	N1	11	S	0.5	0.5	1	0	0
1	2	T1	10	C	0	O0	-1	S	0.5	0.5	1	0	1
1	2	T1	2	C	0	O0	-1	S	0.5	0.5	1	0	0
1	295	D0	10	C	43	Q0	2	S	126.0	126.0	0	0	0
1	113	R0	7	H	0	O0	-1	S	0.5	0.5	1	0	1
1	113	R0	5	H	0	O0	-1	S	0.5	0.5	1	0	0
1	216	E1	11	H	512	V1	3	S	148.0	-148.0	0	0	0
1	326	L1	11	C	353	F0	2	C	14.0	-14.0	0	0	1
1	326	L1	9	C	353	F0	1	C	14.0	-14.0	0	0	0
1	507	L0	5	C	314	K1	1	C	97.0	97.0	0	0	0
1	170	K1	12	C	0	O0	-1	S	0.5	0.5	1	0	1
1	170	K1	9	C	0	O0	-1	S	0.5	0.5	1	0	0
1	397	M0	8	C	119	I0	4	S	139.0	139.0	0	0	0
1	65	S0	5	C	0	O0	-1	S	0.5	0.5	1	0	1
1	65	S0	4	C	0	O0	-1	S	0.5	0.5	1	0	0
1	124	R1	2	C	40	S1	3	S	42.0	42.0	0	0	0
1	384	P1	11	C	0	O0	-1	S	0.5	0.5	1	0	1
1	384	P1	6	C	0	O0	-1	S	0.5	0.5	1	0	0
1	220	L1	3	C	178	I1	8	S	21.0	21.0	0	0	0
1	543	P0	4	C	544	P1	9	C	0.0	0.0	0	1	1
1	543	P0	5	C	544	P1	7	C	0.0	0.0	0	1	0
1	44	Q1	12	C	0	O0	-1	S	0.5	0.5	1	0	1
1	44	Q1	9	C	0	O0	-1	S	0.5	0.5	1	0	0
1	187	L0	2	C	288	I1	6	S	50.0	-50.0	0	0	0
1	130	S1	6	H	0	O0	-1	S	0.5	0.5	1	0	1
1	130	S1	9	H	0	O0	-1	S	0.5	0.5	1	0	0
1	273	F0	4	H	197	E0	1	S	38.0	38.0	0	0	0
1	303	P0	6	C	0	O0	-1	S	0.5	0.5	1	0	1
1	303	P0	5	C	0	O0	-1	S	0.5	0.5	1	0	0
1	74	Q1	8	C	245	L0	10	S	86.0	-86.0	0	0	0
1	484	N1	8	C	0	O0	-1	S	0.5	0.5	1	0	1
1	484	N1	1	C	0	O0	-1	S	0.5	0.5	1	0	0
1	65	S0	2	C	73	Q0	5	S	4.0	-4.0	0	0	0
1	475	E0	12	H	476	E1	1	H	0.0	0.0	0	1	1
1	475	E0	8	H	476	E1	2	H	0.0	0.0	0	1	0
1	368	A1	7	C	394	A1	6	H	13.0	-13.0	0	0	1
1	368	A1	2	C	394	A1	2	H	13.0	-13.0	0	0	0
1	86	I1	2	C	414	Y1	10	H	164.0	-164.0	0	0	0
1	53	K0	10	E	57	C0	4	E	2.0	-2.0	0	0	1
1	53	K0	4	E	57	C0	1	E	2.0	-2.0	0	0	0
1	432	F1	3	E	218	S1	9	E	107.0	107.0	0	0	0
1	520	K1	12	H	0	O0	-1	S	0.5	0.5	1	0	1
1	520	K1	7	H	0	O0	-1	S	0.5	0.5	1	0	0
1	308	P1	11	H	174	D1	4	S	67.0	67.0	0	0	0
1	206	F1	12	H	236	F1	11	H	15.0	-15.0	0	0	1
1	206	F1	8	H	236	F1	1	H	15.0	-15.0	0	0	0
1	347	K0	2	H	383	P0	7	H	18.0	-18.0	0	0	0
1	31	E0	5	E	0	O0	-1	S	0.5	0.5	1	0	1
1	31	E0	11	E	0	O0	-1	S	0.5	0.5	1	0	0
1	180	L1	9	E	33	E0	1	S	73.0	73.0	0	0	0
1	431	F0	10	C	447	T0	6	H	8.0	-8.0	0	0	1
1	431	F0	8	C	447	T0	4	H	8.0	-8.0	0	0	0
1	205	F0	7	C	512	V1	7	H	153.0	-153.0	0	0	0
1	243	I0	12	H	244	I1	1	H	0.0	0.0	0	1	1
1	243	I0	10	H	244	I1	2	H	0.0	0.0	0	1	0
1	98	K1	8	C	0	O0	-1	S	0.5	0.5	1	0	1
1	524	R1	2	C	389	L0	10	S	67.0	67.0	0	0	0
1	7	R0	12	E	164	Y1	6	E	78.0	-78.0	0	0	1
1	7	R0	1	E	164	Y1	1	E	78.0	-78.0	0	0	0
1	316	I1	7	E	460	A1	9	E	72.0	-72.0	0	0	0
1	294	L1	12	C	0	O0	-1	S	0.5	0.5	1	0	1
1	294	L1	1	C	0	O0	-1	S	0.5	0.5	1	0	0
1	439	T0	1	C	516	D1	12	S	38.0	-38.0	0	0	0
1	512	V1	6	C	0	O0	-1	S	0.5	0.5	1	0	1
1	512	V1	2	C	0	O0	-1	S	0.5	0.5	1	0	0
1	465	Y0	10	C	6	F1	5	S	230.0	230.0	0	0	0
1	256	Y1	10	H	0	O0	-1	S	0.5	0.5	1	0	1
1	256	Y1	6	H	0	O0	-1	S	0.5	0.5	1	0	0
1	215	E0	2	H	365	V0	5	S	75.0	-75.0	0	0	0
1	93	R0	9	C	95	T0	3	C	1.0	-1.0	0	1	1
1	93	R0	5	C	95	T0	8	C	1.0	-1.0	0	1	0
1	193	G0	11	C	297	R0	4	C	52.0	-52.0	0	0	1
1	193	G0	7	C	297	R0	11	C	52.0	-52.0	0	0	0
1	206	F1	8	C	153	T0	11	C	26.0	26.0	0	0	0
1	482	S1	12	C	0	O0	-1	S	0.5	0.5	1	0	1
1	482	S1	2	C	0	O0	-1	S	0.5	0.5	1	0	0
1	519	K0	5	C	101	S0	10	S	209.0	209.0	0	0	0
1	294	L1	10	C	0	O0	-1	S	0.5	0.5	1	0	1
1	294	L1	7	C	0	O0	-1	S	0.5	0.5	1	0	0
1	416	I1	2	C	272	H1	1	S	72.0	72.0	0	0	0
1	447	T0	1	H	454	N1	7	H	3.0	-3.0	0	0	1
1	447	T0	2	H	454	N1	4	H	3.0	-3.0	0	0	0
1	103	R0	10	H	500	F1	1	H	198.0	-198.0	0	0	0
1	98	K1	5	C	0	O0	-1	S	0.5	0.5	1	0	1
1	497	D0	4	C	214	K1	1	S	142.0	142.0	0	0	0
1	305	K0	10	C	310	R1	3	C	2.0	-2.0	0	0	1
1	305	K0	8	C	310	R1	2	C	2.0	-2.0	0	0	0
1	191	A0	2	C	308	P1	7	C	58.0	-58.0	0	0	0
1	74	Q1	4	E	0	O0	-1	S	0.5	0.5	1	0	1
1	74	Q1	8	E	0	O0	-1	S	0.5	0.5	1	0	0
1	473	D0	2	E	522	K1	8	S	24.0	-24.0	0	0	0
1	245	L0	1	H	251	V0	7	H	3.0	-3.0	0	0	1
1	245	L0	10	H	251	V0	5	H	3.0	-3.0	0	0	0
1	516	D1	12	H	109	V0	10	H	203.0	203.0	0	0	0
1	219	L0	8	C	419	L0	1	H	100.0	-100.0	0	0	1
1	219	L0	5	C	419	L0	7	H	100.0	-100.0	0	0	0
1	550	K1	5	C	433	L0	12	H	58.0	58.0	0	0	0
1	204	D1	5	H	0	O0	-1	S	0.5	0.5	1	0	1
1	204	D1	3	H	0	O0	-1	S	0.5	0.5	1	0	0
1	531	Q0	4	H	69	G0	7	S	231.0	231.0	0	0	0
1	0	O0	-1	S	170	K1	7	C	0.5	0.5	1	0	1
1	0	O0	-1	S	170	K1	3	C	0.5	0.5	1	0	0
1	92	R1	5	S	346	F1	1	C	127.0	-127.0	0	0	0
1	0	O0	-1	S	103	R0	4	C	0.5	0.5	1	0	1
1	0	O0	-1	S	103	R0	12	C	0.5	0.5	1	0	0
1	310	R1	6	S	138	E1	11	C	86.0	86.0	0	0	0
1	332	K1	6	E	263	L0	10	C	34.0	34.0	0	0	1
1	332	K1	1	E	263	L0	2	C	34.0	34.0	0	0	0
1	16	V1	4	E	503	R0	2	C	244.0	-244.0	0	0	0
1	92	R1	7	C	111	S0	4	C	10.0	-10.0	0	0	1
1	92	R1	4	C	111	S0	1	C	10.0	-10.0	0	0	0
1	416	I1	2	C	124	R1	2	C	146.0	146.0	0	0	0
1	0	O0	-1	S	298	R1	7	C	0.5	0.5	1	0	1
1	0	O0	-1	S	298	R1	12	C	0.5	0.5	1	0	0
1	291	L0	5	S	284	E1	3	C	4.0	4.0	0	0	0
1	96	T1	4	C	0	O0	-1	S	0.5	0.5	1	0	1
1	96	T1	9	C	0	O0	-1	S	0.5	0.5	1	0	0
1	208	L1	10	C	4	V1	2	S	102.0	102.0	0	0	0
1	427	S0	12	C	428	S1	1	C	0.0	0.0	0	1	1
1	427	S0	2	C	428	S1	7	C	0.0	0.0	0	1	0
1	51	V0	12	E	52	V1	1	E	0.0	0.0	0	1	1
1	51	V0	2	E	52	V1	2	E	0.0	0.0	0	1	0
1	92	R1	11	C	0	O0	-1	S	0.5	0.5	1	0	1
1	92	R1	5	C	0	O0	-1	S	0.5	0.5	1	0	0
1	265	Q0	7	C	437	D0	1	S	86.0	-86.0	0	0	0
1	0	O0	-1	S	169	K0	4	C	0.5	0.5	1	0	1
1	0	O0	-1	S	169	K0	7	C	0.5	0.5	1	0	0
1	155	L0	8	S	378	N1	9	C	111.0	-111.0	0	0	0
1	393	A0	12	H	394	A1	1	H	0.0	0.0	0	1	1
1	393	A0	11	H	394	A1	9	H	0.0	0.0	0	1	0
1	350	N1	10	C	0	O0	-1	S	0.5	0.5	1	0	1
1	350	N1	4	C	0	O0	-1	S	0.5	0.5	1	0	0
1	363	F0	1	C	57	C0	5	S	153.0	153.0	0	0	0
1	399	W0	9	H	407	V0	4	H	4.0	-4.0	0	0	1
1	399	W0	7	H	407	V0	6	H	4.0	-4.0	0	0	0
1	85	I0	1	H	67	T0	11	H	9.0	9.0	0	0	0
1	426	A1	5	C	0	O0	-1	S	0.5	0.5	1	0	1
1	426	A1	8	C	0	O0	-1	S	0.5	0.5	1	0	0
1	271	H0	2	C	329	H0	10	S	29.0	-29.0	0	0	0
1	463	N0	5	C	0	O0	-1	S	0.5	0.5	1	0	1
1	463	N0	10	C	0	O0	-1	S	0.5	0.5	1	0	0
1	482	S1	7	C	57	C0	11	S	212.0	212.0	0	0	0
1	153	T0	12	C	154	T1	1	C	0.0	0.0	0	1	1
1	153	T0	11	C	154	T1	2	C	0.0	0.0	0	1	0
1	169	K0	9	C	171	T0	3	C	1.0	-1.0	0	1	1
1	169	K0	5	C	171	T0	11	C	1.0	-1.0	0	1	0
1	225	E0	12	H	226	E1	1	H	0.0	0.0	0	1	1
1	225	E0	2	H	226	E1	2	H	0.0	0.0	0	1	0
1	400	W1	3	H	524	R1	11	C	62.0	-62.0	0	0	1
1	400	W1	8	H	524	R1	2	C	62.0	-62.0	0	0	0
1	125	E0	4	H	290	M1	5	C	82.0	-82.0	0	0	0
1	435	G0	3	C	433	L0	9	C	1.0	1.0	0	1	1
1	435	G0	5	C	433	L0	10	C	1.0	1.0	0	1	0
1	29	G0	7	E	55	K0	8	E	13.0	-13.0	0	0	1
1	29	G0	2	E	55	K0	11	E	13.0	-13.0	0	0	0
1	10	Q1	2	E	175	V0	1	E	83.0	-83.0	0	0	0
1	0	O0	-1	S	438	D1	6	C	0.5	0.5	1	0	1
1	0	O0	-1	S	438	D1	9	C	0.5	0.5	1	0	0
1	448	T1	3	S	414	Y1	10	C	17.0	17.0	0	0	0
1	61	E0	3	E	59	R0	9	E	1.0	1.0	0	1	1
1	61	E0	2	E	59	R0	10	E	1.0	1.0	0	1	0
1	209	A0	4	H	201	F0	9	H	4.0	4.0	0	0	1
1	209	A0	2	H	201	F0	1	H	4.0	4.0	0	0	0
1	142	Q1	7	H	511	V0	4	H	185.0	-185.0	0	0	0
1	17	D0	10	H	0	O0	-1	S	0.5	0.5	1	0	1
1	17	D0	1	H	0	O0	-1	S	0.5	0.5	1	0	0
1	381	E0	2	H	513	K0	4	S	66.0	-66.0	0	0	0
1	90	K1	3	E	173	D0	1	E	42.0	-42.0	0	0	1
1	90	K1	2	E	173	D0	6	E	42.0	-42.0	0	0	0
1	171	T0	1	E	278	L1	10	E	53.0	-53.0	0	0	0
1	0	O0	-1	S	27	T0	7	E	0.5	0.5	1	0	1
1	0	O0	-1	S	27	T0	10	E	0.5	0.5	1	0	0
1	442	K1	9	S	530	I1	5	E	44.0	-44.0	0	0	0
1	46	F1	3	C	44	Q1	8	C	1.0	1.0	0	0	1
1	46	F1	5	C	44	Q1	2	C	1.0	1.0	0	0	0
1	380	Y1	8	C	116	E1	7	C	132.0	132.0	0	0	0
1	337	F0	9	C	339	G0	7	C	1.0	-1.0	0	1	1
1	337	F0	2	C	339	G0	6	C	1.0	-1.0	0	1	0
1	2	T1	5	C	0	O0	-1	S	0.5	0.5	1	0	1
1	2	T1	2	C	0	O0	-1	S	0.5	0.5	1	0	0
1	180	L1	4	C	169	K0	6	S	5.0	5.0	0	0	0
1	434	L1	6	C	0	O0	-1	S	0.5	0.5	1	0	1
1	434	L1	7	C	0	O0	-1	S	0.5	0.5	1	0	0
1	0	O0	4	C	283	E0	1	S	0.5	0.5	1	0	0
1	337	F0	10	C	0	O0	-1	S	0.5	0.5	1	0	1
1	337	F0	11	C	0	O0	-1	S	0.5	0.5	1	0	0
1	186	E1	12	C	328	A1	2	S	71.0	-71.0	0	0	0
1	500	F1	9	H	508	L1	4	H	4.0	-4.0	0	0	1
1	500	F1	10	H	508	L1	1	H	4.0	-4.0	0	0	0
1	44	Q1	9	H	84	F1	9	H	20.0	-20.0	0	0	0
1	549	K0	2	C	0	O0	-1	S	0.5	0.5	1	0	1
1	549	K0	5	C	0	O0	-1	S	0.5	0.5	1	0	0
1	542	H1	7	C	38	G1	2	S	252.0	252.0	0	0	0
1	76	Y1	4	E	0	O0	-1	S	0.5	0.5	1	0	1
1	76	Y1	1	E	0	O0	-1	S	0.5	0.5	1	0	0
1	105	R0	1	E	275	D0	6	S	85.0	-85.0	0	0	0
1	416	I1	5	H	428	S1	5	C	6.0	-6.0	0	0	1
1	416	I1	8	H	428	S1	11	C	6.0	-6.0	0	0	0
1	267	I0	11	H	366	V1	3	C	49.0	-49.0	0	0	0
1	0	O0	-1	S	549	K0	8	C	0.5	0.5	1	0	1
1	0	O0	-1	S	549	K0	12	C	0.5	0.5	1	0	0
1	506	R1	9	S	128	V1	4	C	189.0	189.0	0	0	0
1	92	R1	12	C	0	O0	-1	S	0.5	0.5	1	0	1
1	92	R1	5	C	0	O0	-1	S	0.5	0.5	1	0	0
1	488	S1	12	C	367	A0	1	S	60.0	60.0	0	0	0
1	316	I1	9	E	322	F1	5	C	3.0	-3.0	0	0	1
1	316	I1	6	E	322	F1	7	C	3.0	-3.0	0	0	0
1	31	E0	7	E	542	H1	7	C	255.0	-255.0	0	0	0
1	552	P1	11	C	0	O0	-1	S	0.5	0.5	1	0	1
1	552	P1	1	C	0	O0	-1	S	0.5	0.5	1	0	0
1	36	L1	9	C	259	H0	2	S	112.0	-112.0	0	0	0
1	62	E1	1	E	61	E0	12	E	0.0	0.0	0	1	1
1	62	E1	3	E	61	E0	11	E	0.0	0.0	0	1	0
1	22	Y1	8	C	164	Y1	11	E	71.0	-71.0	0	0	1
1	22	Y1	1	C	164	Y1	1	E	71.0	-71.0	0	0	0
1	247	N0	5	C	424	G1	3	E	88.0	-88.0	0	0	0
1	0	O0	-1	S	490	A1	3	H	0.5	0.5	1	0	1
1	0	O0	-1	S	490	A1	2	H	0.5	0.5	1	0	0
1	147	N0	12	S	226	E1	3	H	39.0	-39.0	0	0	0
1	0	O0	-1	S	226	E1	6	H	0.5	0.5	1	0	1
1	0	O0	-1	S	226	E1	10	H	0.5	0.5	1	0	0
1	442	K1	2	S	522	K1	3	H	40.0	-40.0	0	0	0
1	44	Q1	4	C	0	O0	-1	S	0.5	0.5	1	0	1
1	44	Q1	3	C	0	O0	-1	S	0.5	0.5	1	0	0
1	402	S1	9	C	97	K0	9	S	152.0	152.0	0	0	0
1	115	E0	11	H	0	O0	-1	S	0.5	0.5	1	0	1
1	115	E0	2	H	0	O0	-1	S	0.5	0.5	1	0	0
1	426	A1	9	H	89	K0	5	S	168.0	168.0	0	0	0
1	215	E0	1	C	0	O0	-1	S	0.5	0.5	1	0	1
1	215	E0	2	C	0	O0	-1	S	0.5	0.5	1	0	0
1	492	L1	6	C	136	K1	5	S	178.0	178.0	0	0	0
1	8	R1	8	E	164	Y1	5	E	78.0	-78.0	0	0	1
1	8	R1	1	E	164	Y1	9	E	78.0	-78.0	0	0	0
1	419	L0	2	E	286	N1	1	E	67.0	67.0	0	0	0
1	54	K1	4	E	0	O0	-1	S	0.5	0.5	1	0	1
1	352	I1	7	E	0	O0	11	S	0.5	0.5	1	0	0
1	364	F1	5	C	416	I1	12	H	26.0	-26.0	0	0	1
1	364	F1	1	C	416	I1	2	H	26.0	-26.0	0	0	0
1	440	T1	2	C	327	A0	4	H	56.0	56.0	0	0	0
1	511	V0	8	C	524	R1	5	C	6.0	-6.0	0	0	1
1	511	V0	4	C	524	R1	2	C	6.0	-6.0	0	0	0
1	351	I0	10	C	368	A1	5	C	8.0	-8.0	0	0	0
1	227	E0	2	H	231	T0	2	H	2.0	-2.0	0	0	1
1	227	E0	5	H	231	T0	1	H	2.0	-2.0	0	0	0
1	211	E0	2	H	226	E1	7	H	7.0	-7.0	0	0	0
1	391	E0	4	H	392	E1	9	H	0.0	0.0	0	1	1
1	391	E0	7	H	392	E1	12	H	0.0	0.0	0	1	0
1	338	F1	7	C	0	O0	-1	S	0.5	0.5	1	0	1
1	338	F1	8	C	0	O0	-1	S	0.5	0.5	1	0	0
1	154	T1	2	C	318	I1	6	S	82.0	-82.0	0	0	0
1	350	N1	5	C	0	O0	-1	S	0.5	0.5	1	0	1
1	350	N1	4	C	0	O0	-1	S	0.5	0.5	1	0	0
1	261	S0	2	C	93	R0	2	S	84.0	84.0	0	0	0
1	0	O0	-1	S	506	R1	1	H	0.5	0.5	1	0	1
1	0	O0	-1	S	506	R1	9	H	0.5	0.5	1	0	0
1	535	S0	8	S	155	L0	5	H	190.0	190.0	0	0	0
1	193	G0	12	C	194	G1	1	C	0.0	0.0	0	1	1
1	193	G0	6	C	194	G1	12	C	0.0	0.0	0	1	0
1	301	V0	5	C	0	O0	-1	S	0.5	0.5	1	0	1
1	301	V0	4	C	0	O0	-1	S	0.5	0.5	1	0	0
1	201	F0	11	C	296	D1	10	S	47.0	-47.0	0	0	0
1	381	E0	8	C	386	L1	3	E	2.0	-2.0	0	0	1
1	381	E0	2	C	386	L1	7	E	2.0	-2.0	0	0	0
1	200	L1	10	C	211	E0	7	E	6.0	-6.0	0	0	0
1	235	F0	8	H	237	L0	3	H	1.0	-1.0	0	1	1
1	235	F0	9	H	237	L0	11	H	1.0	-1.0	0	1	0
1	0	O0	-1	S	545	W0	6	C	0.5	0.5	1	0	1
1	0	O0	-1	S	545	W0	11	C	0.5	0.5	1	0	0
1	493	A0	10	S	246	L1	9	C	124.0	124.0	0	0	0
1	218	S1	5	C	0	O0	-1	S	0.5	0.5	1	0	1
1	218	S1	2	C	0	O0	-1	S	0.5	0.5	1	0	0
1	428	S1	2	C	226	E1	3	S	101.0	101.0	0	0	0
1	444	Q1	11	H	0	O0	-1	S	0.5	0.5	1	0	1
1	444	Q1	7	H	0	O0	-1	S	0.5	0.5	1	0	0
1	284	E1	5	H	190	V1	6	S	47.0	47.0	0	0	0
1	113	R0	9	H	115	E0	3	H	1.0	-1.0	0	1	1
1	113	R0	12	H	115	E0	5	H	1.0	-1.0	0	1	0
1	191	A0	12	C	192	A1	1	C	0.0	0.0	0	1	1
1	191	A0	1	C	192	A1	4	C	0.0	0.0	0	1	0
1	107	G0	4	C	0	O0	-1	S	0.5	0.5	1	0	1
1	107	G0	2	C	0	O0	-1	S	0.5	0.5	1	0	0
1	420	L1	12	C	493	A0	7	S	37.0	-37.0	0	0	0
1	466	Y1	2	C	0	O0	-1	S	0.5	0.5	1	0	1
1	466	Y1	9	C	0	O0	-1	S	0.5	0.5	1	0	0
1	531	Q0	4	C	58	C1	3	S	237.0	237.0	0	0	0
1	251	V0	10	H	260	H1	7	H	4.0	-4.0	0	0	1
1	251	V0	4	H	260	H1	11	H	4.0	-4.0	0	0	0
1	419	L0	7	H	100	S1	10	H	160.0	160.0	0	0	0
1	389	L0	8	C	392	E1	1	H	1.0	-1.0	0	0	1
1	389	L0	2	C	392	E1	6	H	1.0	-1.0	0	0	0
1	510	L1	1	C	254	Y1	11	H	128.0	128.0	0	0	0
1	483	N0	9	C	485	T0	3	C	1.0	-1.0	0	1	1
1	483	N0	7	C	485	T0	5	C	1.0	-1.0	0	1	0
1	373	I0	12	H	374	I1	1	H	0.0	0.0	0	1	1
1	373	I0	4	H	374	I1	11	H	0.0	0.0	0	1	0
1	112	S1	8	C	117	D0	7	H	3.0	-3.0	0	0	1
1	112	S1	5	C	117	D0	10	H	3.0	-3.0	0	0	0
1	517	P0	10	C	311	I0	11	H	103.0	103.0	0	0	0
1	440	T1	10	C	444	Q1	2	H	2.0	-2.0	0	0	1
1	440	T1	2	C	444	Q1	9	H	2.0	-2.0	0	0	0
1	204	D1	3	C	427	S0	11	H	112.0	-112.0	0	0	0
1	479	F0	11	H	480	F1	2	H	0.0	0.0	0	1	1
1	479	F0	10	H	480	F1	11	H	0.0	0.0	0	1	0
1	475	E0	9	H	477	Y0	3	H	1.0	-1.0	0	1	1
1	475	E0	8	H	477	Y0	5	H	1.0	-1.0	0	1	0
1	116	E1	12	H	0	O0	-1	S	0.5	0.5	1	0	1
1	116	E1	7	H	0	O0	-1	S	0.5	0.5	1	0	0
1	29	G0	2	H	429	P0	2	S	200.0	-200.0	0	0	0
1	0	O0	-1	S	49	V0	4	E	0.5	0.5	1	0	1
1	0	O0	-1	S	49	V0	1	E	0.5	0.5	1	0	0
1	440	T1	2	S	384	P1	1	E	28.0	28.0	0	0	0
1	97	K0	4	C	0	O0	-1	S	0.5	0.5	1	0	1
1	97	K0	1	C	0	O0	-1	S	0.5	0.5	1	0	0
1	501	I0	4	C	20	D1	11	S	241.0	241.0	0	0	0
1	441	K0	6	H	448	T1	7	H	3.0	-3.0	0	0	1
1	441	K0	5	H	448	T1	4	H	3.0	-3.0	0	0	0
1	127	V0	7	H	238	L1	4	H	55.0	-55.0	0	0	0
1	552	P1	6	C	0	O0	-1	S	0.5	0.5	1	0	1
1	552	P1	1	C	0	O0	-1	S	0.5	0.5	1	0	0
1	272	H1	3	C	370	P1	11	S	49.0	-49.0	0	0	0
1	489	A0	5	H	496	K1	7	H	3.0	-3.0	0	0	1
1	489	A0	8	H	496	K1	3	H	3.0	-3.0	0	0	0
1	406	G1	2	H	131	I0	11	H	137.0	137.0	0	0	0
1	3	V0	9	C	5	F0	3	C	1.0	-1.0	0	1	1
1	3	V0	4	C	5	F0	5	C	1.0	-1.0	0	1	0
1	461	V0	9	C	463	N0	3	C	1.0	-1.0	0	1	1
1	461	V0	7	C	463	N0	1	C	1.0	-1.0	0	1	0
1	532	Q1	6	H	0	O0	-1	S	0.5	0.5	1	0	1
1	532	Q1	3	H	0	O0	-1	S	0.5	0.5	1	0	0
1	350	N1	4	H	441	K0	5	S	46.0	-46.0	0	0	0
1	212	E1	6	H	0	O0	-1	S	0.5	0.5	1	0	1
1	212	E1	10	H	0	O0	-1	S	0.5	0.5	1	0	0
1	103	R0	8	H	497	D0	10	S	197.0	-197.0	0	0	0
1	164	Y1	7	E	182	I1	4	E	9.0	-9.0	0	0	1
1	164	Y1	9	E	182	I1	12	E	9.0	-9.0	0	0	0
1	265	Q0	6	E	406	G1	7	E	70.0	-70.0	0	0	0
1	159	E0	12	E	160	E1	1	E	0.0	0.0	0	1	1
1	159	E0	10	E	160	E1	12	E	0.0	0.0	0	1	0
1	207	L0	8	H	0	O0	-1	S	0.5	0.5	1	0	1
1	207	L0	2	H	0	O0	-1	S	0.5	0.5	1	0	0
1	60	R1	3	H	157	H0	2	S	49.0	-49.0	0	0	0
1	239	K0	12	H	240	K1	1	H	0.0	0.0	0	1	1
1	239	K0	7	H	240	K1	2	H	0.0	0.0	0	1	0
1	375	V0	12	H	376	V1	1	H	0.0	0.0	0	1	1
1	375	V0	6	H	376	V1	12	H	0.0	0.0	0	1	0
1	134	L1	5	H	322	F1	8	C	94.0	-94.0	0	0	1
1	134	L1	1	H	322	F1	7	C	94.0	-94.0	0	0	0
1	539	Q0	12	H	106	R1	5	C	217.0	217.0	0	0	0
1	45	F0	10	C	87	K0	7	E	21.0	-21.0	0	0	1
1	45	F0	11	C	87	K0	4	E	21.0	-21.0	0	0	0
1	143	H0	5	C	56	K1	9	E	44.0	44.0	0	0	0
1	75	Y0	1	E	188	L1	4	C	56.0	-56.0	0	0	1
1	75	Y0	10	E	188	L1	5	C	56.0	-56.0	0	0	0
1	25	D0	12	E	438	D1	1	C	206.0	-206.0	0	0	0
1	0	O0	-1	S	100	S1	5	C	0.5	0.5	1	0	1
1	0	O0	-1	S	100	S1	9	C	0.5	0.5	1	0	0
1	270	A1	12	S	549	K0	6	C	140.0	-140.0	0	0	0
1	437	D0	7	C	446	E1	8	H	4.0	-4.0	0	0	1
1	437	D0	12	C	446	E1	2	H	4.0	-4.0	0	0	0
1	549	K0	6	C	357	T0	7	H	96.0	96.0	0	0	0
1	23	Y0	11	E	24	Y1	2	E	0.0	0.0	0	1	1
1	23	Y0	4	E	24	Y1	1	E	0.0	0.0	0	1	0
1	374	I1	6	H	351	I0	8	C	11.0	11.0	0	0	1
1	374	I1	3	H	351	I0	7	C	11.0	11.0	0	0	0
1	121	E0	4	H	550	K1	5	C	214.0	-214.0	0	0	0
1	392	E1	7	H	388	G1	8	C	2.0	2.0	0	0	1
1	392	E1	6	H	388	G1	2	C	2.0	2.0	0	0	0
1	43	Q0	10	H	523	R0	11	C	240.0	-240.0	0	0	0
1	549	K0	9	C	551	P0	3	C	1.0	-1.0	0	1	1
1	549	K0	10	C	551	P0	12	C	1.0	-1.0	0	1	0
1	236	F1	8	H	418	L1	11	H	91.0	-91.0	0	0	1
1	236	F1	3	H	418	L1	6	H	91.0	-91.0	0	0	0
1	347	K0	4	H	92	R1	4	H	128.0	128.0	0	0	0
1	0	O0	-1	S	14	N1	12	C	0.5	0.5	1	0	1
1	0	O0	-1	S	14	N1	3	C	0.5	0.5	1	0	0
1	341	N0	7	S	447	T0	11	C	53.0	-53.0	0	0	0
1	211	E0	9	H	0	O0	-1	S	0.5	0.5	1	0	1
1	211	E0	4	H	0	O0	-1	S	0.5	0.5	1	0	0
1	341	N0	8	H	476	E1	2	S	67.0	-67.0	0	0	0
1	506	R1	3	H	504	R1	8	H	1.0	1.0	0	0	1
1	506	R1	9	H	504	R1	4	H	1.0	1.0	0	0	0
1	118	D1	11	H	523	R0	4	H	203.0	-203.0	0	0	0
1	0	O0	-1	S	107	G0	4	C	0.5	0.5	1	0	1
1	0	O0	-1	S	107	G0	7	C	0.5	0.5	1	0	0
1	134	L1	12	S	172	T1	10	C	19.0	-19.0	0	0	0
1	162	V1	9	E	163	Y0	2	E	1.0	-1.0	0	0	1
1	162	V1	12	E	163	Y0	5	E	1.0	-1.0	0	0	0
1	186	E1	10	E	20	D1	11	E	83.0	83.0	0	0	0
1	94	R1	10	C	0	O0	-1	S	0.5	0.5	1	0	1
1	94	R1	9	C	0	O0	-1	S	0.5	0.5	1	0	0
1	139	I0	5	C	181	I0	4	S	21.0	-21.0	0	0	0
1	0	O0	-1	S	296	D1	12	C	0.5	0.5	1	0	1
1	0	O0	-1	S	296	D1	3	C	0.5	0.5	1	0	0
1	429	P0	5	S	455	V0	11	C	13.0	-13.0	0	0	0
1	0	O0	-1	S	54	K1	12	E	0.5	0.5	1	0	1
1	356	G1	2	S	503	R0	2	E	74.0	-74.0	0	0	0
1	399	W0	3	H	397	M0	9	H	1.0	1.0	0	1	1
1	399	W0	12	H	397	M0	7	H	1.0	1.0	0	1	0
1	346	F1	4	C	384	P1	5	C	19.0	-19.0	0	0	1
1	346	F1	1	C	384	P1	6	C	19.0	-19.0	0	0	0
1	525	M0	11	C	476	E1	2	C	25.0	25.0	0	0	0
1	0	O0	-1	S	452	A1	10	H	0.5	0.5	1	0	1
1	0	O0	-1	S	452	A1	9	H	0.5	0.5	1	0	0
1	106	R1	5	S	504	R1	4	H	199.0	-199.0	0	0	0
1	228	E1	12	H	0	O0	-1	S	0.5	0.5	1	0	1
1	228	E1	3	H	0	O0	-1	S	0.5	0.5	1	0	0
1	87	K0	4	H	5	F0	11	S	41.0	41.0	0	0	0
1	142	Q1	5	C	154	T1	11	C	6.0	-6.0	0	0	1
1	142	Q1	1	C	154	T1	6	C	6.0	-6.0	0	0	0
1	420	L1	9	C	139	I0	4	C	140.0	140.0	0	0	0
1	360	P1	11	C	0	O0	-1	S	0.5	0.5	1	0	1
1	360	P1	1	C	0	O0	-1	S	0.5	0.5	1	0	0
1	322	F1	7	C	475	E0	8	S	77.0	-77.0	0	0	0
1	272	H1	5	C	322	F1	1	C	25.0	-25.0	0	0	1
1	272	H1	3	C	322	F1	7	C	25.0	-25.0	0	0	0
1	173	D0	11	C	178	I1	2	C	2.0	-2.0	0	0	0
1	420	L1	10	H	486	T1	11	C	33.0	-33.0	0	0	1
1	420	L1	11	H	486	T1	8	C	33.0	-33.0	0	0	0
1	316	I1	2	H	449	L0	2	C	67.0	-67.0	0	0	0
1	0	O0	-1	S	551	P0	11	C	0.5	0.5	1	0	1
1	0	O0	-1	S	551	P0	2	C	0.5	0.5	1	0	0
1	170	K1	1	S	2	T1	2	C	84.0	84.0	0	0	0
1	240	K1	8	H	0	O0	-1	S	0.5	0.5	1	0	1
1	240	K1	2	H	0	O0	-1	S	0.5	0.5	1	0	0
1	170	K1	6	H	331	K0	4	S	81.0	-81.0	0	0	0
1	342	N1	12	C	0	O0	-1	S	0.5	0.5	1	0	1
1	342	N1	2	C	0	O0	-1	S	0.5	0.5	1	0	0
1	283	E0	1	C	318	I1	11	S	17.0	-17.0	0	0	0
1	353	F0	7	C	0	O0	-1	S	0.5	0.5	1	0	1
1	353	F0	10	C	0	O0	-1	S	0.5	0.5	1	0	0
1	27	T0	4	C	474	D1	1	S	223.0	-223.0	0	0	0
1	472	E1	4	C	0	O0	-1	S	0.5	0.5	1	0	1
1	472	E1	9	C	0	O0	-1	S	0.5	0.5	1	0	0
1	167	N0	4	C	73	Q0	8	S	47.0	47.0	0	0	0
1	77	A0	12	E	78	A1	1	E	0.0	0.0	0	1	1
1	77	A0	11	E	78	A1	8	E	0.0	0.0	0	1	0
1	0	O0	-1	S	349	N0	4	C	0.5	0.5	1	0	1
1	0	O0	-1	S	349	N0	8	C	0.5	0.5	1	0	0
1	275	D0	8	S	120	I1	2	C	78.0	78.0	0	0	0
1	18	D1	6	H	25	D0	5	E	4.0	-4.0	0	0	1
1	18	D1	8	H	25	D0	12	E	4.0	-4.0	0	0	0
1	342	N1	2	H	328	A1	7	E	7.0	7.0	0	0	0
1	471	E0	6	C	0	O0	-1	S	0.5	0.5	1	0	1
1	471	E0	1	C	0	O0	-1	S	0.5	0.5	1	0	0
1	157	H0	4	C	196	G1	3	S	19.0	-19.0	0	0	0
1	283	E0	9	H	285	N0	3	H	1.0	-1.0	0	1	1
1	283	E0	8	H	285	N0	12	H	1.0	-1.0	0	1	0
1	84	F1	12	E	0	O0	-1	S	0.5	0.5	1	0	1
1	84	F1	5	E	0	O0	-1	S	0.5	0.5	1	0	0
1	277	L0	7	E	102	S1	11	S	88.0	88.0	0	0	0
1	82	K1	9	E	86	I1	4	E	2.0	-2.0	0	0	1
1	82	K1	2	E	86	I1	2	E	2.0	-2.0	0	0	0
1	182	I1	9	E	243	I0	10	E	31.0	-31.0	0	0	0
1	351	I0	12	C	352	I1	1	C	0.0	0.0	0	1	1
1	351	I0	2	C	352	I1	7	C	0.0	0.0	0	1	0
1	325	L0	9	C	327	A0	3	C	1.0	-1.0	0	1	1
1	325	L0	5	C	327	A0	11	C	1.0	-1.0	0	1	0
1	532	Q1	4	H	0	O0	-1	S	0.5	0.5	1	0	1
1	532	Q1	3	H	0	O0	-1	S	0.5	0.5	1	0	0
1	84	F1	5	H	308	P1	4	S	112.0	-112.0	0	0	0
1	373	I0	1	H	379	Y0	1	C	3.0	-3.0	0	0	1
1	373	I0	5	H	379	Y0	4	C	3.0	-3.0	0	0	0
1	208	L1	10	H	207	L0	6	C	0.0	0.0	0	0	0
1	477	Y0	6	H	0	O0	-1	S	0.5	0.5	1	0	1
1	477	Y0	8	H	0	O0	-1	S	0.5	0.5	1	0	0
1	140	I1	2	H	504	R1	4	S	182.0	-182.0	0	0	0
1	13	N0	2	C	22	Y1	7	C	4.0	-4.0	0	0	1
1	13	N0	5	C	22	Y1	1	C	4.0	-4.0	0	0	0
1	534	D1	3	C	329	H0	12	C	102.0	102.0	0	0	0
1	15	V0	9	H	17	D0	3	H	1.0	-1.0	0	1	1
1	15	V0	4	H	17	D0	12	H	1.0	-1.0	0	1	0
1	122	E1	12	H	0	O0	-1	S	0.5	0.5	1	0	1
1	122	E1	1	H	0	O0	-1	S	0.5	0.5	1	0	0
1	19	D0	5	H	78	A1	11	S	29.0	-29.0	0	0	0
1	365	V0	1	C	402	S1	5	H	18.0	-18.0	0	0	1
1	365	V0	5	C	402	S1	3	H	18.0	-18.0	0	0	0
1	42	G1	2	C	49	V0	1	H	4.0	-4.0	0	0	0
1	116	E1	11	H	0	O0	-1	S	0.5	0.5	1	0	1
1	116	E1	8	H	0	O0	-1	S	0.5	0.5	1	0	0
1	159	E0	11	H	84	F1	1	S	38.0	38.0	0	0	0
1	34	E1	6	E	50	V1	6	E	8.0	-8.0	0	0	1
1	34	E1	2	E	50	V1	2	E	8.0	-8.0	0	0	0
1	194	G1	5	E	295	D0	4	E	51.0	-51.0	0	0	0
1	0	O0	-1	S	141	Q0	10	C	0.5	0.5	1	0	1
1	0	O0	-1	S	141	Q0	4	C	0.5	0.5	1	0	0
1	503	R0	4	S	389	L0	10	C	57.0	57.0	0	0	0
1	0	O0	-1	S	459	A0	6	C	0.5	0.5	1	0	1
1	0	O0	-1	S	459	A0	2	C	0.5	0.5	1	0	0
1	4	V1	2	S	90	K1	2	C	43.0	-43.0	0	0	0
1	69	G0	4	C	0	O0	-1	S	0.5	0.5	1	0	1
1	69	G0	8	C	0	O0	-1	S	0.5	0.5	1	0	0
1	433	L0	5	C	544	P1	3	S	55.0	-55.0	0	0	0
1	32	E1	7	E	56	K1	7	E	12.0	-12.0	0	0	1
1	32	E1	2	E	56	K1	4	E	12.0	-12.0	0	0	0
1	491	L0	7	E	331	K0	1	E	80.0	80.0	0	0	0
1	165	E0	12	E	166	E1	1	E	0.0	0.0	0	1	1
1	165	E0	2	E	166	E1	2	E	0.0	0.0	0	1	0
1	421	S0	11	H	477	Y0	10	H	28.0	-28.0	0	0	1
1	421	S0	7	H	477	Y0	1	H	28.0	-28.0	0	0	0
1	318	I1	2	H	46	F1	12	H	136.0	136.0	0	0	0
1	86	I1	10	E	110	V1	12	E	12.0	-12.0	0	0	1
1	86	I1	2	E	110	V1	11	E	12.0	-12.0	0	0	0
1	233	E0	12	E	209	A0	2	E	12.0	12.0	0	0	0
1	298	R1	10	C	0	O0	-1	S	0.5	0.5	1	0	1
1	298	R1	12	C	0	O0	-1	S	0.5	0.5	1	0	0
1	403	I0	11	C	238	L1	4	S	83.0	83.0	0	0	0
1	27	T0	9	E	29	G0	3	E	1.0	-1.0	0	1	1
1	27	T0	4	E	29	G0	2	E	1.0	-1.0	0	1	0
1	357	T0	9	C	359	P0	3	C	1.0	-1.0	0	1	1
1	357	T0	7	C	359	P0	12	C	1.0	-1.0	0	1	0
1	119	I0	12	H	120	I1	1	H	0.0	0.0	0	1	1
1	119	I0	2	H	120	I1	6	H	0.0	0.0	0	1	0
1	0	O0	-1	S	379	Y0	8	C	0.5	0.5	1	0	1
1	0	O0	-1	S	379	Y0	5	C	0.5	0.5	1	0	0
1	483	N0	5	S	131	I0	7	C	176.0	176.0	0	0	0
1	60	R1	5	E	74	Q1	5	E	7.0	-7.0	0	0	1
1	60	R1	3	E	74	Q1	8	E	7.0	-7.0	0	0	0
1	61	E0	6	E	80	A1	11	E	9.0	-9.0	0	0	0
1	381	E0	12	C	382	E1	1	C	0.0	0.0	0	1	1
1	381	E0	2	C	382	E1	12	C	0.0	0.0	0	1	0
1	144	H1	10	C	247	N0	10	H	52.0	-52.0	0	0	1
1	144	H1	3	C	247	N0	4	H	52.0	-52.0	0	0	0
1	490	A1	2	C	66	S1	4	H	212.0	212.0	0	0	0
1	529	I0	9	H	531	Q0	3	H	1.0	-1.0	0	1	1
1	529	I0	4	H	531	Q0	4	H	1.0	-1.0	0	1	0
1	0	O0	-1	S	104	R1	5	C	0.5	0.5	1	0	1
1	0	O0	-1	S	104	R1	2	C	0.5	0.5	1	0	0
1	304	P1	1	S	541	H0	6	C	119.0	-119.0	0	0	0
1	4	V1	8	C	0	O0	-1	S	0.5	0.5	1	0	1
1	4	V1	5	C	0	O0	-1	S	0.5	0.5	1	0	0
1	542	H1	5	C	507	L0	5	S	17.0	17.0	0	0	0
1	91	R0	8	C	0	O0	-1	S	0.5	0.5	1	0	1
1	91	R0	12	C	0	O0	-1	S	0.5	0.5	1	0	0
1	42	G1	10	C	342	N1	2	S	150.0	-150.0	0	0	0
1	537	L0	9	H	539	Q0	3	H	1.0	-1.0	0	1	1
1	537	L0	8	H	539	Q0	12	H	1.0	-1.0	0	1	0
1	137	E0	8	H	139	I0	3	C	1.0	-1.0	0	1	1
1	137	E0	2	H	139	I0	4	C	1.0	-1.0	0	1	0
1	143	H0	6	C	0	O0	-1	S	0.5	0.5	1	0	1
1	143	H0	4	C	0	O0	-1	S	0.5	0.5	1	0	0
1	144	H1	12	C	213	K0	12	S	35.0	-35.0	0	0	0
1	236	F1	5	H	308	P1	8	C	36.0	-36.0	0	0	1
1	236	F1	9	H	308	P1	4	C	36.0	-36.0	0	0	0
1	221	T0	10	H	433	L0	5	C	106.0	-106.0	0	0	0
1	0	O0	-1	S	473	D0	7	H	0.5	0.5	1	0	1
1	0	O0	-1	S	473	D0	2	H	0.5	0.5	1	0	0
1	142	Q1	3	S	63	K0	7	H	39.0	39.0	0	0	0
1	97	K0	7	C	0	O0	-1	S	0.5	0.5	1	0	1
1	97	K0	9	C	0	O0	-1	S	0.5	0.5	1	0	0
1	391	E0	11	C	527	T0	5	S	68.0	-68.0	0	0	0
1	449	L0	6	H	456	V1	7	H	3.0	-3.0	0	0	1
1	449	L0	4	H	456	V1	9	H	3.0	-3.0	0	0	0
1	224	E1	3	H	448	T1	3	H	112.0	-112.0	0	0	0
1	295	D0	7	C	309	R0	7	C	7.0	-7.0	0	0	1
1	295	D0	6	C	309	R0	4	C	7.0	-7.0	0	0	0
1	364	F1	1	C	298	R1	5	C	33.0	33.0	0	0	0
1	358	T1	6	C	0	O0	-1	S	0.5	0.5	1	0	1
1	358	T1	12	C	0	O0	-1	S	0.5	0.5	1	0	0
1	143	H0	5	C	166	E1	12	S	11.0	-11.0	0	0	0
1	0	O0	-1	S	233	E0	6	H	0.5	0.5	1	0	1
1	0	O0	-1	S	233	E0	12	H	0.5	0.5	1	0	0
1	405	G0	5	S	206	F1	1	H	100.0	100.0	0	0	0
1	350	N1	8	C	0	O0	-1	S	0.5	0.5	1	0	1
1	350	N1	4	C	0	O0	-1	S	0.5	0.5	1	0	0
1	288	I1	9	C	431	F0	8	S	72.0	-72.0	0	0	0
1	296	D1	6	C	0	O0	-1	S	0.5	0.5	1	0	1
1	296	D1	3	C	0	O0	-1	S	0.5	0.5	1	0	0
1	95	T0	10	C	10	Q1	2	S	43.0	43.0	0	0	0
1	28	T1	7	E	0	O0	-1	S	0.5	0.5	1	0	1
1	28	T1	2	E	0	O0	-1	S	0.5	0.5	1	0	0
1	127	V0	2	E	270	A1	11	S	71.0	-71.0	0	0	0
1	37	G0	7	E	52	V1	7	E	7.0	-7.0	0	0	1
1	37	G0	4	E	52	V1	2	E	7.0	-7.0	0	0	0
1	59	R0	1	E	56	K1	6	E	2.0	2.0	0	0	0
1	269	A0	9	E	271	H0	3	C	1.0	-1.0	0	1	1
1	269	A0	11	E	271	H0	5	C	1.0	-1.0	0	1	0
1	0	O0	-1	S	276	D1	12	C	0.5	0.5	1	0	1
1	0	O0	-1	S	276	D1	1	C	0.5	0.5	1	0	0
1	284	E1	5	S	17	D0	4	C	133.0	133.0	0	0	0
1	87	K0	10	E	108	G1	6	C	10.0	-10.0	0	0	1
1	87	K0	5	E	108	G1	5	C	10.0	-10.0	0	0	0
1	89	K0	11	E	443	Q0	8	C	177.0	-177.0	0	0	0
1	476	E1	3	H	0	O0	-1	S	0.5	0.5	1	0	1
1	476	E1	2	H	0	O0	-1	S	0.5	0.5	1	0	0
1	266	Q1	8	H	147	N0	5	S	59.0	59.0	0	0	0
1	432	F1	11	C	461	V0	6	C	15.0	-15.0	0	0	1
1	432	F1	3	C	461	V0	11	C	15.0	-15.0	0	0	0
1	358	T1	4	C	485	T0	1	C	64.0	-64.0	0	0	0
1	56	K1	12	E	0	O0	-1	S	0.5	0.5	1	0	1
1	56	K1	4	E	0	O0	-1	S	0.5	0.5	1	0	0
1	442	K1	2	E	344	E1	1	S	49.0	49.0	0	0	0
1	379	Y0	11	C	380	Y1	2	C	0.0	0.0	0	1	1
1	379	Y0	12	C	380	Y1	8	C	0.0	0.0	0	1	0
1	328	A1	4	C	321	F0	6	C	3.0	3.0	0	0	1
1	328	A1	3	C	321	F0	1	C	3.0	3.0	0	0	0
1	473	D0	1	C	53	K0	4	C	210.0	210.0	0	0	0
1	230	A1	11	H	417	L0	10	H	94.0	-94.0	0	0	1
1	230	A1	9	H	417	L0	5	H	94.0	-94.0	0	0	0
1	158	H1	1	H	454	N1	9	H	148.0	-148.0	0	0	0
1	332	K1	5	E	268	I1	5	E	32.0	32.0	0	0	1
1	332	K1	1	E	268	I1	7	E	32.0	32.0	0	0	0
1	191	A0	4	E	293	L0	12	E	51.0	-51.0	0	0	0
1	172	T1	5	C	0	O0	-1	S	0.5	0.5	1	0	1
1	172	T1	6	C	0	O0	-1	S	0.5	0.5	1	0	0
1	99	S0	7	C	94	R1	7	S	3.0	3.0	0	0	0
1	192	A1	8	C	0	O0	-1	S	0.5	0.5	1	0	1
1	192	A1	2	C	0	O0	-1	S	0.5	0.5	1	0	0
1	52	V1	2	C	177	I0	10	S	63.0	-63.0	0	0	0
1	264	L1	1	C	0	O0	-1	S	0.5	0.5	1	0	1
1	264	L1	12	C	0	O0	-1	S	0.5	0.5	1	0	0
1	187	L0	7	C	144	H1	12	S	22.0	22.0	0	0	0
1	129	S0	12	H	130	S1	1	H	0.0	0.0	0	1	1
1	129	S0	11	H	130	S1	10	H	0.0	0.0	0	1	0
1	346	F1	12	C	0	O0	-1	S	0.5	0.5	1	0	1
1	346	F1	1	C	0	O0	-1	S	0.5	0.5	1	0	0
1	139	I0	11	C	420	L1	1	S	140.0	-140.0	0	0	0
1	72	L1	4	C	0	O0	-1	S	0.5	0.5	1	0	1
1	72	L1	9	C	0	O0	-1	S	0.5	0.5	1	0	0
1	19	D0	5	C	134	L1	9	S	57.0	-57.0	0	0	0
1	63	K0	8	C	65	S0	3	C	1.0	-1.0	0	1	1
1	63	K0	9	C	65	S0	11	C	1.0	-1.0	0	1	0
1	114	R1	3	H	0	O0	-1	S	0.5	0.5	1	0	1
1	114	R1	11	H	0	O0	-1	S	0.5	0.5	1	0	0
1	423	G0	7	H	310	R1	1	S	57.0	57.0	0	0	0
1	172	T1	12	C	0	O0	-1	S	0.5	0.5	1	0	1
1	172	T1	10	C	0	O0	-1	S	0.5	0.5	1	0	0
1	97	K0	9	C	185	E0	1	S	44.0	-44.0	0	0	0
1	32	E1	6	E	0	O0	-1	S	0.5	0.5	1	0	1
1	32	E1	5	E	0	O0	-1	S	0.5	0.5	1	0	0
1	319	D0	2	E	247	N0	7	S	36.0	36.0	0	0	0
1	310	R1	11	C	0	O0	-1	S	0.5	0.5	1	0	1
1	310	R1	1	C	0	O0	-1	S	0.5	0.5	1	0	0
1	436	G1	4	C	491	L0	5	S	28.0	-28.0	0	0	0
1	98	K1	3	C	0	O0	-1	S	0.5	0.5	1	0	1
1	7	R0	1	C	23	Y0	12	S	8.0	-8.0	0	0	0
1	293	L0	9	C	0	O0	-1	S	0.5	0.5	1	0	1
1	293	L0	12	C	0	O0	-1	S	0.5	0.5	1	0	0
1	204	D1	3	C	441	K0	5	S	119.0	-119.0	0	0	0
1	475	E0	4	H	0	O0	-1	S	0.5	0.5	1	0	1
1	475	E0	8	H	0	O0	-1	S	0.5	0.5	1	0	0
1	329	H0	4	H	483	N0	1	S	77.0	-77.0	0	0	0
1	534	D1	8	H	526	M1	6	C	4.0	4.0	0	0	1
1	534	D1	9	H	526	M1	2	C	4.0	4.0	0	0	0
1	540	Q1	1	H	154	T1	4	C	193.0	193.0	0	0	0
1	1	T0	5	C	0	O0	-1	S	0.5	0.5	1	0	1
1	1	T0	10	C	0	O0	-1	S	0.5	0.5	1	0	0
1	3	V0	4	C	6	F1	6	S	1.0	-1.0	0	0	0
1	0	O0	-1	S	94	R1	11	C	0.5	0.5	1	0	1
1	0	O0	-1	S	94	R1	3	C	0.5	0.5	1	0	0
1	318	I1	11	S	178	I1	2	C	70.0	70.0	0	0	0
1	104	R1	12	C	0	O0	-1	S	0.5	0.5	1	0	1
1	104	R1	2	C	0	O0	-1	S	0.5	0.5	1	0	0
1	171	T0	7	C	103	R0	8	S	34.0	34.0	0	0	0
1	203	D0	10	H	212	E1	3	H	4.0	-4.0	0	0	1
1	203	D0	2	H	212	E1	10	H	4.0	-4.0	0	0	0
1	309	R0	4	H	552	P1	1	H	121.0	-121.0	0	0	0
1	245	L0	9	H	247	N0	3	H	1.0	-1.0	0	1	1
1	245	L0	10	H	247	N0	7	H	1.0	-1.0	0	1	0
1	165	E0	5	E	178	I1	7	E	6.0	-6.0	0	0	1
1	165	E0	2	E	178	I1	2	E	6.0	-6.0	0	0	0
1	183	L0	11	E	172	T1	10	E	6.0	6.0	0	0	0
1	343	E0	6	E	0	O0	-1	S	0.5	0.5	1	0	1
1	343	E0	10	E	0	O0	-1	S	0.5	0.5	1	0	0
1	287	I0	7	E	390	L1	6	S	51.0	-51.0	0	0	0
1	497	D0	1	H	503	R0	7	H	3.0	-3.0	0	0	1
1	497	D0	10	H	503	R0	11	H	3.0	-3.0	0	0	0
1	20	D1	1	H	546	W1	10	H	263.0	-263.0	0	0	0
1	193	G0	9	C	195	G0	3	C	1.0	-1.0	0	1	1
1	193	G0	4	C	195	G0	10	C	1.0	-1.0	0	1	0
1	262	S1	6	H	0	O0	-1	S	0.5	0.5	1	0	1
1	262	S1	9	H	0	O0	-1	S	0.5	0.5	1	0	0
1	464	N1	1	H	59	R0	11	S	202.0	202.0	0	0	0
1	368	A1	12	C	393	A0	6	H	13.0	-13.0	0	0	1
1	368	A1	5	C	393	A0	10	H	13.0	-13.0	0	0	0
1	434	L1	3	C	201	F0	11	H	116.0	116.0	0	0	0
1	506	R1	6	H	0	O0	-1	S	0.5	0.5	1	0	1
1	506	R1	9	H	0	O0	-1	S	0.5	0.5	1	0	0
1	412	T1	2	H	420	L1	9	S	4.0	-4.0	0	0	0
1	123	R0	6	H	130	S1	7	H	3.0	-3.0	0	0	1
1	123	R0	2	H	130	S1	8	H	3.0	-3.0	0	0	0
1	270	A1	2	H	531	Q0	4	H	131.0	-131.0	0	0	0
1	199	L0	3	H	197	E0	9	E	1.0	1.0	0	1	1
1	199	L0	8	H	197	E0	6	E	1.0	1.0	0	1	0
1	545	W0	12	C	546	W1	1	C	0.0	0.0	0	1	1
1	545	W0	10	C	546	W1	8	C	0.0	0.0	0	1	0
1	208	L1	5	H	236	F1	12	H	14.0	-14.0	0	0	1
1	208	L1	10	H	236	F1	4	H	14.0	-14.0	0	0	0
1	255	Y0	12	H	83	F0	4	H	86.0	86.0	0	0	0
1	131	I0	6	H	138	E1	7	H	3.0	-3.0	0	0	1
1	131	I0	7	H	138	E1	8	H	3.0	-3.0	0	0	0
1	311	I0	11	H	151	I0	8	H	80.0	80.0	0	0	0
1	550	K1	12	C	0	O0	-1	S	0.5	0.5	1	0	1
1	550	K1	3	C	0	O0	-1	S	0.5	0.5	1	0	0
1	468	E1	2	C	104	R1	2	S	182.0	182.0	0	0	0
1	429	P0	6	C	0	O0	-1	S	0.5	0.5	1	0	1
1	429	P0	9	C	0	O0	-1	S	0.5	0.5	1	0	0
1	430	P1	8	C	18	D1	9	S	206.0	206.0	0	0	0
1	119	I0	8	H	121	E0	3	H	1.0	-1.0	0	1	1
1	119	I0	4	H	121	E0	4	H	1.0	-1.0	0	1	0
1	387	G0	8	C	392	E1	2	H	2.0	-2.0	0	0	1
1	387	G0	5	C	392	E1	6	H	2.0	-2.0	0	0	0
1	74	Q1	8	C	217	S0	2	H	72.0	-72.0	0	0	0
1	514	K1	10	C	0	O0	-1	S	0.5	0.5	1	0	1
1	514	K1	1	C	0	O0	-1	S	0.5	0.5	1	0	0
1	236	F1	9	C	49	V0	6	S	93.0	93.0	0	0	0
1	468	E1	4	C	0	O0	-1	S	0.5	0.5	1	0	1
1	468	E1	2	C	0	O0	-1	S	0.5	0.5	1	0	0
1	139	I0	2	C	480	F1	11	S	170.0	-170.0	0	0	0
1	128	V1	6	H	156	L1	12	E	14.0	-14.0	0	0	1
1	128	V1	4	H	156	L1	2	E	14.0	-14.0	0	0	0
1	123	R0	2	H	358	T1	9	E	117.0	-117.0	0	0	0
1	0	O0	-1	S	468	E1	6	C	0.5	0.5	1	0	1
1	0	O0	-1	S	468	E1	3	C	0.5	0.5	1	0	0
1	184	L1	12	S	193	G0	6	C	5.0	-5.0	0	0	0
1	0	O0	-1	S	67	T0	6	C	0.5	0.5	1	0	1
1	0	O0	-1	S	67	T0	7	C	0.5	0.5	1	0	0
1	25	D0	10	S	20	D1	1	C	3.0	3.0	0	0	0
1	401	S0	3	H	399	W0	8	H	1.0	1.0	0	1	1
1	401	S0	8	H	399	W0	6	H	1.0	1.0	0	1	0
1	234	E1	1	H	240	K1	7	H	3.0	-3.0	0	0	1
1	234	E1	11	H	240	K1	9	H	3.0	-3.0	0	0	0
1	131	I0	10	H	293	L0	12	H	81.0	-81.0	0	0	0
1	0	O0	-1	S	423	G0	11	C	0.5	0.5	1	0	1
1	0	O0	-1	S	423	G0	4	C	0.5	0.5	1	0	0
1	20	D1	1	S	81	K0	2	C	31.0	-31.0	0	0	0
1	517	P0	5	H	524	R1	7	C	3.0	-3.0	0	0	1
1	517	P0	11	H	524	R1	2	C	3.0	-3.0	0	0	0
1	122	E1	1	H	174	D1	4	C	26.0	-26.0	0	0	0
1	509	L0	9	C	511	V0	3	C	1.0	-1.0	0	1	1
1	509	L0	2	C	511	V0	1	C	1.0	-1.0	0	1	0
1	219	L0	2	C	0	O0	-1	S	0.5	0.5	1	0	1
1	219	L0	6	C	0	O0	-1	S	0.5	0.5	1	0	0
1	376	V1	12	C	171	T0	1	S	102.0	102.0	0	0	0
1	203	D0	11	H	204	D1	2	H	0.0	0.0	0	1	1
1	203	D0	2	H	204	D1	3	H	0.0	0.0	0	1	0
1	393	A0	3	H	391	E0	9	H	1.0	1.0	0	1	1
1	393	A0	11	H	391	E0	12	H	1.0	1.0	0	1	0
1	146	P1	7	C	0	O0	-1	S	0.5	0.5	1	0	1
1	146	P1	1	C	0	O0	-1	S	0.5	0.5	1	0	0
1	126	E1	2	C	264	L1	9	S	69.0	-69.0	0	0	0
1	150	V1	11	E	258	L1	4	H	54.0	-54.0	0	0	1
1	95	T0	10	E	235	F0	2	H	70.0	-70.0	0	0	0
1	220	L1	11	C	236	F1	7	H	8.0	-8.0	0	0	1
1	220	L1	1	C	236	F1	1	H	8.0	-8.0	0	0	0
1	104	R1	2	C	348	K1	1	H	122.0	-122.0	0	0	0
1	529	I0	6	H	536	S1	7	H	3.0	-3.0	0	0	1
1	529	I0	4	H	536	S1	9	H	3.0	-3.0	0	0	0
1	46	F1	4	H	474	D1	6	H	214.0	-214.0	0	0	0
1	359	P0	4	C	360	P1	9	C	0.0	0.0	0	1	1
1	359	P0	2	C	360	P1	1	C	0.0	0.0	0	1	0
1	0	O0	-1	S	213	K0	6	C	0.5	0.5	1	0	1
1	0	O0	-1	S	213	K0	12	C	0.5	0.5	1	0	0
1	367	A0	5	S	358	T1	2	C	5.0	5.0	0	0	0
1	91	R0	1	C	0	O0	-1	S	0.5	0.5	1	0	1
1	91	R0	12	C	0	O0	-1	S	0.5	0.5	1	0	0
1	449	L0	4	C	111	S0	11	S	169.0	169.0	0	0	0
1	93	R0	11	C	0	O0	-1	S	0.5	0.5	1	0	1
1	93	R0	2	C	0	O0	-1	S	0.5	0.5	1	0	0
1	16	V1	9	C	305	K0	6	S	145.0	-145.0	0	0	0
1	88	K1	1	E	174	D1	5	E	43.0	-43.0	0	0	1
1	88	K1	9	E	174	D1	4	E	43.0	-43.0	0	0	0
1	168	N1	11	E	545	W0	11	E	189.0	-189.0	0	0	0
1	152	I1	10	C	184	L1	10	E	16.0	-16.0	0	0	1
1	152	I1	2	C	184	L1	8	E	16.0	-16.0	0	0	0
1	85	I0	5	C	232	T1	3	E	73.0	-73.0	0	0	0
1	63	K0	2	C	67	T0	2	C	2.0	-2.0	0	0	1
1	63	K0	9	C	67	T0	4	C	2.0	-2.0	0	0	0
1	104	R1	10	C	448	T1	11	C	172.0	-172.0	0	0	0
1	0	O0	-1	S	158	H1	5	E	0.5	0.5	1	0	1
1	0	O0	-1	S	158	H1	3	E	0.5	0.5	1	0	0
1	426	A1	10	S	331	K0	12	E	47.0	47.0	0	0	0
1	137	E0	1	H	0	O0	-1	S	0.5	0.5	1	0	1
1	137	E0	11	H	0	O0	-1	S	0.5	0.5	1	0	0
1	113	R0	12	H	351	I0	10	S	119.0	-119.0	0	0	0
1	0	O0	-1	S	261	S0	5	H	0.5	0.5	1	0	1
1	0	O0	-1	S	261	S0	2	H	0.5	0.5	1	0	0
1	536	S1	9	S	522	K1	8	H	7.0	7.0	0	0	0
1	261	S0	8	H	263	L0	3	C	1.0	-1.0	0	1	1
1	261	S0	2	H	263	L0	12	C	1.0	-1.0	0	1	0
1	113	R0	11	H	114	R1	2	H	0.0	0.0	0	1	1
1	113	R0	12	H	114	R1	11	H	0.0	0.0	0	1	0
1	163	Y0	8	E	177	I0	7	E	7.0	-7.0	0	0	1
1	163	Y0	10	E	177	I0	11	E	7.0	-7.0	0	0	0
1	546	W1	8	E	340	G1	8	E	103.0	103.0	0	0	0
1	0	O0	-1	S	47	A0	1	E	0.5	0.5	1	0	1
1	0	O0	-1	S	47	A0	11	E	0.5	0.5	1	0	0
1	522	K1	8	S	353	F0	4	E	84.0	84.0	0	0	0
1	457	S0	6	H	514	K1	5	C	28.0	-28.0	0	0	1
1	457	S0	10	H	514	K1	1	C	28.0	-28.0	0	0	0
1	440	T1	2	H	309	R0	11	C	65.0	65.0	0	0	0
1	355	G0	12	C	356	G1	1	C	0.0	0.0	0	1	1
1	355	G0	8	C	356	G1	10	C	0.0	0.0	0	1	0
1	1	T0	3	C	0	O0	-1	S	0.5	0.5	1	0	1
1	1	T0	6	C	0	O0	-1	S	0.5	0.5	1	0	0
1	36	L1	1	C	304	P1	3	S	134.0	-134.0	0	0	0
1	68	T1	4	C	0	O0	-1	S	0.5	0.5	1	0	1
1	68	T1	9	C	0	O0	-1	S	0.5	0.5	1	0	0
1	104	R1	2	C	89	K0	7	S	7.0	7.0	0	0	0
1	209	A0	8	H	211	E0	3	H	1.0	-1.0	0	1	1
1	209	A0	1	H	211	E0	2	H	1.0	-1.0	0	1	0
1	86	I1	8	E	120	I1	5	H	17.0	-17.0	0	0	1
1	86	I1	2	E	120	I1	2	H	17.0	-17.0	0	0	0
1	370	P1	4	E	267	I0	4	H	51.0	51.0	0	0	0
1	326	L1	3	C	0	O0	-1	S	0.5	0.5	1	0	1
1	326	L1	1	C	0	O0	-1	S	0.5	0.5	1	0	0
1	29	G0	2	C	361	E0	10	S	166.0	-166.0	0	0	0
1	411	T0	1	H	417	L0	7	H	3.0	-3.0	0	0	1
1	411	T0	6	H	417	L0	5	H	3.0	-3.0	0	0	0
1	431	F0	11	H	57	C0	7	H	187.0	187.0	0	0	0
1	188	L1	10	C	192	A1	5	C	2.0	-2.0	0	0	1
1	188	L1	5	C	192	A1	11	C	2.0	-2.0	0	0	0
1	287	I0	11	C	47	A0	10	C	120.0	120.0	0	0	0
1	34	E1	11	E	0	O0	-1	S	0.5	0.5	1	0	1
1	34	E1	2	E	0	O0	-1	S	0.5	0.5	1	0	0
1	63	K0	7	E	296	D1	2	S	116.0	-116.0	0	0	0
1	490	A1	7	H	0	O0	-1	S	0.5	0.5	1	0	1
1	490	A1	5	H	0	O0	-1	S	0.5	0.5	1	0	0
1	212	E1	2	H	486	T1	2	S	137.0	-137.0	0	0	0
1	43	Q0	5	C	0	O0	-1	S	0.5	0.5	1	0	1
1	43	Q0	2	C	0	O0	-1	S	0.5	0.5	1	0	0
1	508	L1	1	C	97	K0	6	S	205.0	205.0	0	0	0
1	222	T1	7	C	228	E1	7	H	3.0	-3.0	0	0	1
1	222	T1	2	C	228	E1	4	H	3.0	-3.0	0	0	0
1	491	L0	2	C	191	A0	11	H	150.0	150.0	0	0	0
1	44	Q1	7	C	0	O0	-1	S	0.5	0.5	1	0	1
1	44	Q1	3	C	0	O0	-1	S	0.5	0.5	1	0	0
1	356	G1	9	C	249	G0	5	S	53.0	53.0	0	0	0
1	0	O0	-1	S	342	N1	8	C	0.5	0.5	1	0	1
1	0	O0	-1	S	342	N1	2	C	0.5	0.5	1	0	0
1	107	G0	5	S	301	V0	10	C	97.0	-97.0	0	0	0
1	148	N1	5	C	0	O0	-1	S	0.5	0.5	1	0	1
1	148	N1	10	C	0	O0	-1	S	0.5	0.5	1	0	0
1	515	D0	6	C	312	I1	2	S	102.0	102.0	0	0	0
1	16	V1	6	H	24	Y1	8	E	4.0	-4.0	0	0	1
1	16	V1	3	H	24	Y1	1	E	4.0	-4.0	0	0	0
1	434	L1	3	H	371	E0	4	E	31.0	31.0	0	0	0
1	0	O0	-1	S	113	R0	7	H	0.5	0.5	1	0	1
1	0	O0	-1	S	113	R0	2	H	0.5	0.5	1	0	0
1	464	N1	11	S	315	I0	1	H	74.0	74.0	0	0	0
1	181	I0	11	E	182	I1	2	E	0.0	0.0	0	1	1
1	181	I0	4	E	182	I1	12	E	0.0	0.0	0	1	0
1	195	G0	2	C	291	L0	7	E	48.0	-48.0	0	0	1
1	195	G0	7	C	291	L0	1	E	48.0	-48.0	0	0	0
1	274	F1	9	C	265	Q0	5	E	4.0	4.0	0	0	0
1	334	I1	5	C	344	E1	4	E	5.0	-5.0	0	0	1
1	334	I1	9	C	344	E1	1	E	5.0	-5.0	0	0	0
1	137	E0	2	C	299	N0	11	E	81.0	-81.0	0	0	0
1	403	I0	8	H	508	L1	10	H	52.0	-52.0	0	0	1
1	403	I0	11	H	508	L1	9	H	52.0	-52.0	0	0	0
1	397	M0	8	H	156	L1	3	H	121.0	121.0	0	0	0
1	0	O0	-1	S	469	F0	8	C	0.5	0.5	1	0	1
1	0	O0	-1	S	469	F0	5	C	0.5	0.5	1	0	0
1	38	G1	12	S	468	E1	2	C	215.0	-215.0	0	0	0
1	214	K1	6	C	0	O0	-1	S	0.5	0.5	1	0	1
1	214	K1	11	C	0	O0	-1	S	0.5	0.5	1	0	0
1	38	G1	8	C	453	N0	12	S	208.0	-208.0	0	0	0
1	451	A0	12	H	452	A1	1	H	0.0	0.0	0	1	1
1	451	A0	4	H	452	A1	3	H	0.0	0.0	0	1	0
1	58	C1	8	E	76	Y1	8	E	9.0	-9.0	0	0	1
1	58	C1	3	E	76	Y1	12	E	9.0	-9.0	0	0	0
1	185	E0	1	E	17	D0	4	E	84.0	84.0	0	0	0
1	144	H1	4	C	256	Y1	4	H	56.0	-56.0	0	0	1
1	144	H1	12	C	256	Y1	1	H	56.0	-56.0	0	0	0
1	436	G1	3	C	162	V1	12	H	137.0	137.0	0	0	0
1	440	T1	7	C	446	E1	7	H	3.0	-3.0	0	0	1
1	440	T1	2	C	446	E1	2	H	3.0	-3.0	0	0	0
1	124	R1	8	C	399	W0	2	H	138.0	-138.0	0	0	0
1	286	N1	6	H	319	D0	12	C	17.0	-17.0	0	0	1
1	286	N1	4	H	319	D0	6	C	17.0	-17.0	0	0	0
1	484	N1	1	H	260	H1	11	C	112.0	112.0	0	0	0
1	391	E0	10	H	524	R1	8	C	66.0	-66.0	0	0	1
1	391	E0	5	H	524	R1	2	C	66.0	-66.0	0	0	0
1	392	E1	4	H	152	I1	11	C	120.0	120.0	0	0	0
1	400	W1	10	H	432	F1	12	C	16.0	-16.0	0	0	1
1	400	W1	8	H	432	F1	1	C	16.0	-16.0	0	0	0
1	310	R1	1	H	316	I1	2	C	3.0	-3.0	0	0	0
1	86	I1	5	E	48	A1	5	E	19.0	19.0	0	0	1
1	86	I1	2	E	48	A1	4	E	19.0	19.0	0	0	0
1	441	K0	5	E	463	N0	7	E	11.0	-11.0	0	0	0
1	0	O0	-1	S	109	V0	6	E	0.5	0.5	1	0	1
1	0	O0	-1	S	109	V0	5	E	0.5	0.5	1	0	0
1	385	L0	1	S	282	P1	7	E	52.0	52.0	0	0	0
1	128	V1	12	H	6	F1	11	C	61.0	61.0	0	0	1
1	128	V1	8	H	6	F1	5	C	61.0	61.0	0	0	0
1	333	I0	10	H	372	E1	9	C	19.0	-19.0	0	0	0
1	0	O0	-1	S	70	G1	12	C	0.5	0.5	1	0	1
1	0	O0	-1	S	70	G1	9	C	0.5	0.5	1	0	0
1	93	R0	2	S	29	G0	4	C	32.0	32.0	0	0	0
1	422	S1	8	H	425	A0	7	C	2.0	-2.0	0	0	1
1	422	S1	9	H	425	A0	4	C	2.0	-2.0	0	0	0
1	270	A1	11	H	309	R0	6	C	20.0	-20.0	0	0	0
1	444	Q1	4	H	0	O0	-1	S	0.5	0.5	1	0	1
1	444	Q1	9	H	0	O0	-1	S	0.5	0.5	1	0	0
1	208	L1	10	H	476	E1	2	S	134.0	-134.0	0	0	0
1	0	O0	-1	S	215	E0	4	C	0.5	0.5	1	0	1
1	0	O0	-1	S	215	E0	10	C	0.5	0.5	1	0	0
1	545	W0	5	S	133	L0	5	C	206.0	206.0	0	0	0
1	374	I1	4	H	394	A1	11	H	10.0	-10.0	0	0	1
1	374	I1	2	H	394	A1	10	H	10.0	-10.0	0	0	0
1	357	T0	11	H	480	F1	1	H	61.0	-61.0	0	0	0
1	112	S1	7	C	118	D1	7	H	3.0	-3.0	0	0	1
1	112	S1	4	C	118	D1	11	H	3.0	-3.0	0	0	0
1	511	V0	10	C	379	Y0	12	H	66.0	66.0	0	0	0
1	462	V1	11	C	509	L0	10	C	24.0	-24.0	0	0	1
1	462	V1	6	C	509	L0	2	C	24.0	-24.0	0	0	0
1	395	D0	4	C	339	G0	6	C	28.0	28.0	0	0	0
1	408	V1	7	H	401	S0	6	H	3.0	3.0	0	0	1
1	408	V1	11	H	401	S0	2	H	3.0	3.0	0	0	0
1	146	P1	1	H	436	G1	5	H	145.0	-145.0	0	0	0
1	85	I0	12	E	86	I1	1	E	0.0	0.0	0	1	1
1	85	I0	5	E	86	I1	2	E	0.0	0.0	0	1	0
1	533	D0	1	H	539	Q0	7	H	3.0	-3.0	0	0	1
1	533	D0	10	H	539	Q0	5	H	3.0	-3.0	0	0	0
1	363	F0	1	H	543	P0	12	H	90.0	-90.0	0	0	0
1	0	O0	-1	S	209	A0	6	H	0.5	0.5	1	0	1
1	0	O0	-1	S	209	A0	5	H	0.5	0.5	1	0	0
1	256	Y1	6	S	219	L0	6	H	18.0	18.0	0	0	0
1	1	T0	2	C	114	R1	10	H	56.0	-56.0	0	0	1
1	1	T0	1	C	114	R1	11	H	56.0	-56.0	0	0	0
1	499	F0	6	C	187	L0	10	H	156.0	156.0	0	0	0
1	86	I1	11	E	126	E1	7	H	20.0	-20.0	0	0	1
1	86	I1	2	E	126	E1	4	H	20.0	-20.0	0	0	0
1	118	D1	5	E	148	N1	10	H	15.0	-15.0	0	0	0
1	287	I0	9	E	289	M0	3	E	1.0	-1.0	0	1	1
1	287	I0	11	E	289	M0	6	E	1.0	-1.0	0	1	0
1	451	A0	8	H	453	N0	3	H	1.0	-1.0	0	1	1
1	451	A0	5	H	453	N0	2	H	1.0	-1.0	0	1	0
1	228	E1	8	H	220	L1	6	C	4.0	4.0	0	0	1
1	228	E1	2	H	220	L1	9	C	4.0	4.0	0	0	0
1	267	I0	1	H	69	G0	7	C	99.0	99.0	0	0	0
1	409	I0	6	H	416	I1	7	H	3.0	-3.0	0	0	1
1	409	I0	2	H	416	I1	2	H	3.0	-3.0	0	0	0
1	424	G1	5	H	315	I0	7	H	54.0	54.0	0	0	0
1	12	E1	3	C	0	O0	-1	S	0.5	0.5	1	0	1
1	12	E1	9	C	0	O0	-1	S	0.5	0.5	1	0	0
1	30	G1	8	C	280	K1	9	S	125.0	-125.0	0	0	0
1	165	E0	9	E	167	N0	3	C	1.0	-1.0	0	1	1
1	165	E0	4	E	167	N0	10	C	1.0	-1.0	0	1	0
1	381	E0	9	C	383	P0	3	C	1.0	-1.0	0	1	1
1	381	E0	6	C	383	P0	2	C	1.0	-1.0	0	1	0
1	128	V1	1	H	127	V0	12	H	0.0	0.0	0	1	1
1	128	V1	2	H	127	V0	2	H	0.0	0.0	0	1	0
1	0	O0	-1	S	138	E1	6	H	0.5	0.5	1	0	1
1	0	O0	-1	S	138	E1	8	H	0.5	0.5	1	0	0
1	177	I0	10	S	85	I0	8	H	46.0	46.0	0	0	0
1	470	F1	4	C	504	R1	5	H	17.0	-17.0	0	0	1
1	470	F1	12	C	504	R1	4	H	17.0	-17.0	0	0	0
1	477	Y0	1	C	70	G1	6	H	204.0	204.0	0	0	0
1	0	O0	-1	S	521	K0	6	H	0.5	0.5	1	0	1
1	0	O0	-1	S	521	K0	12	H	0.5	0.5	1	0	0
1	349	N0	6	S	16	V1	9	H	167.0	167.0	0	0	0
1	161	V0	7	E	0	O0	-1	S	0.5	0.5	1	0	1
1	161	V0	5	E	0	O0	-1	S	0.5	0.5	1	0	0
1	319	D0	6	E	400	W1	8	S	40.0	-40.0	0	0	0
1	463	N0	6	C	0	O0	-1	S	0.5	0.5	1	0	1
1	463	N0	7	C	0	O0	-1	S	0.5	0.5	1	0	0
1	389	L0	7	C	408	V1	2	S	9.0	-9.0	0	0	0
1	99	S0	10	C	0	O0	-1	S	0.5	0.5	1	0	1
1	99	S0	7	C	0	O0	-1	S	0.5	0.5	1	0	0
1	441	K0	5	C	413	Y0	12	S	14.0	14.0	0	0	0
1	523	R0	12	C	524	R1	1	C	0.0	0.0	0	1	1
1	523	R0	6	C	524	R1	2	C	0.0	0.0	0	1	0
1	350	N1	9	C	0	O0	-1	S	0.5	0.5	1	0	1
1	350	N1	4	C	0	O0	-1	S	0.5	0.5	1	0	0
1	550	K1	3	C	300	N1	2	S	125.0	125.0	0	0	0
1	362	E1	4	C	0	O0	-1	S	0.5	0.5	1	0	1
1	362	E1	6	C	0	O0	-1	S	0.5	0.5	1	0	0
1	322	F1	6	C	396	D1	10	S	37.0	-37.0	0	0	0
1	210	A1	11	H	0	O0	-1	S	0.5	0.5	1	0	1
1	210	A1	8	H	0	O0	-1	S	0.5	0.5	1	0	0
1	55	K0	10	H	147	N0	2	S	46.0	-46.0	0	0	0
1	235	F0	4	H	227	E0	9	H	4.0	4.0	0	0	1
1	235	F0	9	H	227	E0	11	H	4.0	4.0	0	0	0
1	136	K1	5	H	20	D1	1	H	58.0	58.0	0	0	0
1	82	K1	12	E	324	G1	4	C	121.0	-121.0	0	0	1
1	82	K1	4	E	324	G1	2	C	121.0	-121.0	0	0	0
1	343	E0	10	E	534	D1	12	C	95.0	-95.0	0	0	0
1	0	O0	-1	S	303	P0	11	C	0.5	0.5	1	0	1
1	0	O0	-1	S	303	P0	7	C	0.5	0.5	1	0	0
1	28	T1	3	S	189	V0	7	C	81.0	-81.0	0	0	0
1	481	S0	12	C	482	S1	1	C	0.0	0.0	0	1	1
1	481	S0	7	C	482	S1	2	C	0.0	0.0	0	1	0
1	489	A0	4	H	0	O0	-1	S	0.5	0.5	1	0	1
1	489	A0	11	H	0	O0	-1	S	0.5	0.5	1	0	0
1	376	V1	10	H	428	S1	11	S	26.0	-26.0	0	0	0
1	218	S1	6	C	421	S0	1	H	102.0	-102.0	0	0	1
1	218	S1	11	C	421	S0	8	H	102.0	-102.0	0	0	0
1	161	V0	11	C	478	Y1	1	H	158.0	-158.0	0	0	0
1	193	G0	5	C	0	O0	-1	S	0.5	0.5	1	0	1
1	193	G0	4	C	0	O0	-1	S	0.5	0.5	1	0	0
1	526	M1	5	C	282	P1	7	S	122.0	122.0	0	0	0
1	37	G0	6	E	0	O0	-1	S	0.5	0.5	1	0	1
1	37	G0	10	E	0	O0	-1	S	0.5	0.5	1	0	0
1	550	K1	5	E	25	D0	10	S	262.0	262.0	0	0	0
1	452	A1	12	H	0	O0	-1	S	0.5	0.5	1	0	1
1	452	A1	3	H	0	O0	-1	S	0.5	0.5	1	0	0
1	24	Y1	9	H	487	S0	1	S	232.0	-232.0	0	0	0
1	0	O0	-1	S	64	K1	10	C	0.5	0.5	1	0	1
1	0	O0	-1	S	64	K1	2	C	0.5	0.5	1	0	0
1	148	N1	1	S	358	T1	9	C	105.0	-105.0	0	0	0
1	264	L1	7	C	255	Y0	9	H	4.0	4.0	0	0	1
1	264	L1	9	C	255	Y0	4	H	4.0	4.0	0	0	0
1	121	E0	1	C	531	Q0	4	H	205.0	-205.0	0	0	0
1	0	O0	-1	S	454	N1	11	H	0.5	0.5	1	0	1
1	0	O0	-1	S	454	N1	1	H	0.5	0.5	1	0	0
1	360	P1	1	S	226	E1	10	H	67.0	67.0	0	0	0
1	76	Y1	5	E	0	O0	-1	S	0.5	0.5	1	0	1
1	76	Y1	1	E	0	O0	-1	S	0.5	0.5	1	0	0
1	27	T0	6	E	228	E1	4	S	100.0	-100.0	0	0	0
1	214	K1	3	C	205	F0	10	H	4.0	4.0	0	0	1
1	214	K1	11	C	205	F0	12	H	4.0	4.0	0	0	0
1	305	K0	5	C	400	W1	8	H	47.0	-47.0	0	0	0
1	490	A1	12	H	0	O0	-1	S	0.5	0.5	1	0	1
1	490	A1	2	H	0	O0	-1	S	0.5	0.5	1	0	0
1	436	G1	5	H	41	G0	2	S	197.0	197.0	0	0	0
1	462	V1	12	C	0	O0	-1	S	0.5	0.5	1	0	1
1	462	V1	6	C	0	O0	-1	S	0.5	0.5	1	0	0
1	532	Q1	9	C	74	Q1	8	S	229.0	229.0	0	0	0
1	528	T1	2	C	533	D0	4	H	3.0	-3.0	0	0	1
1	528	T1	6	C	533	D0	12	H	3.0	-3.0	0	0	0
1	152	I1	12	C	512	V1	7	H	180.0	-180.0	0	0	0
1	140	I1	7	C	133	L0	6	H	3.0	3.0	0	0	1
1	140	I1	5	C	133	L0	5	H	3.0	3.0	0	0	0
1	133	L0	8	C	190	V1	6	H	28.0	-28.0	0	0	0
1	319	D0	3	C	317	I0	9	C	1.0	1.0	0	1	1
1	319	D0	1	C	317	I0	6	C	1.0	1.0	0	1	0
1	148	N1	11	C	242	Q1	9	H	47.0	-47.0	0	0	1
1	148	N1	10	C	242	Q1	3	H	47.0	-47.0	0	0	0
1	485	T0	1	C	313	K0	12	H	86.0	86.0	0	0	0
1	440	T1	12	C	0	O0	-1	S	0.5	0.5	1	0	1
1	440	T1	2	C	0	O0	-1	S	0.5	0.5	1	0	0
1	108	G1	10	C	421	S0	4	S	157.0	-157.0	0	0	0
1	428	S1	9	C	431	F0	7	C	2.0	-2.0	0	0	1
1	428	S1	11	C	431	F0	1	C	2.0	-2.0	0	0	0
1	7	R0	1	C	319	D0	1	C	156.0	-156.0	0	0	0
1	358	T1	11	C	0	O0	-1	S	0.5	0.5	1	0	1
1	358	T1	4	C	0	O0	-1	S	0.5	0.5	1	0	0
1	400	W1	8	C	338	F1	1	S	31.0	31.0	0	0	0
1	0	O0	-1	S	7	R0	4	E	0.5	0.5	1	0	1
1	0	O0	-1	S	7	R0	1	E	0.5	0.5	1	0	0
1	285	N0	4	S	105	R0	4	E	90.0	90.0	0	0	0
1	54	K1	11	E	0	O0	-1	S	0.5	0.5	1	0	1
1	219	L0	7	E	323	G0	4	S	52.0	-52.0	0	0	0
1	467	E0	12	C	468	E1	1	C	0.0	0.0	0	1	1
1	467	E0	8	C	468	E1	2	C	0.0	0.0	0	1	0
1	360	P1	6	C	450	L1	4	H	45.0	-45.0	0	0	1
1	360	P1	1	C	450	L1	6	H	45.0	-45.0	0	0	0
1	27	T0	6	C	145	P0	1	H	59.0	-59.0	0	0	0
1	124	R1	12	H	348	K1	12	C	112.0	-112.0	0	0	1
1	124	R1	2	H	348	K1	1	C	112.0	-112.0	0	0	0
1	221	T0	2	H	30	G1	5	C	96.0	96.0	0	0	0
1	25	D0	2	E	57	C0	6	E	16.0	-16.0	0	0	1
1	25	D0	12	E	57	C0	10	E	16.0	-16.0	0	0	0
1	426	A1	9	E	97	K0	6	E	164.0	164.0	0	0	0
1	354	F1	9	C	360	P1	5	C	3.0	-3.0	0	0	1
1	354	F1	6	C	360	P1	1	C	3.0	-3.0	0	0	0
1	255	Y0	6	C	31	E0	10	C	112.0	112.0	0	0	0
1	437	D0	8	C	440	T1	3	C	1.0	-1.0	0	0	1
1	437	D0	10	C	440	T1	2	C	1.0	-1.0	0	0	0
1	88	K1	9	C	163	Y0	5	C	38.0	-38.0	0	0	0
1	0	O0	-1	S	544	P1	10	C	0.5	0.5	1	0	1
1	0	O0	-1	S	544	P1	6	C	0.5	0.5	1	0	0
1	479	F0	1	S	66	S1	8	C	207.0	207.0	0	0	0
1	0	O0	-1	S	323	G0	10	C	0.5	0.5	1	0	1
1	0	O0	-1	S	323	G0	4	C	0.5	0.5	1	0	0
1	110	V1	7	S	192	A1	4	C	41.0	-41.0	0	0	0
1	434	L1	10	C	0	O0	-1	S	0.5	0.5	1	0	1
1	434	L1	9	C	0	O0	-1	S	0.5	0.5	1	0	0
1	112	S1	2	C	78	A1	3	S	17.0	17.0	0	0	0
1	248	N1	11	H	0	O0	-1	S	0.5	0.5	1	0	1
1	248	N1	6	H	0	O0	-1	S	0.5	0.5	1	0	0
1	175	V0	1	H	340	G1	12	S	82.0	-82.0	0	0	0
1	444	Q1	10	H	0	O0	-1	S	0.5	0.5	1	0	1
1	444	Q1	9	H	0	O0	-1	S	0.5	0.5	1	0	0
1	203	D0	5	H	64	K1	9	S	70.0	70.0	0	0	0
1	0	O0	-1	S	204	D1	12	H	0.5	0.5	1	0	1
1	0	O0	-1	S	204	D1	4	H	0.5	0.5	1	0	0
1	222	T1	3	S	322	F1	7	H	50.0	-50.0	0	0	0
1	349	N0	9	C	351	I0	3	C	1.0	-1.0	0	1	1
1	349	N0	1	C	351	I0	7	C	1.0	-1.0	0	1	0
1	438	D1	10	C	0	O0	-1	S	0.5	0.5	1	0	1
1	438	D1	9	C	0	O0	-1	S	0.5	0.5	1	0	0
1	166	E1	12	C	318	I1	12	S	76.0	-76.0	0	0	0
1	521	K0	5	H	0	O0	-1	S	0.5	0.5	1	0	1
1	521	K0	4	H	0	O0	-1	S	0.5	0.5	1	0	0
1	57	C0	5	H	369	P0	8	S	156.0	-156.0	0	0	0
1	464	N1	5	C	0	O0	-1	S	0.5	0.5	1	0	1
1	464	N1	1	C	0	O0	-1	S	0.5	0.5	1	0	0
1	413	Y0	5	C	209	A0	5	S	102.0	102.0	0	0	0
1	432	F1	6	C	463	N0	2	C	16.0	-16.0	0	0	1
1	432	F1	3	C	463	N0	12	C	16.0	-16.0	0	0	0
1	252	V1	5	C	247	N0	7	C	2.0	2.0	0	0	0
1	490	A1	11	H	0	O0	-1	S	0.5	0.5	1	0	1
1	490	A1	5	H	0	O0	-1	S	0.5	0.5	1	0	0
1	405	G0	11	H	269	A0	11	S	68.0	68.0	0	0	0
1	86	I1	7	E	175	V0	8	E	45.0	-45.0	0	0	1
1	86	I1	2	E	175	V0	10	E	45.0	-45.0	0	0	0
1	541	H0	6	E	322	F1	6	E	110.0	110.0	0	0	0
1	26	D1	8	E	0	O0	-1	S	0.5	0.5	1	0	1
1	26	D1	1	E	0	O0	-1	S	0.5	0.5	1	0	0
1	488	S1	7	E	288	I1	6	S	100.0	100.0	0	0	0
1	462	V1	9	C	466	Y1	3	C	2.0	-2.0	0	0	1
1	462	V1	6	C	466	Y1	1	C	2.0	-2.0	0	0	0
1	29	G0	5	C	165	E0	2	C	68.0	-68.0	0	0	0
1	447	T0	8	H	449	L0	3	H	1.0	-1.0	0	1	1
1	447	T0	10	H	449	L0	2	H	1.0	-1.0	0	1	0
1	168	N1	3	C	178	I1	4	E	5.0	-5.0	0	0	1
1	168	N1	2	C	178	I1	2	E	5.0	-5.0	0	0	0
1	151	I0	1	C	380	Y1	8	E	114.0	-114.0	0	0	0
1	346	F1	3	C	383	P0	5	C	19.0	-19.0	0	0	1
1	346	F1	1	C	383	P0	10	C	19.0	-19.0	0	0	0
1	66	S1	3	C	393	A0	10	C	164.0	-164.0	0	0	0
1	34	E1	9	E	37	G0	1	E	2.0	-2.0	0	0	1
1	34	E1	2	E	37	G0	4	E	2.0	-2.0	0	0	0
1	64	K1	12	E	79	A0	10	E	8.0	-8.0	0	0	0
1	62	E1	6	E	21	Y0	10	C	20.0	20.0	0	0	1
1	62	E1	2	E	21	Y0	12	C	20.0	20.0	0	0	0
1	160	E1	12	E	460	A1	2	C	150.0	-150.0	0	0	0
1	318	I1	9	C	319	D0	4	C	1.0	-1.0	0	0	1
1	318	I1	11	C	319	D0	6	C	1.0	-1.0	0	0	0
1	454	N1	9	C	353	F0	10	C	50.0	50.0	0	0	0
1	297	R0	9	C	299	N0	3	C	1.0	-1.0	0	1	1
1	297	R0	8	C	299	N0	1	C	1.0	-1.0	0	1	0
1	373	I0	9	H	380	Y1	1	C	3.0	-3.0	0	0	1
1	373	I0	5	H	380	Y1	6	C	3.0	-3.0	0	0	0
1	156	L1	5	H	537	L0	10	C	191.0	-191.0	0	0	0
1	206	F1	6	H	0	O0	-1	S	0.5	0.5	1	0	1
1	206	F1	3	H	0	O0	-1	S	0.5	0.5	1	0	0
1	148	N1	1	H	434	L1	9	S	143.0	-143.0	0	0	0
1	125	E0	8	H	127	V0	3	H	1.0	-1.0	0	1	1
1	125	E0	6	H	127	V0	10	H	1.0	-1.0	0	1	0
1	446	E1	10	H	0	O0	-1	S	0.5	0.5	1	0	1
1	446	E1	2	H	0	O0	-1	S	0.5	0.5	1	0	0
1	296	D1	2	H	87	K0	4	S	104.0	104.0	0	0	0
1	102	S1	9	C	103	R0	2	C	1.0	-1.0	0	0	1
1	102	S1	3	C	103	R0	10	C	1.0	-1.0	0	0	0
1	540	Q1	1	C	201	F0	11	C	169.0	169.0	0	0	0
1	255	Y0	11	H	0	O0	-1	S	0.5	0.5	1	0	1
1	255	Y0	5	H	0	O0	-1	S	0.5	0.5	1	0	0
1	289	M0	12	H	428	S1	3	S	69.0	-69.0	0	0	0
1	177	I0	9	E	179	L0	3	E	1.0	-1.0	0	1	1
1	177	I0	4	E	179	L0	1	E	1.0	-1.0	0	1	0
1	260	H1	5	H	396	D1	8	H	68.0	-68.0	0	0	1
1	260	H1	11	H	396	D1	10	H	68.0	-68.0	0	0	0
1	222	T1	3	H	373	I0	5	H	76.0	-76.0	0	0	0
1	58	C1	4	E	80	A1	4	E	11.0	-11.0	0	0	1
1	58	C1	3	E	80	A1	9	E	11.0	-11.0	0	0	0
1	195	G0	10	E	180	L1	7	E	8.0	8.0	0	0	0
1	256	Y1	2	H	258	L1	1	H	1.0	-1.0	0	0	1
1	84	F1	5	H	17	D0	1	H	33.0	33.0	0	0	0
1	488	S1	5	C	0	O0	-1	S	0.5	0.5	1	0	1
1	488	S1	6	C	0	O0	-1	S	0.5	0.5	1	0	0
1	550	K1	5	C	218	S1	11	S	166.0	166.0	0	0	0
1	0	O0	-1	S	362	E1	7	C	0.5	0.5	1	0	1
1	0	O0	-1	S	362	E1	11	C	0.5	0.5	1	0	0
1	447	T0	2	S	452	A1	9	C	2.0	-2.0	0	0	0
1	27	T0	7	E	0	O0	-1	S	0.5	0.5	1	0	1
1	27	T0	6	E	0	O0	-1	S	0.5	0.5	1	0	0
1	236	F1	3	E	149	V0	10	S	43.0	43.0	0	0	0
1	220	L1	12	C	418	L1	9	H	99.0	-99.0	0	0	1
1	220	L1	1	C	418	L1	8	H	99.0	-99.0	0	0	0
1	466	Y1	9	C	245	L0	10	H	110.0	110.0	0	0	0
1	403	I0	12	H	404	I1	1	H	0.0	0.0	0	1	1
1	403	I0	10	H	404	I1	5	H	0.0	0.0	0	1	0
1	157	H0	1	E	0	O0	-1	S	0.5	0.5	1	0	1
1	157	H0	4	E	0	O0	-1	S	0.5	0.5	1	0	0
1	203	D0	12	E	257	L0	5	S	27.0	-27.0	0	0	0
1	77	A0	1	E	58	C1	7	E	10.0	10.0	0	0	1
1	77	A0	10	E	58	C1	6	E	10.0	10.0	0	0	0
1	431	F0	12	E	87	K0	4	E	172.0	172.0	0	0	0
1	439	T0	6	C	0	O0	-1	S	0.5	0.5	1	0	1
1	439	T0	4	C	0	O0	-1	S	0.5	0.5	1	0	0
1	283	E0	1	C	94	R1	2	S	95.0	95.0	0	0	0
1	172	T1	1	C	171	T0	12	C	0.0	0.0	0	1	1
1	172	T1	8	C	171	T0	7	C	0.0	0.0	0	1	0
1	144	H1	1	C	146	P1	2	C	1.0	-1.0	0	0	1
1	144	H1	3	C	146	P1	1	C	1.0	-1.0	0	0	0
1	314	K1	7	C	152	I1	12	C	81.0	81.0	0	0	0
1	45	F0	1	C	0	O0	-1	S	0.5	0.5	1	0	1
1	45	F0	11	C	0	O0	-1	S	0.5	0.5	1	0	0
1	295	D0	4	C	246	L1	1	S	25.0	25.0	0	0	0
1	458	S1	6	H	514	K1	11	C	28.0	-28.0	0	0	1
1	458	S1	2	H	514	K1	9	C	28.0	-28.0	0	0	0
1	319	D0	10	H	64	K1	9	C	128.0	128.0	0	0	0
1	157	H0	7	E	181	I0	8	E	12.0	-12.0	0	0	1
1	157	H0	10	E	181	I0	12	E	12.0	-12.0	0	0	0
1	219	L0	4	E	430	P1	8	E	105.0	-105.0	0	0	0
1	516	D1	3	C	0	O0	-1	S	0.5	0.5	1	0	1
1	516	D1	12	C	0	O0	-1	S	0.5	0.5	1	0	0
1	313	K0	12	C	179	L0	1	S	67.0	67.0	0	0	0
1	51	V0	6	E	79	A0	8	E	14.0	-14.0	0	0	1
1	51	V0	2	E	79	A0	4	E	14.0	-14.0	0	0	0
1	127	V0	6	E	61	E0	1	E	33.0	33.0	0	0	0
1	84	F1	10	E	174	D1	12	E	45.0	-45.0	0	0	1
1	84	F1	1	E	174	D1	2	E	45.0	-45.0	0	0	0
1	279	K0	4	E	87	K0	12	E	96.0	96.0	0	0	0
1	514	K1	7	C	0	O0	-1	S	0.5	0.5	1	0	1
1	514	K1	6	C	0	O0	-1	S	0.5	0.5	1	0	0
1	145	P0	7	C	299	N0	8	S	77.0	-77.0	0	0	0
1	79	A0	9	E	81	K0	3	E	1.0	-1.0	0	1	1
1	79	A0	11	E	81	K0	11	E	1.0	-1.0	0	1	0
1	216	E1	9	C	217	S0	7	C	1.0	-1.0	0	0	1
1	216	E1	3	C	217	S0	11	C	1.0	-1.0	0	0	0
1	45	F0	5	C	274	F1	7	C	114.0	-114.0	0	0	0
1	61	E0	7	E	71	L0	7	C	5.0	-5.0	0	0	1
1	61	E0	10	E	71	L0	8	C	5.0	-5.0	0	0	0
1	185	E0	1	E	270	A1	3	C	42.0	-42.0	0	0	0
1	437	D0	9	C	439	T0	3	C	1.0	-1.0	0	1	1
1	437	D0	12	C	439	T0	7	C	1.0	-1.0	0	1	0
1	282	P1	12	H	0	O0	-1	S	0.5	0.5	1	0	1
1	282	P1	6	H	0	O0	-1	S	0.5	0.5	1	0	0
1	303	P0	1	H	147	N0	12	S	78.0	78.0	0	0	0
1	515	D0	3	C	513	K0	9	C	1.0	1.0	0	1	1
1	515	D0	10	C	513	K0	2	C	1.0	1.0	0	1	0
1	285	N0	11	H	286	N1	2	H	0.0	0.0	0	1	1
1	285	N0	1	H	286	N1	4	H	0.0	0.0	0	1	0
1	75	Y0	6	E	187	L0	4	C	56.0	-56.0	0	0	1
1	75	Y0	12	E	187	L0	10	C	56.0	-56.0	0	0	0
1	454	N1	9	E	265	Q0	4	C	94.0	94.0	0	0	0
1	0	O0	-1	S	304	P1	12	C	0.5	0.5	1	0	1
1	0	O0	-1	S	304	P1	3	C	0.5	0.5	1	0	0
1	343	E0	5	S	520	K1	7	C	88.0	-88.0	0	0	0
1	140	I1	8	C	151	I0	2	C	6.0	-6.0	0	0	1
1	140	I1	9	C	151	I0	1	C	6.0	-6.0	0	0	0
1	514	K1	1	C	43	Q0	2	C	235.0	235.0	0	0	0
1	529	I0	1	H	535	S0	7	H	3.0	-3.0	0	0	1
1	529	I0	4	H	535	S0	10	H	3.0	-3.0	0	0	0
1	512	V1	3	H	125	E0	4	H	193.0	193.0	0	0	0
1	0	O0	-1	S	294	L1	10	C	0.5	0.5	1	0	1
1	0	O0	-1	S	294	L1	11	C	0.5	0.5	1	0	0
1	74	Q1	8	S	56	K1	6	C	9.0	9.0	0	0	0
1	0	O0	-1	S	358	T1	11	C	0.5	0.5	1	0	1
1	0	O0	-1	S	358	T1	12	C	0.5	0.5	1	0	0
1	492	L1	1	S	83	F0	5	C	204.0	204.0	0	0	0
1	304	P1	8	C	306	K1	2	C	1.0	-1.0	0	0	1
1	304	P1	1	C	306	K1	6	C	1.0	-1.0	0	0	0
1	165	E0	4	C	14	N1	3	C	76.0	76.0	0	0	0
1	0	O0	-1	S	477	Y0	6	H	0.5	0.5	1	0	1
1	0	O0	-1	S	477	Y0	2	H	0.5	0.5	1	0	0
1	327	A0	4	S	300	N1	2	H	14.0	14.0	0	0	0
1	76	Y1	6	E	185	E0	5	E	55.0	-55.0	0	0	1
1	76	Y1	1	E	185	E0	10	E	55.0	-55.0	0	0	0
1	152	I1	2	E	242	Q1	3	E	45.0	-45.0	0	0	0
1	218	S1	8	C	0	O0	-1	S	0.5	0.5	1	0	1
1	218	S1	11	C	0	O0	-1	S	0.5	0.5	1	0	0
1	513	K0	6	C	62	E1	11	S	226.0	226.0	0	0	0
1	380	Y1	5	C	354	F1	4	C	13.0	13.0	0	0	1
1	380	Y1	6	C	354	F1	3	C	13.0	13.0	0	0	0
1	531	Q0	4	C	70	G1	2	C	231.0	231.0	0	0	0
1	19	D0	8	H	22	Y1	2	C	1.0	-1.0	0	0	1
1	19	D0	1	H	22	Y1	1	C	1.0	-1.0	0	0	0
1	130	S1	10	H	225	E0	2	C	48.0	-48.0	0	0	0
1	198	E1	8	E	202	F1	7	H	2.0	-2.0	0	0	1
1	198	E1	7	E	202	F1	5	H	2.0	-2.0	0	0	0
1	243	I0	10	E	268	I1	2	H	12.0	-12.0	0	0	0
1	72	L1	8	C	76	Y1	3	E	2.0	-2.0	0	0	1
1	72	L1	1	C	76	Y1	12	E	2.0	-2.0	0	0	0
1	440	T1	2	C	302	V1	12	E	69.0	69.0	0	0	0
1	399	W0	5	H	507	L0	10	H	54.0	-54.0	0	0	1
1	399	W0	7	H	507	L0	2	H	54.0	-54.0	0	0	0
1	422	S1	10	H	374	I1	11	H	24.0	24.0	0	0	0
1	0	O0	-1	S	71	L0	5	C	0.5	0.5	1	0	1
1	0	O0	-1	S	71	L0	12	C	0.5	0.5	1	0	0
1	80	A1	11	S	426	A1	12	C	173.0	-173.0	0	0	0
1	202	F1	11	H	0	O0	-1	S	0.5	0.5	1	0	1
1	202	F1	1	H	0	O0	-1	S	0.5	0.5	1	0	0
1	548	I1	1	H	431	F0	11	S	58.0	58.0	0	0	0
1	307	P0	10	C	311	I0	4	E	2.0	-2.0	0	0	1
1	307	P0	1	C	311	I0	11	E	2.0	-2.0	0	0	0
1	34	E1	2	C	280	K1	4	E	123.0	-123.0	0	0	0
1	469	F0	7	C	0	O0	-1	S	0.5	0.5	1	0	1
1	469	F0	5	C	0	O0	-1	S	0.5	0.5	1	0	0
1	148	N1	10	C	223	E0	12	S	38.0	-38.0	0	0	0
1	112	S1	6	C	0	O0	-1	S	0.5	0.5	1	0	1
1	112	S1	3	C	0	O0	-1	S	0.5	0.5	1	0	0
1	204	D1	3	C	550	K1	3	S	173.0	-173.0	0	0	0
1	0	O0	-1	S	9	Q0	8	C	0.5	0.5	1	0	1
1	0	O0	-1	S	9	Q0	4	C	0.5	0.5	1	0	0
1	288	I1	6	S	102	S1	5	C	93.0	93.0	0	0	0
1	437	D0	5	C	0	O0	-1	S	0.5	0.5	1	0	1
1	437	D0	2	C	0	O0	-1	S	0.5	0.5	1	0	0
1	198	E1	7	C	475	E0	10	S	139.0	-139.0	0	0	0
1	0	O0	-1	S	491	L0	4	H	0.5	0.5	1	0	1
1	0	O0	-1	S	491	L0	5	H	0.5	0.5	1	0	0
1	376	V1	12	S	434	L1	7	H	29.0	-29.0	0	0	0
1	0	O0	-1	S	439	T0	6	C	0.5	0.5	1	0	1
1	0	O0	-1	S	439	T0	1	C	0.5	0.5	1	0	0
1	254	Y1	1	S	283	E0	2	C	15.0	-15.0	0	0	0
1	6	F1	4	C	122	E1	5	H	58.0	-58.0	0	0	1
1	6	F1	5	C	122	E1	1	H	58.0	-58.0	0	0	0
1	12	E1	9	C	185	E0	1	H	87.0	-87.0	0	0	0
1	214	K1	9	C	215	E0	7	C	1.0	-1.0	0	0	1
1	214	K1	12	C	215	E0	10	C	1.0	-1.0	0	0	0
1	539	Q0	5	C	158	H1	3	C	191.0	191.0	0	0	0
1	465	Y0	9	C	467	E0	3	C	1.0	-1.0	0	1	1
1	465	Y0	5	C	467	E0	5	C	1.0	-1.0	0	1	0
1	0	O0	-1	S	106	R1	8	C	0.5	0.5	1	0	1
1	0	O0	-1	S	106	R1	5	C	0.5	0.5	1	0	0
1	435	G0	11	S	402	S1	4	C	17.0	17.0	0	0	0
1	520	K1	3	H	0	O0	-1	S	0.5	0.5	1	0	1
1	520	K1	8	H	0	O0	-1	S	0.5	0.5	1	0	0
1	200	L1	3	H	97	K0	1	S	51.0	51.0	0	0	0
1	298	R1	7	C	0	O0	-1	S	0.5	0.5	1	0	1
1	298	R1	5	C	0	O0	-1	S	0.5	0.5	1	0	0
1	305	K0	5	C	453	N0	4	S	74.0	-74.0	0	0	0
1	0	O0	-1	S	347	K0	5	C	0.5	0.5	1	0	1
1	0	O0	-1	S	347	K0	2	C	0.5	0.5	1	0	0
1	471	E0	12	S	347	K0	4	C	62.0	62.0	0	0	0
1	342	N1	7	C	0	O0	-1	S	0.5	0.5	1	0	1
1	342	N1	2	C	0	O0	-1	S	0.5	0.5	1	0	0
1	490	A1	9	C	151	I0	8	S	169.0	169.0	0	0	0
1	411	T0	9	H	419	L0	4	H	4.0	-4.0	0	0	1
1	411	T0	6	H	419	L0	5	H	4.0	-4.0	0	0	0
1	136	K1	5	H	551	P0	2	H	208.0	-208.0	0	0	0
1	479	F0	9	H	481	S0	3	C	1.0	-1.0	0	1	1
1	479	F0	10	H	481	S0	5	C	1.0	-1.0	0	1	0
1	126	E1	9	H	134	L1	4	H	4.0	-4.0	0	0	1
1	126	E1	10	H	134	L1	1	H	4.0	-4.0	0	0	0
1	190	V1	6	H	231	T0	8	H	21.0	-21.0	0	0	0
1	89	K0	4	E	173	D0	5	E	42.0	-42.0	0	0	1
1	89	K0	6	E	173	D0	4	E	42.0	-42.0	0	0	0
1	72	L1	9	E	382	E1	9	E	155.0	-155.0	0	0	0
1	372	E1	4	H	524	R1	12	C	76.0	-76.0	0	0	1
1	372	E1	9	H	524	R1	2	C	76.0	-76.0	0	0	0
1	501	I0	10	H	195	G0	6	C	153.0	153.0	0	0	0
1	525	M0	12	C	526	M1	1	C	0.0	0.0	0	1	1
1	525	M0	6	C	526	M1	9	C	0.0	0.0	0	1	0
1	90	K1	10	E	0	O0	-1	S	0.5	0.5	1	0	1
1	90	K1	8	E	0	O0	-1	S	0.5	0.5	1	0	0
1	310	R1	2	E	95	T0	7	S	107.0	107.0	0	0	0
1	124	R1	5	H	0	O0	-1	S	0.5	0.5	1	0	1
1	124	R1	2	H	0	O0	-1	S	0.5	0.5	1	0	0
1	125	E0	2	H	177	I0	5	S	26.0	-26.0	0	0	0
1	201	F0	6	H	0	O0	-1	S	0.5	0.5	1	0	1
1	201	F0	11	H	0	O0	-1	S	0.5	0.5	1	0	0
1	157	H0	2	H	406	G1	3	S	124.0	-124.0	0	0	0
1	481	S0	11	C	0	O0	-1	S	0.5	0.5	1	0	1
1	481	S0	8	C	0	O0	-1	S	0.5	0.5	1	0	0
1	227	E0	11	C	253	Y0	11	S	13.0	-13.0	0	0	0
1	5	F0	9	C	7	R0	3	E	1.0	-1.0	0	1	1
1	5	F0	12	C	7	R0	8	E	1.0	-1.0	0	1	0
1	52	V1	11	E	184	L1	7	E	66.0	-66.0	0	0	1
1	52	V1	12	E	184	L1	6	E	66.0	-66.0	0	0	0
1	180	L1	4	E	19	D0	1	E	80.0	80.0	0	0	0
1	255	Y0	8	H	257	L0	3	H	1.0	-1.0	0	1	1
1	255	Y0	5	H	257	L0	2	H	1.0	-1.0	0	1	0
1	127	V0	8	H	129	S0	3	H	1.0	-1.0	0	1	1
1	127	V0	7	H	129	S0	4	H	1.0	-1.0	0	1	0
1	41	G0	1	E	0	O0	-1	S	0.5	0.5	1	0	1
1	41	G0	2	E	0	O0	-1	S	0.5	0.5	1	0	0
1	127	V0	10	E	253	Y0	12	S	63.0	-63.0	0	0	0
1	2	T1	7	C	122	E1	6	H	60.0	-60.0	0	0	1
1	2	T1	2	C	122	E1	1	H	60.0	-60.0	0	0	0
1	53	K0	4	C	214	K1	12	H	80.0	-80.0	0	0	0
1	186	E1	5	E	0	O0	-1	S	0.5	0.5	1	0	1
1	186	E1	7	E	0	O0	-1	S	0.5	0.5	1	0	0
1	17	D0	5	E	400	W1	8	S	191.0	-191.0	0	0	0
1	143	H0	7	C	150	V1	7	E	3.0	-3.0	0	0	1
1	143	H0	12	C	150	V1	12	E	3.0	-3.0	0	0	0
1	294	L1	8	C	167	N0	4	E	63.0	63.0	0	0	0
1	296	D1	8	C	302	V1	4	C	3.0	-3.0	0	0	1
1	296	D1	10	C	302	V1	6	C	3.0	-3.0	0	0	0
1	529	I0	11	C	379	Y0	12	C	75.0	75.0	0	0	0
1	23	Y0	7	E	17	D0	6	H	3.0	3.0	0	0	1
1	23	Y0	4	E	17	D0	12	H	3.0	3.0	0	0	0
1	519	K0	4	E	482	S1	2	H	19.0	19.0	0	0	0
1	401	S0	9	H	403	I0	3	H	1.0	-1.0	0	1	1
1	401	S0	11	H	403	I0	11	H	1.0	-1.0	0	1	0
1	0	O0	-1	S	505	R0	5	H	0.5	0.5	1	0	1
1	0	O0	-1	S	505	R0	1	H	0.5	0.5	1	0	0
1	256	Y1	1	S	99	S0	1	H	78.0	78.0	0	0	0
1	281	P0	9	H	283	E0	3	H	1.0	-1.0	0	1	1
1	281	P0	2	H	283	E0	11	H	1.0	-1.0	0	1	0
1	0	O0	-1	S	519	K0	10	H	0.5	0.5	1	0	1
1	0	O0	-1	S	519	K0	1	H	0.5	0.5	1	0	0
1	49	V0	11	S	138	E1	8	H	44.0	-44.0	0	0	0
1	0	O0	-1	S	186	E1	5	E	0.5	0.5	1	0	1
1	0	O0	-1	S	186	E1	7	E	0.5	0.5	1	0	0
1	515	D0	11	S	68	T1	9	E	224.0	224.0	0	0	0
1	400	W1	9	H	408	V1	4	H	4.0	-4.0	0	0	1
1	400	W1	8	H	408	V1	2	H	4.0	-4.0	0	0	0
1	223	E0	12	H	13	N0	6	H	105.0	105.0	0	0	0
1	260	H1	9	H	0	O0	-1	S	0.5	0.5	1	0	1
1	260	H1	11	H	0	O0	-1	S	0.5	0.5	1	0	0
1	275	D0	2	H	197	E0	1	S	39.0	39.0	0	0	0
1	0	O0	-1	S	73	Q0	4	E	0.5	0.5	1	0	1
1	0	O0	-1	S	73	Q0	10	E	0.5	0.5	1	0	0
1	440	T1	2	S	163	Y0	1	E	138.0	138.0	0	0	0
1	246	L1	7	H	239	K0	6	H	3.0	3.0	0	0	1
1	246	L1	9	H	239	K0	4	H	3.0	3.0	0	0	0
1	530	I1	2	H	244	I1	4	H	143.0	143.0	0	0	0
1	195	G0	9	C	197	E0	3	E	1.0	-1.0	0	1	1
1	195	G0	6	C	197	E0	4	E	1.0	-1.0	0	1	0
1	66	S1	10	C	0	O0	-1	S	0.5	0.5	1	0	1
1	66	S1	3	C	0	O0	-1	S	0.5	0.5	1	0	0
1	377	N0	8	C	516	D1	12	S	69.0	-69.0	0	0	0
1	236	F1	10	H	200	L1	11	H	18.0	18.0	0	0	1
1	236	F1	1	H	200	L1	5	H	18.0	18.0	0	0	0
1	362	E1	11	H	31	E0	1	H	165.0	165.0	0	0	0
1	369	P0	10	H	378	N1	7	C	4.0	-4.0	0	0	1
1	369	P0	8	H	378	N1	9	C	4.0	-4.0	0	0	0
1	383	P0	12	H	432	F1	3	C	24.0	-24.0	0	0	0
1	366	V1	10	C	374	I1	8	H	4.0	-4.0	0	0	1
1	366	V1	12	C	374	I1	2	H	4.0	-4.0	0	0	0
1	426	A1	12	C	204	D1	10	H	111.0	111.0	0	0	0
1	509	L0	11	C	510	L1	2	C	0.0	0.0	0	1	1
1	509	L0	5	C	510	L1	12	C	0.0	0.0	0	1	0
1	520	K1	5	H	0	O0	-1	S	0.5	0.5	1	0	1
1	520	K1	8	H	0	O0	-1	S	0.5	0.5	1	0	0
1	524	R1	2	H	11	E0	2	S	256.0	256.0	0	0	0
1	46	F1	10	C	107	G0	1	C	31.0	-31.0	0	0	1
1	46	F1	5	C	107	G0	2	C	31.0	-31.0	0	0	0
1	178	I1	8	C	499	F0	10	C	161.0	-161.0	0	0	0
1	2	T1	8	C	6	F1	3	C	2.0	-2.0	0	0	1
1	2	T1	2	C	6	F1	7	C	2.0	-2.0	0	0	0
1	451	A0	2	C	191	A0	5	C	130.0	130.0	0	0	0
1	223	E0	9	H	225	E0	3	H	1.0	-1.0	0	1	1
1	223	E0	10	H	225	E0	8	H	1.0	-1.0	0	1	0
1	0	O0	-1	S	2	T1	12	C	0.5	0.5	1	0	1
1	0	O0	-1	S	2	T1	2	C	0.5	0.5	1	0	0
1	62	E1	11	S	479	F0	10	C	209.0	-209.0	0	0	0
1	468	E1	10	C	0	O0	-1	S	0.5	0.5	1	0	1
1	468	E1	3	C	0	O0	-1	S	0.5	0.5	1	0	0
1	227	E0	11	C	334	I1	9	S	53.0	-53.0	0	0	0
1	0	O0	-1	S	450	L1	10	H	0.5	0.5	1	0	1
1	0	O0	-1	S	450	L1	6	H	0.5	0.5	1	0	0
1	247	N0	2	S	135	K0	1	H	56.0	56.0	0	0	0
1	57	C0	2	E	74	Q1	6	E	8.0	-8.0	0	0	1
1	57	C0	7	E	74	Q1	8	E	8.0	-8.0	0	0	0
1	326	L1	1	E	182	I1	12	E	72.0	72.0	0	0	0
1	505	R0	8	H	526	M1	3	C	10.0	-10.0	0	0	1
1	505	R0	2	H	526	M1	9	C	10.0	-10.0	0	0	0
1	71	L0	12	H	426	A1	12	C	177.0	-177.0	0	0	0
1	340	G1	5	C	0	O0	-1	S	0.5	0.5	1	0	1
1	340	G1	2	C	0	O0	-1	S	0.5	0.5	1	0	0
1	533	D0	2	C	388	G1	12	S	73.0	73.0	0	0	0
1	466	Y1	6	C	467	E0	1	C	1.0	-1.0	0	0	1
1	466	Y1	9	C	467	E0	5	C	1.0	-1.0	0	0	0
1	217	S0	11	C	121	E0	5	C	48.0	48.0	0	0	0
1	270	A1	4	E	334	I1	4	C	32.0	-32.0	0	0	1
1	270	A1	2	E	334	I1	9	C	32.0	-32.0	0	0	0
1	140	I1	9	E	447	T0	11	C	154.0	-154.0	0	0	0
1	0	O0	-1	S	196	G1	4	C	0.5	0.5	1	0	1
1	0	O0	-1	S	196	G1	12	C	0.5	0.5	1	0	0
1	187	L0	1	S	114	R1	11	C	37.0	37.0	0	0	0
1	198	E1	4	E	0	O0	-1	S	0.5	0.5	1	0	1
1	198	E1	6	E	0	O0	-1	S	0.5	0.5	1	0	0
1	318	I1	11	E	522	K1	8	S	102.0	-102.0	0	0	0
1	69	G0	1	C	61	E0	8	E	4.0	4.0	0	0	1
1	69	G0	8	C	61	E0	11	E	4.0	4.0	0	0	0
1	489	A0	8	C	325	L0	6	E	82.0	82.0	0	0	0
1	0	O0	-1	S	56	K1	8	E	0.5	0.5	1	0	1
1	0	O0	-1	S	56	K1	9	E	0.5	0.5	1	0	0
1	16	V1	8	S	459	A0	5	E	222.0	-222.0	0	0	0
1	350	N1	3	C	0	O0	-1	S	0.5	0.5	1	0	1
1	350	N1	1	C	0	O0	-1	S	0.5	0.5	1	0	0
1	9	Q0	1	C	443	Q0	5	S	217.0	-217.0	0	0	0
1	0	O0	-1	S	335	D0	6	C	0.5	0.5	1	0	1
1	0	O0	-1	S	335	D0	5	C	0.5	0.5	1	0	0
1	341	N0	11	S	129	S0	4	C	106.0	106.0	0	0	0
1	280	K1	11	C	358	T1	7	C	39.0	-39.0	0	0	1
1	280	K1	7	C	358	T1	12	C	39.0	-39.0	0	0	0
1	299	N0	11	C	408	V1	11	C	54.0	-54.0	0	0	0
1	10	Q1	8	C	0	O0	-1	S	0.5	0.5	1	0	1
1	10	Q1	2	C	0	O0	-1	S	0.5	0.5	1	0	0
1	33	E0	11	C	279	K0	10	S	123.0	-123.0	0	0	0
1	222	T1	12	C	0	O0	-1	S	0.5	0.5	1	0	1
1	222	T1	2	C	0	O0	-1	S	0.5	0.5	1	0	0
1	407	V0	10	C	236	F1	9	S	86.0	86.0	0	0	0
1	0	O0	-1	S	192	A1	12	C	0.5	0.5	1	0	1
1	0	O0	-1	S	192	A1	9	C	0.5	0.5	1	0	0
1	141	Q0	6	S	13	N0	12	C	64.0	64.0	0	0	0
1	0	O0	-1	S	159	E0	5	E	0.5	0.5	1	0	1
1	0	O0	-1	S	159	E0	2	E	0.5	0.5	1	0	0
1	268	I1	2	S	399	W0	10	E	66.0	-66.0	0	0	0
1	541	H0	7	C	537	L0	2	H	2.0	2.0	0	0	1
1	541	H0	6	C	537	L0	1	H	2.0	2.0	0	0	0
1	280	K1	10	C	105	R0	2	H	87.0	87.0	0	0	0
1	50	V1	12	E	0	O0	-1	S	0.5	0.5	1	0	1
1	50	V1	7	E	0	O0	-1	S	0.5	0.5	1	0	0
1	83	F0	6	E	237	L0	4	S	77.0	-77.0	0	0	0
1	534	D1	6	H	0	O0	-1	S	0.5	0.5	1	0	1
1	534	D1	3	H	0	O0	-1	S	0.5	0.5	1	0	0
1	484	N1	1	H	205	F0	2	S	139.0	139.0	0	0	0
1	441	K0	10	H	450	L1	3	H	4.0	-4.0	0	0	1
1	441	K0	5	H	450	L1	1	H	4.0	-4.0	0	0	0
1	445	E0	2	H	272	H1	3	H	87.0	87.0	0	0	0
1	311	I0	12	E	312	I1	1	E	0.0	0.0	0	1	1
1	311	I0	11	E	312	I1	2	E	0.0	0.0	0	1	0
1	550	K1	6	C	0	O0	-1	S	0.5	0.5	1	0	1
1	550	K1	5	C	0	O0	-1	S	0.5	0.5	1	0	0
1	47	A0	11	C	217	S0	6	S	85.0	-85.0	0	0	0
1	504	R1	12	H	0	O0	-1	S	0.5	0.5	1	0	1
1	504	R1	2	H	0	O0	-1	S	0.5	0.5	1	0	0
1	372	E1	5	H	365	V0	11	S	3.0	3.0	0	0	0
1	215	E0	12	C	216	E1	1	C	0.0	0.0	0	1	1
1	215	E0	11	C	216	E1	2	C	0.0	0.0	0	1	0
1	371	E0	10	H	381	E0	7	C	5.0	-5.0	0	0	1
1	371	E0	11	H	381	E0	6	C	5.0	-5.0	0	0	0
1	34	E1	2	H	391	E0	8	C	179.0	-179.0	0	0	0
1	179	L0	12	E	180	L1	1	E	0.0	0.0	0	1	1
1	179	L0	5	E	180	L1	7	E	0.0	0.0	0	1	0
1	472	E1	1	C	0	O0	-1	S	0.5	0.5	1	0	1
1	472	E1	3	C	0	O0	-1	S	0.5	0.5	1	0	0
1	33	E0	6	C	375	V0	11	S	171.0	-171.0	0	0	0
1	0	O0	-1	S	436	G1	6	C	0.5	0.5	1	0	1
1	0	O0	-1	S	436	G1	5	C	0.5	0.5	1	0	0
1	313	K0	12	S	334	I1	1	C	10.0	-10.0	0	0	0
1	132	I1	12	H	328	A1	8	C	98.0	-98.0	0	0	1
1	132	I1	9	H	328	A1	3	C	98.0	-98.0	0	0	0
1	172	T1	8	H	427	S0	5	C	128.0	-128.0	0	0	0
1	445	E0	9	H	447	T0	3	H	1.0	-1.0	0	1	1
1	445	E0	11	H	447	T0	11	H	1.0	-1.0	0	1	0
1	0	O0	-1	S	338	F1	7	C	0.5	0.5	1	0	1
1	0	O0	-1	S	338	F1	1	C	0.5	0.5	1	0	0
1	193	G0	6	S	466	Y1	1	C	136.0	-136.0	0	0	0
1	0	O0	-1	S	514	K1	7	C	0.5	0.5	1	0	1
1	0	O0	-1	S	514	K1	9	C	0.5	0.5	1	0	0
1	325	L0	4	S	473	D0	8	C	74.0	-74.0	0	0	0
1	84	F1	6	E	178	I1	6	E	47.0	-47.0	0	0	1
1	84	F1	9	E	178	I1	11	E	47.0	-47.0	0	0	0
1	356	G1	6	E	170	K1	3	E	93.0	93.0	0	0	0
1	142	Q1	11	C	0	O0	-1	S	0.5	0.5	1	0	1
1	142	Q1	7	C	0	O0	-1	S	0.5	0.5	1	0	0
1	538	L1	9	C	259	H0	1	S	139.0	139.0	0	0	0
1	28	T1	8	E	0	O0	-1	S	0.5	0.5	1	0	1
1	28	T1	12	E	0	O0	-1	S	0.5	0.5	1	0	0
1	495	K0	5	E	330	H1	3	S	83.0	83.0	0	0	0
1	385	L0	12	E	386	L1	1	E	0.0	0.0	0	1	1
1	385	L0	1	E	386	L1	7	E	0.0	0.0	0	1	0
1	0	O0	-1	S	259	H0	10	H	0.5	0.5	1	0	1
1	0	O0	-1	S	259	H0	8	H	0.5	0.5	1	0	0
1	274	F1	9	S	311	I0	10	H	19.0	-19.0	0	0	0
1	443	Q0	6	H	450	L1	7	H	3.0	-3.0	0	0	1
1	443	Q0	5	H	450	L1	1	H	3.0	-3.0	0	0	0
1	526	M1	5	H	222	T1	10	H	152.0	152.0	0	0	0
1	364	F1	11	C	282	P1	3	H	41.0	41.0	0	0	1
1	364	F1	8	C	282	P1	8	H	41.0	41.0	0	0	0
1	549	K0	5	C	469	F0	1	H	40.0	40.0	0	0	0
1	397	M0	3	H	395	D0	8	H	1.0	1.0	0	1	1
1	397	M0	7	H	395	D0	7	H	1.0	1.0	0	1	0
1	158	H1	9	E	160	E1	3	E	1.0	-1.0	0	0	1
1	158	H1	1	E	160	E1	2	E	1.0	-1.0	0	0	0
1	120	I1	9	E	209	A0	2	E	45.0	-45.0	0	0	0
1	0	O0	-1	S	314	K1	4	E	0.5	0.5	1	0	1
1	0	O0	-1	S	314	K1	7	E	0.5	0.5	1	0	0
1	516	D1	12	S	543	P0	5	E	14.0	-14.0	0	0	0
1	478	Y1	5	H	0	O0	-1	S	0.5	0.5	1	0	1
1	478	Y1	9	H	0	O0	-1	S	0.5	0.5	1	0	0
1	131	I0	5	H	21	Y0	11	S	55.0	55.0	0	0	0
1	528	T1	8	C	531	Q0	7	H	2.0	-2.0	0	0	1
1	528	T1	3	C	531	Q0	4	H	2.0	-2.0	0	0	0
1	534	D1	10	C	185	E0	10	H	174.0	174.0	0	0	0
1	99	S0	6	C	0	O0	-1	S	0.5	0.5	1	0	1
1	99	S0	1	C	0	O0	-1	S	0.5	0.5	1	0	0
1	12	E1	10	C	271	H0	12	S	130.0	-130.0	0	0	0
1	353	F0	9	C	355	G0	3	C	1.0	-1.0	0	1	1
1	353	F0	4	C	355	G0	8	C	1.0	-1.0	0	1	0
1	208	L1	6	H	220	L1	4	C	6.0	-6.0	0	0	1
1	208	L1	1	H	220	L1	3	C	6.0	-6.0	0	0	0
1	143	H0	4	H	69	G0	11	C	37.0	37.0	0	0	0
1	0	O0	-1	S	155	L0	10	E	0.5	0.5	1	0	1
1	0	O0	-1	S	155	L0	8	E	0.5	0.5	1	0	0
1	16	V1	11	S	331	K0	8	E	158.0	-158.0	0	0	0
1	484	N1	7	C	0	O0	-1	S	0.5	0.5	1	0	1
1	484	N1	1	C	0	O0	-1	S	0.5	0.5	1	0	0
1	26	D1	9	C	534	D1	9	S	254.0	-254.0	0	0	0
1	439	T0	5	C	0	O0	-1	S	0.5	0.5	1	0	1
1	439	T0	10	C	0	O0	-1	S	0.5	0.5	1	0	0
1	530	I1	5	C	459	A0	2	S	35.0	35.0	0	0	0
1	148	N1	4	C	0	O0	-1	S	0.5	0.5	1	0	1
1	148	N1	10	C	0	O0	-1	S	0.5	0.5	1	0	0
1	390	L1	6	C	30	G1	3	S	180.0	180.0	0	0	0
1	305	K0	7	C	0	O0	-1	S	0.5	0.5	1	0	1
1	305	K0	8	C	0	O0	-1	S	0.5	0.5	1	0	0
1	31	E0	10	C	99	S0	8	S	34.0	-34.0	0	0	0
1	104	R1	7	C	0	O0	-1	S	0.5	0.5	1	0	1
1	104	R1	10	C	0	O0	-1	S	0.5	0.5	1	0	0
1	12	E1	2	C	136	K1	4	S	62.0	-62.0	0	0	0
1	489	A0	6	H	495	K0	7	H	3.0	-3.0	0	0	1
1	489	A0	11	H	495	K0	4	H	3.0	-3.0	0	0	0
1	221	T0	1	H	82	K1	4	H	70.0	70.0	0	0	0
1	24	Y1	5	E	62	E1	5	E	19.0	-19.0	0	0	1
1	24	Y1	1	E	62	E1	11	E	19.0	-19.0	0	0	0
1	113	R0	2	E	293	L0	1	E	90.0	-90.0	0	0	0
1	104	R1	5	C	0	O0	-1	S	0.5	0.5	1	0	1
1	104	R1	10	C	0	O0	-1	S	0.5	0.5	1	0	0
1	309	R0	11	C	483	N0	7	S	87.0	-87.0	0	0	0
1	157	H0	8	E	159	E0	3	E	1.0	-1.0	0	1	1
1	157	H0	2	E	159	E0	11	E	1.0	-1.0	0	1	0
1	251	V0	12	H	252	V1	1	H	0.0	0.0	0	1	1
1	251	V0	1	H	252	V1	9	H	0.0	0.0	0	1	0
1	442	K1	3	H	0	O0	-1	S	0.5	0.5	1	0	1
1	442	K1	2	H	0	O0	-1	S	0.5	0.5	1	0	0
1	106	R1	9	H	552	P1	1	S	223.0	-223.0	0	0	0
1	516	D1	4	C	0	O0	-1	S	0.5	0.5	1	0	1
1	516	D1	12	C	0	O0	-1	S	0.5	0.5	1	0	0
1	385	L0	4	C	263	L0	2	S	61.0	61.0	0	0	0
1	0	O0	-1	S	318	I1	10	C	0.5	0.5	1	0	1
1	0	O0	-1	S	318	I1	12	C	0.5	0.5	1	0	0
1	439	T0	1	S	411	T0	2	C	14.0	14.0	0	0	0
1	97	K0	11	C	98	K1	2	C	0.0	0.0	0	1	1
1	414	Y1	9	H	425	A0	8	C	6.0	-6.0	0	0	1
1	414	Y1	5	H	425	A0	1	C	6.0	-6.0	0	0	0
1	548	I1	1	H	328	A1	2	C	110.0	110.0	0	0	0
1	480	F1	5	H	413	Y0	6	H	33.0	33.0	0	0	1
1	480	F1	1	H	413	Y0	2	H	33.0	33.0	0	0	0
1	81	K0	4	H	334	I1	1	H	126.0	-126.0	0	0	0
1	143	H0	11	C	144	H1	2	C	0.0	0.0	0	1	1
1	143	H0	2	C	144	H1	3	C	0.0	0.0	0	1	0
1	431	F0	5	C	463	N0	8	C	16.0	-16.0	0	0	1
1	431	F0	8	C	463	N0	10	C	16.0	-16.0	0	0	0
1	44	Q1	10	C	539	Q0	5	C	248.0	-248.0	0	0	0
1	14	N1	11	C	0	O0	-1	S	0.5	0.5	1	0	1
1	14	N1	1	C	0	O0	-1	S	0.5	0.5	1	0	0
1	147	N0	2	C	298	R1	12	S	75.0	-75.0	0	0	0
1	57	C0	9	E	59	R0	3	E	1.0	-1.0	0	1	1
1	57	C0	7	E	59	R0	11	E	1.0	-1.0	0	1	0
1	354	F1	12	C	0	O0	-1	S	0.5	0.5	1	0	1
1	354	F1	3	C	0	O0	-1	S	0.5	0.5	1	0	0
1	94	R1	7	C	524	R1	2	S	215.0	-215.0	0	0	0
1	24	Y1	4	E	160	E1	7	E	68.0	-68.0	0	0	1
1	24	Y1	1	E	160	E1	8	E	68.0	-68.0	0	0	0
1	2	T1	2	E	228	E1	2	E	113.0	-113.0	0	0	0
1	0	O0	-1	S	40	S1	11	E	0.5	0.5	1	0	1
1	0	O0	-1	S	40	S1	10	E	0.5	0.5	1	0	0
1	84	F1	1	S	47	A0	5	E	18.0	18.0	0	0	0
1	491	L0	10	H	542	H1	10	C	25.0	-25.0	0	0	1
1	491	L0	5	H	542	H1	7	C	25.0	-25.0	0	0	0
1	392	E1	4	H	278	L1	1	C	57.0	57.0	0	0	0
1	389	L0	1	C	393	A0	7	H	2.0	-2.0	0	0	1
1	389	L0	12	C	393	A0	11	H	2.0	-2.0	0	0	0
1	133	L0	7	C	299	N0	11	H	83.0	-83.0	0	0	0
1	216	E1	8	C	0	O0	-1	S	0.5	0.5	1	0	1
1	216	E1	3	C	0	O0	-1	S	0.5	0.5	1	0	0
1	443	Q0	5	C	273	F0	7	S	85.0	85.0	0	0	0
1	204	D1	6	H	0	O0	-1	S	0.5	0.5	1	0	1
1	204	D1	4	H	0	O0	-1	S	0.5	0.5	1	0	0
1	129	S0	11	H	218	S1	11	S	44.0	-44.0	0	0	0
1	14	N1	6	C	0	O0	-1	S	0.5	0.5	1	0	1
1	14	N1	3	C	0	O0	-1	S	0.5	0.5	1	0	0
1	336	D1	5	C	486	T1	3	S	75.0	-75.0	0	0	0
1	378	N1	12	C	0	O0	-1	S	0.5	0.5	1	0	1
1	378	N1	11	C	0	O0	-1	S	0.5	0.5	1	0	0
1	35	L0	4	C	392	E1	12	S	178.0	-178.0	0	0	0
1	409	I0	12	H	410	I1	1	H	0.0	0.0	0	1	1
1	409	I0	2	H	410	I1	2	H	0.0	0.0	0	1	0
1	0	O0	-1	S	504	R1	10	H	0.5	0.5	1	0	1
1	0	O0	-1	S	504	R1	4	H	0.5	0.5	1	0	0
1	439	T0	1	S	114	R1	11	H	163.0	163.0	0	0	0
1	90	K1	9	E	91	R0	2	C	1.0	-1.0	0	0	1
1	90	K1	8	E	91	R0	7	C	1.0	-1.0	0	0	0
1	408	V1	11	E	374	I1	2	C	17.0	17.0	0	0	0
1	0	O0	-1	S	93	R0	4	C	0.5	0.5	1	0	1
1	0	O0	-1	S	93	R0	5	C	0.5	0.5	1	0	0
1	391	E0	11	S	288	I1	6	C	52.0	52.0	0	0	0
1	442	K1	11	H	0	O0	-1	S	0.5	0.5	1	0	1
1	442	K1	9	H	0	O0	-1	S	0.5	0.5	1	0	0
1	370	P1	8	H	286	N1	9	S	42.0	42.0	0	0	0
1	84	F1	2	E	83	F0	11	E	0.0	0.0	0	1	1
1	84	F1	1	E	83	F0	6	E	0.0	0.0	0	1	0
1	345	F0	1	C	344	E1	9	E	1.0	1.0	0	0	1
1	345	F0	5	C	344	E1	1	E	1.0	1.0	0	0	0
1	405	G0	8	C	447	T0	2	E	21.0	-21.0	0	0	0
1	39	S0	1	E	0	O0	-1	S	0.5	0.5	1	0	1
1	39	S0	6	E	0	O0	-1	S	0.5	0.5	1	0	0
1	416	I1	8	E	32	E1	5	S	192.0	192.0	0	0	0
1	34	E1	8	E	0	O0	-1	S	0.5	0.5	1	0	1
1	34	E1	2	E	0	O0	-1	S	0.5	0.5	1	0	0
1	487	S0	11	E	526	M1	9	S	19.0	-19.0	0	0	0
1	339	G0	9	C	341	N0	3	C	1.0	-1.0	0	1	1
1	339	G0	2	C	341	N0	6	C	1.0	-1.0	0	1	0
1	0	O0	-1	S	32	E1	4	E	0.5	0.5	1	0	1
1	0	O0	-1	S	32	E1	5	E	0.5	0.5	1	0	0
1	171	T0	4	S	325	L0	2	E	77.0	-77.0	0	0	0
1	0	O0	-1	S	41	G0	4	E	0.5	0.5	1	0	1
1	0	O0	-1	S	41	G0	2	E	0.5	0.5	1	0	0
1	124	R1	8	S	436	G1	11	E	156.0	-156.0	0	0	0
1	507	L0	1	H	511	V0	7	C	2.0	-2.0	0	0	1
1	507	L0	2	H	511	V0	4	C	2.0	-2.0	0	0	0
1	329	H0	10	H	232	T1	9	C	49.0	49.0	0	0	0
1	6	F1	8	C	166	E1	4	E	80.0	-80.0	0	0	1
1	6	F1	5	C	166	E1	12	E	80.0	-80.0	0	0	0
1	58	C1	2	C	450	L1	1	E	196.0	-196.0	0	0	0
1	423	G0	2	C	422	S1	2	H	1.0	1.0	0	0	1
1	423	G0	6	C	422	S1	4	H	1.0	1.0	0	0	0
1	525	M0	1	C	57	C0	11	H	234.0	234.0	0	0	0
1	116	E1	6	H	0	O0	-1	S	0.5	0.5	1	0	1
1	116	E1	7	H	0	O0	-1	S	0.5	0.5	1	0	0
1	272	H1	1	H	33	E0	2	S	119.0	119.0	0	0	0
1	195	G0	11	C	0	O0	-1	S	0.5	0.5	1	0	1
1	195	G0	6	C	0	O0	-1	S	0.5	0.5	1	0	0
1	225	E0	2	C	15	V0	4	S	105.0	105.0	0	0	0
1	367	A0	7	C	374	I1	7	H	3.0	-3.0	0	0	1
1	367	A0	1	C	374	I1	2	H	3.0	-3.0	0	0	0
1	462	V1	6	C	459	A0	5	H	1.0	1.0	0	0	0
1	434	L1	11	C	0	O0	-1	S	0.5	0.5	1	0	1
1	434	L1	7	C	0	O0	-1	S	0.5	0.5	1	0	0
1	477	Y0	1	C	256	Y1	6	S	111.0	111.0	0	0	0
1	464	N1	10	C	0	O0	-1	S	0.5	0.5	1	0	1
1	464	N1	11	C	0	O0	-1	S	0.5	0.5	1	0	0
1	513	K0	2	C	302	V1	12	S	106.0	106.0	0	0	0
1	208	L1	7	H	282	P1	11	H	37.0	-37.0	0	0	1
1	208	L1	10	H	282	P1	8	H	37.0	-37.0	0	0	0
1	537	L0	4	H	362	E1	11	H	88.0	88.0	0	0	0
1	441	K0	7	H	0	O0	-1	S	0.5	0.5	1	0	1
1	441	K0	8	H	0	O0	-1	S	0.5	0.5	1	0	0
1	461	V0	11	H	185	E0	10	S	138.0	138.0	0	0	0
1	29	G0	9	E	31	E0	3	E	1.0	-1.0	0	1	1
1	29	G0	4	E	31	E0	10	E	1.0	-1.0	0	1	0
1	380	Y1	7	C	0	O0	-1	S	0.5	0.5	1	0	1
1	380	Y1	6	C	0	O0	-1	S	0.5	0.5	1	0	0
1	147	N0	12	C	325	L0	5	S	89.0	-89.0	0	0	0
1	437	D0	4	C	0	O0	-1	S	0.5	0.5	1	0	1
1	437	D0	2	C	0	O0	-1	S	0.5	0.5	1	0	0
1	465	Y0	12	C	233	E0	7	S	116.0	116.0	0	0	0
1	40	S1	2	E	0	O0	-1	S	0.5	0.5	1	0	1
1	40	S1	9	E	0	O0	-1	S	0.5	0.5	1	0	0
1	190	V1	12	E	225	E0	7	S	18.0	-18.0	0	0	0
1	459	A0	9	C	461	V0	3	C	1.0	-1.0	0	1	1
1	459	A0	2	C	461	V0	7	C	1.0	-1.0	0	1	0
1	478	Y1	11	H	0	O0	-1	S	0.5	0.5	1	0	1
1	478	Y1	9	H	0	O0	-1	S	0.5	0.5	1	0	0
1	17	D0	8	H	214	K1	1	S	98.0	-98.0	0	0	0
1	0	O0	-1	S	22	Y1	6	C	0.5	0.5	1	0	1
1	0	O0	-1	S	22	Y1	1	C	0.5	0.5	1	0	0
1	449	L0	2	S	40	S1	3	C	205.0	205.0	0	0	0
1	354	F1	5	C	375	V0	5	H	11.0	-11.0	0	0	1
1	354	F1	11	C	375	V0	7	H	11.0	-11.0	0	0	0
1	246	L1	8	C	421	S0	5	H	88.0	-88.0	0	0	0
1	262	S1	10	H	0	O0	-1	S	0.5	0.5	1	0	1
1	262	S1	2	H	0	O0	-1	S	0.5	0.5	1	0	0
1	62	E1	3	H	172	T1	10	S	55.0	-55.0	0	0	0
1	512	V1	5	C	0	O0	-1	S	0.5	0.5	1	0	1
1	512	V1	7	C	0	O0	-1	S	0.5	0.5	1	0	0
1	156	L1	3	C	167	N0	10	S	6.0	-6.0	0	0	0
1	528	T1	10	C	532	Q1	2	H	2.0	-2.0	0	0	1
1	528	T1	6	C	532	Q1	3	H	2.0	-2.0	0	0	0
1	437	D0	1	C	58	C1	6	H	190.0	190.0	0	0	0
1	287	I0	6	E	313	K0	2	E	13.0	-13.0	0	0	1
1	287	I0	5	E	313	K0	4	E	13.0	-13.0	0	0	0
1	188	L1	2	E	292	L1	8	E	52.0	-52.0	0	0	0
1	0	O0	-1	S	429	P0	6	C	0.5	0.5	1	0	1
1	0	O0	-1	S	429	P0	9	C	0.5	0.5	1	0	0
1	191	A0	11	S	477	Y0	1	C	143.0	-143.0	0	0	0
1	359	P0	8	C	361	E0	3	C	1.0	-1.0	0	1	1
1	359	P0	7	C	361	E0	10	C	1.0	-1.0	0	1	0
1	398	M1	12	H	525	M0	8	C	64.0	-64.0	0	0	1
1	398	M1	8	H	525	M0	11	C	64.0	-64.0	0	0	0
1	161	V0	11	H	529	I0	11	C	184.0	-184.0	0	0	0
1	0	O0	-1	S	380	Y1	11	C	0.5	0.5	1	0	1
1	0	O0	-1	S	380	Y1	6	C	0.5	0.5	1	0	0
1	346	F1	1	S	140	I1	2	C	103.0	103.0	0	0	0
1	5	F0	1	C	0	O0	-1	S	0.5	0.5	1	0	1
1	5	F0	10	C	0	O0	-1	S	0.5	0.5	1	0	0
1	306	K1	9	C	116	E1	7	S	95.0	95.0	0	0	0
1	95	T0	6	C	0	O0	-1	S	0.5	0.5	1	0	1
1	95	T0	7	C	0	O0	-1	S	0.5	0.5	1	0	0
1	53	K0	5	C	312	I1	2	S	129.0	-129.0	0	0	0
1	440	T1	1	C	439	T0	12	C	0.0	0.0	0	1	1
1	440	T1	2	C	439	T0	7	C	0.0	0.0	0	1	0
1	161	V0	9	E	163	Y0	3	E	1.0	-1.0	0	1	1
1	161	V0	11	E	163	Y0	5	E	1.0	-1.0	0	1	0
1	480	F1	3	H	422	S1	11	H	29.0	29.0	0	0	1
1	480	F1	1	H	422	S1	10	H	29.0	29.0	0	0	0
1	415	I0	5	H	208	L1	10	H	104.0	104.0	0	0	0
1	367	A0	12	C	368	A1	1	C	0.0	0.0	0	1	1
1	367	A0	1	C	368	A1	2	C	0.0	0.0	0	1	0
1	105	R0	11	C	106	R1	2	C	0.0	0.0	0	1	1
1	105	R0	2	C	106	R1	11	C	0.0	0.0	0	1	0
1	336	D1	10	C	0	O0	-1	S	0.5	0.5	1	0	1
1	336	D1	2	C	0	O0	-1	S	0.5	0.5	1	0	0
1	27	T0	10	C	17	D0	5	S	5.0	5.0	0	0	0
1	413	Y0	11	H	414	Y1	2	H	0.0	0.0	0	1	1
1	413	Y0	10	H	414	Y1	1	H	0.0	0.0	0	1	0
1	412	T1	9	H	420	L1	4	H	4.0	-4.0	0	0	1
1	412	T1	2	H	420	L1	9	H	4.0	-4.0	0	0	0
1	525	M0	11	H	292	L1	2	H	117.0	117.0	0	0	0
1	77	A0	3	E	75	Y0	9	E	1.0	1.0	0	1	1
1	77	A0	10	E	75	Y0	10	E	1.0	1.0	0	1	0
1	539	Q0	10	H	0	O0	-1	S	0.5	0.5	1	0	1
1	539	Q0	1	H	0	O0	-1	S	0.5	0.5	1	0	0
1	526	M1	9	H	20	D1	1	S	253.0	253.0	0	0	0
1	342	N1	10	C	384	P1	10	C	21.0	-21.0	0	0	1
1	342	N1	2	C	384	P1	1	C	21.0	-21.0	0	0	0
1	143	H0	10	C	271	H0	12	C	64.0	-64.0	0	0	0
1	185	E0	12	E	186	E1	1	E	0.0	0.0	0	1	1
1	185	E0	11	E	186	E1	10	E	0.0	0.0	0	1	0
1	14	N1	4	C	0	O0	-1	S	0.5	0.5	1	0	1
1	14	N1	1	C	0	O0	-1	S	0.5	0.5	1	0	0
1	529	I0	11	C	307	P0	11	S	111.0	111.0	0	0	0
1	415	I0	6	H	423	G0	1	C	4.0	-4.0	0	0	1
1	415	I0	2	H	423	G0	6	C	4.0	-4.0	0	0	0
1	2	T1	2	H	47	A0	11	C	23.0	-23.0	0	0	0
1	274	F1	11	C	386	L1	10	E	56.0	-56.0	0	0	1
1	274	F1	9	C	386	L1	7	E	56.0	-56.0	0	0	0
1	223	E0	8	C	134	L1	1	E	45.0	45.0	0	0	0
1	389	L0	6	C	396	D1	7	H	3.0	-3.0	0	0	1
1	389	L0	2	C	396	D1	5	H	3.0	-3.0	0	0	0
1	430	P1	4	C	502	I1	10	H	36.0	-36.0	0	0	0
1	486	T1	9	C	487	S0	2	C	1.0	-1.0	0	0	1
1	486	T1	6	C	487	S0	5	C	1.0	-1.0	0	0	0
1	44	Q1	10	C	89	K0	5	C	23.0	-23.0	0	0	0
1	133	L0	9	H	135	K0	3	H	1.0	-1.0	0	1	1
1	133	L0	12	H	135	K0	2	H	1.0	-1.0	0	1	0
1	179	L0	9	E	181	I0	3	E	1.0	-1.0	0	1	1
1	179	L0	11	E	181	I0	10	E	1.0	-1.0	0	1	0
1	0	O0	-1	S	476	E1	10	H	0.5	0.5	1	0	1
1	0	O0	-1	S	476	E1	2	H	0.5	0.5	1	0	0
1	171	T0	1	S	146	P1	1	H	13.0	13.0	0	0	0
1	311	I0	3	E	309	R0	9	C	1.0	1.0	0	1	1
1	311	I0	10	E	309	R0	11	C	1.0	1.0	0	1	0
1	526	M1	10	C	535	S0	5	H	5.0	-5.0	0	0	1
1	526	M1	8	C	535	S0	11	H	5.0	-5.0	0	0	0
1	537	L0	1	C	519	K0	4	H	9.0	9.0	0	0	0
1	168	N1	9	C	169	K0	2	C	1.0	-1.0	0	0	1
1	168	N1	5	C	169	K0	12	C	1.0	-1.0	0	0	0
1	125	E0	2	C	139	I0	11	C	7.0	-7.0	0	0	0
1	522	K1	1	H	0	O0	-1	S	0.5	0.5	1	0	1
1	522	K1	8	H	0	O0	-1	S	0.5	0.5	1	0	0
1	362	E1	6	H	260	H1	11	S	51.0	51.0	0	0	0
1	147	N0	10	C	316	I1	3	E	84.0	-84.0	0	0	1
1	147	N0	4	C	316	I1	6	E	84.0	-84.0	0	0	0
1	333	I0	12	C	53	K0	5	E	140.0	140.0	0	0	0
1	31	E0	2	E	53	K0	6	E	11.0	-11.0	0	0	1
1	31	E0	11	E	53	K0	4	E	11.0	-11.0	0	0	0
1	326	L1	6	E	257	L0	6	E	34.0	34.0	0	0	0
1	0	O0	-1	S	458	S1	12	H	0.5	0.5	1	0	1
1	0	O0	-1	S	458	S1	9	H	0.5	0.5	1	0	0
1	269	A0	11	S	427	S0	2	H	79.0	-79.0	0	0	0
1	45	F0	12	C	110	V1	4	E	32.0	-32.0	0	0	1
1	45	F0	11	C	110	V1	10	E	32.0	-32.0	0	0	0
1	418	L1	1	C	498	D1	12	E	40.0	-40.0	0	0	0
1	313	K0	11	E	314	K1	2	E	0.0	0.0	0	1	1
1	313	K0	4	E	314	K1	11	E	0.0	0.0	0	1	0
1	441	K0	1	H	447	T0	7	H	3.0	-3.0	0	0	1
1	441	K0	5	H	447	T0	4	H	3.0	-3.0	0	0	0
1	368	A1	5	H	366	V1	6	H	1.0	1.0	0	0	0
1	272	H1	10	C	286	N1	10	H	7.0	-7.0	0	0	1
1	272	H1	12	C	286	N1	8	H	7.0	-7.0	0	0	0
1	463	N0	12	C	268	I1	6	H	98.0	98.0	0	0	0
1	90	K1	11	E	166	E1	6	E	38.0	-38.0	0	0	1
1	90	K1	12	E	166	E1	2	E	38.0	-38.0	0	0	0
1	43	Q0	10	E	0	O0	10	E	0.5	0.5	1	0	0
1	470	F1	7	C	0	O0	-1	S	0.5	0.5	1	0	1
1	470	F1	12	C	0	O0	-1	S	0.5	0.5	1	0	0
1	310	R1	7	C	367	A0	2	S	29.0	-29.0	0	0	0
1	411	T0	8	H	413	Y0	3	H	1.0	-1.0	0	1	1
1	411	T0	6	H	413	Y0	10	H	1.0	-1.0	0	1	0
1	417	L0	11	H	418	L1	2	H	0.0	0.0	0	1	1
1	417	L0	1	H	418	L1	6	H	0.0	0.0	0	1	0
1	8	R1	9	E	12	E1	7	C	2.0	-2.0	0	0	1
1	8	R1	7	E	12	E1	2	C	2.0	-2.0	0	0	0
1	224	E1	1	E	328	A1	9	C	52.0	-52.0	0	0	0
1	39	S0	7	E	0	O0	-1	S	0.5	0.5	1	0	1
1	39	S0	11	E	0	O0	-1	S	0.5	0.5	1	0	0
1	2	T1	2	E	298	R1	12	S	148.0	-148.0	0	0	0
1	517	P0	9	H	519	K0	3	H	1.0	-1.0	0	1	1
1	517	P0	12	H	519	K0	5	H	1.0	-1.0	0	1	0
1	487	S0	6	C	0	O0	-1	S	0.5	0.5	1	0	1
1	487	S0	11	C	0	O0	-1	S	0.5	0.5	1	0	0
1	3	V0	11	C	275	D0	4	S	136.0	-136.0	0	0	0
1	473	D0	11	H	474	D1	2	H	0.0	0.0	0	1	1
1	473	D0	2	H	474	D1	6	H	0.0	0.0	0	1	0
1	193	G0	1	C	0	O0	-1	S	0.5	0.5	1	0	1
1	193	G0	4	C	0	O0	-1	S	0.5	0.5	1	0	0
1	515	D0	1	C	406	G1	9	S	55.0	55.0	0	0	0
1	531	Q0	12	H	532	Q1	1	H	0.0	0.0	0	1	1
1	531	Q0	4	H	532	Q1	9	H	0.0	0.0	0	1	0
1	310	R1	12	C	0	O0	-1	S	0.5	0.5	1	0	1
1	310	R1	1	C	0	O0	-1	S	0.5	0.5	1	0	0
1	262	S1	2	C	153	T0	5	S	54.0	54.0	0	0	0
1	60	R1	6	E	69	G0	6	C	5.0	-5.0	0	0	1
1	60	R1	2	E	69	G0	8	C	5.0	-5.0	0	0	0
1	170	K1	8	E	212	E1	2	C	21.0	-21.0	0	0	0
1	346	F1	10	C	0	O0	-1	S	0.5	0.5	1	0	1
1	346	F1	1	C	0	O0	-1	S	0.5	0.5	1	0	0
1	538	L1	9	C	315	I0	6	S	111.0	111.0	0	0	0
1	414	Y1	11	H	467	E0	2	C	27.0	-27.0	0	0	1
1	414	Y1	1	H	467	E0	10	C	27.0	-27.0	0	0	0
1	112	S1	3	H	435	G0	5	C	162.0	-162.0	0	0	0
1	274	F1	3	C	270	A1	10	E	2.0	2.0	0	0	1
1	274	F1	9	C	270	A1	11	E	2.0	2.0	0	0	0
1	166	E1	10	C	331	K0	12	E	83.0	-83.0	0	0	0
1	0	O0	-1	S	161	V0	4	E	0.5	0.5	1	0	1
1	0	O0	-1	S	161	V0	10	E	0.5	0.5	1	0	0
1	422	S1	5	S	350	N1	1	E	36.0	36.0	0	0	0
1	0	O0	-1	S	286	N1	5	H	0.5	0.5	1	0	1
1	0	O0	-1	S	286	N1	1	H	0.5	0.5	1	0	0
1	302	V1	7	S	50	V1	2	H	126.0	126.0	0	0	0
1	0	O0	-1	S	354	F1	8	C	0.5	0.5	1	0	1
1	0	O0	-1	S	354	F1	6	C	0.5	0.5	1	0	0
1	280	K1	4	S	379	Y0	5	C	50.0	-50.0	0	0	0
1	341	N0	12	C	342	N1	1	C	0.0	0.0	0	1	1
1	341	N0	4	C	342	N1	2	C	0.0	0.0	0	1	0
1	402	S1	6	H	363	F0	10	C	19.0	19.0	0	0	1
1	402	S1	11	H	363	F0	12	C	19.0	19.0	0	0	0
1	91	R0	6	H	275	D0	8	C	92.0	-92.0	0	0	0
1	123	R0	3	H	121	E0	9	H	1.0	1.0	0	1	1
1	123	R0	2	H	121	E0	1	H	1.0	1.0	0	1	0
1	484	N1	4	C	0	O0	-1	S	0.5	0.5	1	0	1
1	484	N1	1	C	0	O0	-1	S	0.5	0.5	1	0	0
1	102	S1	5	C	240	K1	2	S	69.0	-69.0	0	0	0
1	441	K0	4	H	0	O0	-1	S	0.5	0.5	1	0	1
1	441	K0	5	H	0	O0	-1	S	0.5	0.5	1	0	0
1	108	G1	7	H	292	L1	8	S	92.0	-92.0	0	0	0
1	45	F0	9	C	47	A0	3	E	1.0	-1.0	0	1	1
1	45	F0	5	C	47	A0	10	E	1.0	-1.0	0	1	0
1	149	V0	12	E	150	V1	1	E	0.0	0.0	0	1	1
1	149	V0	6	E	150	V1	6	E	0.0	0.0	0	1	0
1	216	E1	12	C	0	O0	-1	S	0.5	0.5	1	0	1
1	216	E1	11	C	0	O0	-1	S	0.5	0.5	1	0	0
1	172	T1	8	C	91	R0	6	S	40.0	40.0	0	0	0
1	461	V0	12	C	462	V1	1	C	0.0	0.0	0	1	1
1	461	V0	7	C	462	V1	6	C	0.0	0.0	0	1	0
1	0	O0	-1	S	96	T1	6	C	0.5	0.5	1	0	1
1	0	O0	-1	S	96	T1	2	C	0.5	0.5	1	0	0
1	250	G1	5	S	234	E1	11	C	8.0	8.0	0	0	0
1	0	O0	-1	S	498	D1	11	H	0.5	0.5	1	0	1
1	0	O0	-1	S	498	D1	5	H	0.5	0.5	1	0	0
1	253	Y0	4	S	323	G0	4	H	35.0	-35.0	0	0	0
1	278	L1	4	C	396	D1	6	H	59.0	-59.0	0	0	1
1	278	L1	6	C	396	D1	5	H	59.0	-59.0	0	0	0
1	111	S0	10	C	227	E0	11	H	58.0	-58.0	0	0	0
1	0	O0	-1	S	12	E1	12	C	0.5	0.5	1	0	1
1	0	O0	-1	S	12	E1	9	C	0.5	0.5	1	0	0
1	278	L1	1	S	225	E0	8	C	26.0	26.0	0	0	0
1	370	P1	6	H	457	S0	5	H	44.0	-44.0	0	0	1
1	370	P1	8	H	457	S0	4	H	44.0	-44.0	0	0	0
1	149	V0	11	H	185	E0	10	H	18.0	-18.0	0	0	0
1	219	L0	11	C	220	L1	2	C	0.0	0.0	0	1	1
1	219	L0	7	C	220	L1	1	C	0.0	0.0	0	1	0
1	88	K1	8	E	107	G0	11	C	10.0	-10.0	0	0	1
1	88	K1	3	E	107	G0	7	C	10.0	-10.0	0	0	0
1	384	P1	1	E	152	I1	2	C	116.0	116.0	0	0	0
1	124	R1	11	H	0	O0	-1	S	0.5	0.5	1	0	1
1	124	R1	8	H	0	O0	-1	S	0.5	0.5	1	0	0
1	66	S1	8	H	377	N0	4	S	156.0	-156.0	0	0	0
1	505	R0	9	H	507	L0	3	H	1.0	-1.0	0	1	1
1	505	R0	2	H	507	L0	2	H	1.0	-1.0	0	1	0
1	511	V0	9	C	513	K0	3	C	1.0	-1.0	0	1	1
1	511	V0	1	C	513	K0	4	C	1.0	-1.0	0	1	0
1	0	O0	-1	S	46	F1	6	C	0.5	0.5	1	0	1
1	0	O0	-1	S	46	F1	12	C	0.5	0.5	1	0	0
1	101	S0	11	S	409	I0	2	C	154.0	-154.0	0	0	0
1	209	A0	6	H	0	O0	-1	S	0.5	0.5	1	0	1
1	209	A0	1	H	0	O0	-1	S	0.5	0.5	1	0	0
1	540	Q1	5	H	11	E0	1	S	264.0	264.0	0	0	0
1	339	G0	5	C	0	O0	-1	S	0.5	0.5	1	0	1
1	339	G0	6	C	0	O0	-1	S	0.5	0.5	1	0	0
1	436	G1	4	C	103	R0	12	S	166.0	166.0	0	0	0
1	445	E0	1	H	451	A0	7	H	3.0	-3.0	0	0	1
1	445	E0	2	H	451	A0	4	H	3.0	-3.0	0	0	0
1	114	R1	11	H	272	H1	12	H	79.0	-79.0	0	0	0
1	67	T0	12	C	68	T1	1	C	0.0	0.0	0	1	1
1	67	T0	4	C	68	T1	9	C	0.0	0.0	0	1	0
1	172	T1	7	C	0	O0	-1	S	0.5	0.5	1	0	1
1	172	T1	10	C	0	O0	-1	S	0.5	0.5	1	0	0
1	371	E0	4	C	198	E1	2	S	87.0	87.0	0	0	0
1	505	R0	10	H	525	M0	4	C	10.0	-10.0	0	0	1
1	505	R0	2	H	525	M0	1	C	10.0	-10.0	0	0	0
1	84	F1	9	H	425	A0	1	C	171.0	-171.0	0	0	0
1	504	R1	10	H	0	O0	-1	S	0.5	0.5	1	0	1
1	504	R1	2	H	0	O0	-1	S	0.5	0.5	1	0	0
1	109	V0	11	H	387	G0	7	S	139.0	-139.0	0	0	0
1	4	V1	10	C	10	Q1	4	C	3.0	-3.0	0	0	1
1	4	V1	5	C	10	Q1	2	C	3.0	-3.0	0	0	0
1	104	R1	2	C	351	I0	6	C	124.0	-124.0	0	0	0
1	162	V1	7	E	0	O0	-1	S	0.5	0.5	1	0	1
1	162	V1	3	E	0	O0	-1	S	0.5	0.5	1	0	0
1	442	K1	10	E	488	S1	6	S	23.0	-23.0	0	0	0
1	346	F1	8	C	0	O0	-1	S	0.5	0.5	1	0	1
1	346	F1	1	C	0	O0	-1	S	0.5	0.5	1	0	0
1	219	L0	4	C	327	A0	11	S	54.0	-54.0	0	0	0
1	46	F1	1	C	0	O0	-1	S	0.5	0.5	1	0	1
1	46	F1	12	C	0	O0	-1	S	0.5	0.5	1	0	0
1	458	S1	2	C	87	K0	1	S	185.0	185.0	0	0	0
1	168	N1	7	C	174	D1	7	E	3.0	-3.0	0	0	1
1	168	N1	4	C	174	D1	4	E	3.0	-3.0	0	0	0
1	294	L1	7	C	212	E1	2	E	41.0	41.0	0	0	0
1	416	I1	6	H	425	A0	2	C	5.0	-5.0	0	0	1
1	416	I1	8	H	425	A0	4	C	5.0	-5.0	0	0	0
1	261	S0	4	H	20	D1	11	C	121.0	121.0	0	0	0
1	186	E1	8	E	314	K1	12	E	64.0	-64.0	0	0	1
1	186	E1	2	E	314	K1	1	E	64.0	-64.0	0	0	0
1	481	S0	1	E	173	D0	6	E	154.0	154.0	0	0	0
1	67	T0	10	C	72	L1	3	C	2.0	-2.0	0	0	1
1	67	T0	4	C	72	L1	9	C	2.0	-2.0	0	0	0
1	466	Y1	9	C	66	S1	9	C	200.0	200.0	0	0	0
1	376	V1	4	H	456	V1	8	H	40.0	-40.0	0	0	1
1	376	V1	10	H	456	V1	6	H	40.0	-40.0	0	0	0
1	221	T0	2	H	302	V1	2	H	40.0	-40.0	0	0	0
1	139	I0	9	C	141	Q0	3	C	1.0	-1.0	0	1	1
1	139	I0	4	C	141	Q0	6	C	1.0	-1.0	0	1	0
1	46	F1	2	C	43	Q0	8	C	1.0	1.0	0	0	1
1	46	F1	4	C	43	Q0	10	C	1.0	1.0	0	0	0
1	203	D0	7	C	25	D0	4	C	89.0	89.0	0	0	0
1	285	N0	9	H	287	I0	3	E	1.0	-1.0	0	1	1
1	285	N0	1	H	287	I0	4	E	1.0	-1.0	0	1	0
1	362	E1	7	C	0	O0	-1	S	0.5	0.5	1	0	1
1	362	E1	9	C	0	O0	-1	S	0.5	0.5	1	0	0
1	122	E1	9	C	351	I0	10	S	115.0	-115.0	0	0	0
1	19	D0	10	H	0	O0	-1	S	0.5	0.5	1	0	1
1	19	D0	2	H	0	O0	-1	S	0.5	0.5	1	0	0
1	428	S1	7	H	265	Q0	12	S	81.0	81.0	0	0	0
1	422	S1	7	H	413	Y0	9	H	4.0	4.0	0	0	1
1	422	S1	5	H	413	Y0	10	H	4.0	4.0	0	0	0
1	217	S0	11	H	227	E0	5	H	5.0	-5.0	0	0	0
1	188	L1	7	C	0	O0	-1	S	0.5	0.5	1	0	1
1	188	L1	2	C	0	O0	-1	S	0.5	0.5	1	0	0
1	273	F0	7	C	193	G0	4	S	40.0	40.0	0	0	0
1	151	I0	4	C	315	I0	8	E	82.0	-82.0	0	0	1
1	151	I0	11	C	315	I0	7	E	82.0	-82.0	0	0	0
1	488	S1	12	C	515	D0	1	E	14.0	-14.0	0	0	0
1	438	D1	5	C	0	O0	-1	S	0.5	0.5	1	0	1
1	438	D1	1	C	0	O0	-1	S	0.5	0.5	1	0	0
1	142	Q1	3	C	519	K0	8	S	189.0	-189.0	0	0	0
1	0	O0	-1	S	364	F1	4	C	0.5	0.5	1	0	1
1	0	O0	-1	S	364	F1	10	C	0.5	0.5	1	0	0
1	168	N1	2	S	59	R0	4	C	54.0	54.0	0	0	0
1	380	Y1	12	C	0	O0	-1	S	0.5	0.5	1	0	1
1	380	Y1	8	C	0	O0	-1	S	0.5	0.5	1	0	0
1	396	D1	9	C	394	A1	10	S	1.0	1.0	0	0	0
1	531	Q0	1	H	537	L0	7	H	3.0	-3.0	0	0	1
1	531	Q0	2	H	537	L0	5	H	3.0	-3.0	0	0	0
1	83	F0	1	H	111	S0	1	H	14.0	-14.0	0	0	0
1	550	K1	11	C	0	O0	-1	S	0.5	0.5	1	0	1
1	550	K1	3	C	0	O0	-1	S	0.5	0.5	1	0	0
1	439	T0	10	C	472	E1	9	S	16.0	-16.0	0	0	0
1	360	P1	10	C	448	T1	8	H	44.0	-44.0	0	0	1
1	360	P1	1	C	448	T1	9	H	44.0	-44.0	0	0	0
1	63	K0	7	C	67	T0	7	H	2.0	-2.0	0	0	0
1	348	K1	8	C	352	I1	4	C	2.0	-2.0	0	0	1
1	348	K1	10	C	352	I1	9	C	2.0	-2.0	0	0	0
1	494	A1	8	C	83	F0	12	C	205.0	205.0	0	0	0
1	217	S0	12	C	218	S1	1	C	0.0	0.0	0	1	1
1	217	S0	2	C	218	S1	11	C	0.0	0.0	0	1	0
1	410	I1	3	H	401	S0	10	H	4.0	4.0	0	0	1
1	410	I1	8	H	401	S0	4	H	4.0	4.0	0	0	0
1	119	I0	4	H	243	I0	2	H	62.0	-62.0	0	0	0
1	116	E1	3	H	0	O0	-1	S	0.5	0.5	1	0	1
1	116	E1	8	H	0	O0	-1	S	0.5	0.5	1	0	0
1	226	E1	7	H	25	D0	1	S	100.0	100.0	0	0	0
1	326	L1	12	C	355	G0	4	C	15.0	-15.0	0	0	1
1	326	L1	1	C	355	G0	10	C	15.0	-15.0	0	0	0
1	105	R0	1	C	298	R1	12	C	96.0	-96.0	0	0	0
1	14	N1	12	C	0	O0	-1	S	0.5	0.5	1	0	1
1	14	N1	1	C	0	O0	-1	S	0.5	0.5	1	0	0
1	491	L0	2	C	347	K0	10	S	72.0	72.0	0	0	0
1	39	S0	9	E	41	G0	3	E	1.0	-1.0	0	1	1
1	39	S0	4	E	41	G0	10	E	1.0	-1.0	0	1	0
1	80	A1	10	E	84	F1	3	E	2.0	-2.0	0	0	1
1	80	A1	3	E	84	F1	9	E	2.0	-2.0	0	0	0
1	259	H0	12	E	163	Y0	12	E	48.0	48.0	0	0	0
1	515	D0	4	C	0	O0	-1	S	0.5	0.5	1	0	1
1	515	D0	11	C	0	O0	-1	S	0.5	0.5	1	0	0
1	411	T0	2	C	344	E1	10	S	34.0	34.0	0	0	0
1	0	O0	-1	S	29	G0	11	E	0.5	0.5	1	0	1
1	0	O0	-1	S	29	G0	4	E	0.5	0.5	1	0	0
1	419	L0	6	S	383	P0	7	E	18.0	18.0	0	0	0
1	269	A0	8	E	327	A0	6	C	29.0	-29.0	0	0	1
1	269	A0	5	E	327	A0	4	C	29.0	-29.0	0	0	0
1	513	K0	12	E	134	L1	12	C	190.0	190.0	0	0	0
1	204	D1	8	H	196	G1	10	C	4.0	4.0	0	0	1
1	204	D1	10	H	196	G1	2	C	4.0	4.0	0	0	0
1	112	S1	12	H	11	E0	11	C	50.0	50.0	0	0	0
1	144	H1	11	C	0	O0	-1	S	0.5	0.5	1	0	1
1	144	H1	12	C	0	O0	-1	S	0.5	0.5	1	0	0
1	246	L1	9	C	511	V0	1	S	133.0	-133.0	0	0	0
1	36	L1	11	E	188	L1	6	C	76.0	-76.0	0	0	1
1	36	L1	1	E	188	L1	3	C	76.0	-76.0	0	0	0
1	461	V0	4	E	155	L0	1	C	153.0	153.0	0	0	0
1	314	K1	8	E	190	V1	11	C	62.0	62.0	0	0	1
1	314	K1	10	E	190	V1	2	C	62.0	62.0	0	0	0
1	104	R1	2	E	364	F1	8	C	130.0	-130.0	0	0	0
1	428	S1	8	C	434	L1	4	C	3.0	-3.0	0	0	1
1	428	S1	7	C	434	L1	7	C	3.0	-3.0	0	0	0
1	345	F0	12	C	25	D0	12	C	160.0	160.0	0	0	0
1	81	K0	6	E	49	V0	2	E	16.0	16.0	0	0	1
1	81	K0	1	E	49	V0	1	E	16.0	16.0	0	0	0
1	222	T1	3	E	41	G0	10	E	90.0	90.0	0	0	0
1	0	O0	-1	S	248	N1	12	H	0.5	0.5	1	0	1
1	0	O0	-1	S	248	N1	6	H	0.5	0.5	1	0	0
1	16	V1	11	S	532	Q1	3	H	258.0	-258.0	0	0	0
1	266	Q1	12	C	0	O0	-1	S	0.5	0.5	1	0	1
1	266	Q1	1	C	0	O0	-1	S	0.5	0.5	1	0	0
1	346	F1	1	C	23	Y0	6	S	161.0	161.0	0	0	0
1	0	O0	-1	S	306	K1	7	C	0.5	0.5	1	0	1
1	0	O0	-1	S	306	K1	6	C	0.5	0.5	1	0	0
1	142	Q1	3	S	426	A1	12	C	142.0	-142.0	0	0	0
1	0	O0	-1	S	72	L1	4	C	0.5	0.5	1	0	1
1	0	O0	-1	S	72	L1	1	C	0.5	0.5	1	0	0
1	236	F1	1	S	371	E0	4	C	68.0	-68.0	0	0	0
1	293	L0	11	C	294	L1	2	C	0.0	0.0	0	1	1
1	293	L0	1	C	294	L1	7	C	0.0	0.0	0	1	0
1	459	A0	1	C	514	K1	4	C	27.0	-27.0	0	0	1
1	459	A0	2	C	514	K1	1	C	27.0	-27.0	0	0	0
1	483	N0	2	C	238	L1	5	C	123.0	123.0	0	0	0
1	75	Y0	2	E	55	K0	6	E	10.0	10.0	0	0	1
1	75	Y0	5	E	55	K0	4	E	10.0	10.0	0	0	0
1	50	V1	7	E	320	D1	12	E	135.0	-135.0	0	0	0
1	0	O0	-1	S	10	Q1	7	C	0.5	0.5	1	0	1
1	0	O0	-1	S	10	Q1	2	C	0.5	0.5	1	0	0
1	280	K1	10	S	314	K1	11	C	17.0	-17.0	0	0	0
1	24	Y1	12	E	182	I1	11	E	79.0	-79.0	0	0	1
1	24	Y1	3	E	182	I1	12	E	79.0	-79.0	0	0	0
1	492	L1	6	E	77	A0	10	E	207.0	207.0	0	0	0
1	81	K0	12	E	82	K1	1	E	0.0	0.0	0	1	1
1	81	K0	1	E	82	K1	2	E	0.0	0.0	0	1	0
1	0	O0	-1	S	547	I0	1	C	0.5	0.5	1	0	1
1	0	O0	-1	S	547	I0	5	C	0.5	0.5	1	0	0
1	315	I0	7	S	114	R1	11	C	101.0	101.0	0	0	0
1	87	K0	9	E	89	K0	3	E	1.0	-1.0	0	1	1
1	87	K0	4	E	89	K0	11	E	1.0	-1.0	0	1	0
1	346	F1	5	C	381	E0	1	C	18.0	-18.0	0	0	1
1	346	F1	1	C	381	E0	4	C	18.0	-18.0	0	0	0
1	221	T0	11	C	436	G1	9	C	107.0	-107.0	0	0	0
1	0	O0	-1	S	355	G0	6	C	0.5	0.5	1	0	1
1	0	O0	-1	S	355	G0	2	C	0.5	0.5	1	0	0
1	476	E1	2	S	116	E1	7	C	180.0	180.0	0	0	0
1	302	V1	9	C	305	K0	2	C	2.0	-2.0	0	0	1
1	302	V1	7	C	305	K0	6	C	2.0	-2.0	0	0	0
1	448	T1	11	C	462	V1	2	C	7.0	-7.0	0	0	0
1	219	L0	12	C	417	L0	9	H	99.0	-99.0	0	0	1
1	219	L0	5	C	417	L0	1	H	99.0	-99.0	0	0	0
1	458	S1	10	C	370	P1	1	H	44.0	44.0	0	0	0
1	35	L0	9	E	37	G0	3	E	1.0	-1.0	0	1	1
1	35	L0	10	E	37	G0	8	E	1.0	-1.0	0	1	0
1	158	H1	5	E	0	O0	-1	S	0.5	0.5	1	0	1
1	158	H1	11	E	0	O0	-1	S	0.5	0.5	1	0	0
1	541	H0	10	E	222	T1	10	S	160.0	160.0	0	0	0
1	460	A1	8	C	464	N1	3	C	2.0	-2.0	0	0	1
1	460	A1	3	C	464	N1	11	C	2.0	-2.0	0	0	0
1	371	E0	11	C	325	L0	5	C	23.0	23.0	0	0	0
1	487	S0	12	C	488	S1	1	C	0.0	0.0	0	1	1
1	487	S0	1	C	488	S1	6	C	0.0	0.0	0	1	0
1	442	K1	4	H	0	O0	-1	S	0.5	0.5	1	0	1
1	442	K1	10	H	0	O0	-1	S	0.5	0.5	1	0	0
1	314	K1	11	H	152	I1	2	S	81.0	81.0	0	0	0
1	0	O0	-1	S	114	R1	4	H	0.5	0.5	1	0	1
1	0	O0	-1	S	114	R1	11	H	0.5	0.5	1	0	0
1	202	F1	1	S	53	K0	12	H	74.0	74.0	0	0	0
1	267	I0	12	E	268	I1	1	E	0.0	0.0	0	1	1
1	267	I0	11	E	268	I1	2	E	0.0	0.0	0	1	0
1	222	T1	9	C	223	E0	2	H	1.0	-1.0	0	0	1
1	222	T1	3	C	223	E0	10	H	1.0	-1.0	0	0	0
1	10	Q1	2	C	175	V0	6	H	83.0	-83.0	0	0	0
1	547	I0	7	C	541	H0	8	C	3.0	3.0	0	0	1
1	547	I0	10	C	541	H0	12	C	3.0	3.0	0	0	0
1	285	N0	5	C	424	G1	3	C	69.0	-69.0	0	0	0
1	274	F1	1	C	396	D1	3	H	61.0	-61.0	0	0	1
1	274	F1	7	C	396	D1	9	H	61.0	-61.0	0	0	0
1	273	F0	2	C	2	T1	2	H	136.0	136.0	0	0	0
1	396	D1	4	H	269	A0	6	E	63.0	63.0	0	0	1
1	396	D1	12	H	269	A0	1	E	63.0	63.0	0	0	0
1	420	L1	11	H	424	G1	10	E	2.0	-2.0	0	0	0
1	432	F1	10	C	456	V1	5	H	12.0	-12.0	0	0	1
1	432	F1	3	C	456	V1	6	H	12.0	-12.0	0	0	0
1	11	E0	1	C	10	Q1	2	H	1.0	1.0	0	0	0
1	303	P0	10	C	0	O0	-1	S	0.5	0.5	1	0	1
1	303	P0	9	C	0	O0	-1	S	0.5	0.5	1	0	0
1	96	T1	2	C	529	I0	11	S	217.0	-217.0	0	0	0
1	452	A1	6	H	0	O0	-1	S	0.5	0.5	1	0	1
1	452	A1	5	H	0	O0	-1	S	0.5	0.5	1	0	0
1	403	I0	11	H	304	P1	3	S	50.0	50.0	0	0	0
1	484	N1	12	C	0	O0	-1	S	0.5	0.5	1	0	1
1	484	N1	1	C	0	O0	-1	S	0.5	0.5	1	0	0
1	504	R1	2	C	422	S1	3	S	41.0	41.0	0	0	0
1	474	D1	11	H	0	O0	-1	S	0.5	0.5	1	0	1
1	474	D1	1	H	0	O0	-1	S	0.5	0.5	1	0	0
1	266	Q1	1	H	432	F1	1	S	83.0	-83.0	0	0	0
1	492	L1	11	H	544	P1	8	C	26.0	-26.0	0	0	1
1	492	L1	6	H	544	P1	6	C	26.0	-26.0	0	0	0
1	474	D1	6	H	488	S1	12	C	7.0	-7.0	0	0	0
1	224	E1	10	H	546	W1	6	C	161.0	-161.0	0	0	1
1	224	E1	1	H	546	W1	10	C	161.0	-161.0	0	0	0
1	10	Q1	2	H	357	T0	7	C	174.0	-174.0	0	0	0
1	416	I1	4	H	408	V1	9	H	4.0	4.0	0	0	1
1	416	I1	8	H	408	V1	2	H	4.0	4.0	0	0	0
1	163	Y0	10	H	448	T1	3	H	142.0	-142.0	0	0	0
1	440	T1	11	C	0	O0	-1	S	0.5	0.5	1	0	1
1	440	T1	2	C	0	O0	-1	S	0.5	0.5	1	0	0
1	138	E1	8	C	103	R0	8	S	17.0	17.0	0	0	0
1	170	K1	7	C	0	O0	-1	S	0.5	0.5	1	0	1
1	170	K1	8	C	0	O0	-1	S	0.5	0.5	1	0	0
1	163	Y0	4	C	411	T0	11	S	124.0	-124.0	0	0	0
1	73	Q0	12	E	74	Q1	1	E	0.0	0.0	0	1	1
1	73	Q0	11	E	74	Q1	8	E	0.0	0.0	0	1	0
1	362	E1	10	C	428	S1	12	C	33.0	-33.0	0	0	1
1	362	E1	11	C	428	S1	7	C	33.0	-33.0	0	0	0
1	51	V0	1	C	225	E0	7	C	87.0	-87.0	0	0	0
1	353	F0	8	C	0	O0	-1	S	0.5	0.5	1	0	1
1	353	F0	6	C	0	O0	-1	S	0.5	0.5	1	0	0
1	81	K0	11	C	260	H1	11	S	89.0	-89.0	0	0	0
1	525	M0	9	C	527	T0	3	C	1.0	-1.0	0	1	1
1	525	M0	6	C	527	T0	4	C	1.0	-1.0	0	1	0
1	134	L1	8	H	156	L1	4	E	11.0	-11.0	0	0	1
1	134	L1	9	H	156	L1	5	E	11.0	-11.0	0	0	0
1	251	V0	11	H	299	N0	1	E	24.0	-24.0	0	0	0
1	351	I0	9	C	353	F0	3	C	1.0	-1.0	0	1	1
1	351	I0	6	C	353	F0	10	C	1.0	-1.0	0	1	0
1	90	K1	6	E	114	R1	5	H	12.0	-12.0	0	0	1
1	90	K1	2	E	114	R1	11	H	12.0	-12.0	0	0	0
1	329	H0	12	E	354	F1	3	H	12.0	-12.0	0	0	0
1	80	A1	7	E	53	K0	8	E	13.0	13.0	0	0	1
1	80	A1	3	E	53	K0	12	E	13.0	13.0	0	0	0
1	396	D1	5	E	272	H1	3	E	62.0	62.0	0	0	0
1	492	L1	8	H	546	W1	3	C	27.0	-27.0	0	0	1
1	492	L1	6	H	546	W1	8	C	27.0	-27.0	0	0	0
1	357	T0	1	H	375	V0	6	C	9.0	-9.0	0	0	0
1	467	E0	11	C	0	O0	-1	S	0.5	0.5	1	0	1
1	467	E0	6	C	0	O0	-1	S	0.5	0.5	1	0	0
1	319	D0	2	C	477	Y0	5	S	79.0	-79.0	0	0	0
1	522	K1	10	H	0	O0	-1	S	0.5	0.5	1	0	1
1	522	K1	8	H	0	O0	-1	S	0.5	0.5	1	0	0
1	240	K1	9	H	349	N0	6	S	55.0	-55.0	0	0	0
1	371	E0	8	H	386	L1	5	E	7.0	-7.0	0	0	1
1	371	E0	5	H	386	L1	7	E	7.0	-7.0	0	0	0
1	427	S0	5	H	43	Q0	10	E	192.0	192.0	0	0	0
1	551	P0	5	C	0	O0	-1	S	0.5	0.5	1	0	1
1	551	P0	12	C	0	O0	-1	S	0.5	0.5	1	0	0
1	191	A0	1	C	124	R1	2	S	34.0	34.0	0	0	0
1	0	O0	-1	S	39	S0	1	E	0.5	0.5	1	0	1
1	0	O0	-1	S	39	S0	11	E	0.5	0.5	1	0	0
1	154	T1	9	S	157	H0	2	E	2.0	-2.0	0	0	0
1	369	P0	6	H	376	V1	7	H	3.0	-3.0	0	0	1
1	369	P0	8	H	376	V1	5	H	3.0	-3.0	0	0	0
1	195	G0	10	H	508	L1	9	H	156.0	-156.0	0	0	0
1	483	N0	10	C	0	O0	-1	S	0.5	0.5	1	0	1
1	483	N0	1	C	0	O0	-1	S	0.5	0.5	1	0	0
1	238	L1	8	C	9	Q0	2	S	114.0	114.0	0	0	0
1	343	E0	2	E	383	P0	6	C	20.0	-20.0	0	0	1
1	343	E0	11	E	383	P0	10	C	20.0	-20.0	0	0	0
1	243	I0	5	E	143	H0	5	C	50.0	50.0	0	0	0
1	492	L1	5	H	0	O0	-1	S	0.5	0.5	1	0	1
1	492	L1	6	H	0	O0	-1	S	0.5	0.5	1	0	0
1	53	K0	5	H	441	K0	8	S	194.0	-194.0	0	0	0
1	0	O0	-1	S	295	D0	5	C	0.5	0.5	1	0	1
1	0	O0	-1	S	295	D0	6	C	0.5	0.5	1	0	0
1	372	E1	9	S	457	S0	11	C	43.0	-43.0	0	0	0
1	41	G0	7	E	47	A0	7	E	3.0	-3.0	0	0	1
1	41	G0	11	E	47	A0	4	E	3.0	-3.0	0	0	0
1	8	R1	7	E	449	L0	2	E	221.0	-221.0	0	0	0
1	339	G0	11	C	0	O0	-1	S	0.5	0.5	1	0	1
1	339	G0	6	C	0	O0	-1	S	0.5	0.5	1	0	0
1	130	S1	9	C	406	G1	2	S	138.0	-138.0	0	0	0
1	361	E0	11	C	428	S1	10	C	33.0	-33.0	0	0	1
1	361	E0	4	C	428	S1	2	C	33.0	-33.0	0	0	0
1	507	L0	2	C	551	P0	12	C	22.0	-22.0	0	0	0
1	253	Y0	7	H	247	N0	1	H	3.0	3.0	0	0	1
1	253	Y0	11	H	247	N0	2	H	3.0	3.0	0	0	0
1	1	T0	6	H	450	L1	6	H	224.0	-224.0	0	0	0
1	53	K0	7	E	79	A0	7	E	13.0	-13.0	0	0	1
1	53	K0	12	E	79	A0	4	E	13.0	-13.0	0	0	0
1	215	E0	8	E	510	L1	1	E	147.0	-147.0	0	0	0
1	227	E0	8	H	229	A0	3	H	1.0	-1.0	0	1	1
1	227	E0	5	H	229	A0	5	H	1.0	-1.0	0	1	0
1	454	N1	11	H	0	O0	-1	S	0.5	0.5	1	0	1
1	454	N1	10	H	0	O0	-1	S	0.5	0.5	1	0	0
1	539	Q0	6	H	31	E0	10	S	254.0	254.0	0	0	0
1	534	D1	5	H	0	O0	-1	S	0.5	0.5	1	0	1
1	534	D1	1	H	0	O0	-1	S	0.5	0.5	1	0	0
1	434	L1	3	H	428	S1	7	S	3.0	3.0	0	0	0
1	304	P1	6	C	0	O0	-1	S	0.5	0.5	1	0	1
1	304	P1	3	C	0	O0	-1	S	0.5	0.5	1	0	0
1	176	V1	2	C	364	F1	10	S	94.0	-94.0	0	0	0
1	22	Y1	6	C	0	O0	-1	S	0.5	0.5	1	0	1
1	22	Y1	1	C	0	O0	-1	S	0.5	0.5	1	0	0
1	477	Y0	4	C	525	M0	6	S	24.0	-24.0	0	0	0
1	0	O0	-1	S	416	I1	11	H	0.5	0.5	1	0	1
1	0	O0	-1	S	416	I1	9	H	0.5	0.5	1	0	0
1	190	V1	7	S	380	Y1	6	H	95.0	-95.0	0	0	0
1	0	O0	-1	S	525	M0	5	C	0.5	0.5	1	0	1
1	0	O0	-1	S	525	M0	10	C	0.5	0.5	1	0	0
1	32	E1	2	S	408	V1	11	C	188.0	-188.0	0	0	0
1	98	K1	12	C	0	O0	-1	S	0.5	0.5	1	0	1
1	310	R1	2	C	200	L1	12	S	55.0	55.0	0	0	0
1	552	P1	4	C	0	O0	-1	S	0.5	0.5	1	0	1
1	552	P1	1	C	0	O0	-1	S	0.5	0.5	1	0	0
1	302	V1	6	C	162	V1	8	S	70.0	70.0	0	0	0
1	12	E1	5	C	0	O0	-1	S	0.5	0.5	1	0	1
1	12	E1	9	C	0	O0	-1	S	0.5	0.5	1	0	0
1	215	E0	11	C	490	A1	5	S	137.0	-137.0	0	0	0
1	412	T1	12	H	500	F1	8	H	44.0	-44.0	0	0	1
1	412	T1	3	H	500	F1	3	H	44.0	-44.0	0	0	0
1	508	L1	1	H	426	A1	12	H	41.0	41.0	0	0	0
1	103	R0	3	C	101	S0	9	C	1.0	1.0	0	1	1
1	103	R0	6	C	101	S0	6	C	1.0	1.0	0	1	0
1	262	S1	3	H	253	Y0	9	H	4.0	4.0	0	0	1
1	262	S1	9	H	253	Y0	4	H	4.0	4.0	0	0	0
1	46	F1	5	H	16	V1	3	H	15.0	15.0	0	0	0
1	17	D0	11	H	18	D1	2	H	0.0	0.0	0	1	1
1	17	D0	5	H	18	D1	9	H	0.0	0.0	0	1	0
1	0	O0	-1	S	4	V1	8	C	0.5	0.5	1	0	1
1	0	O0	-1	S	4	V1	2	C	0.5	0.5	1	0	0
1	348	K1	10	S	346	F1	1	C	1.0	1.0	0	0	0
1	43	Q0	11	C	0	O0	-1	S	0.5	0.5	1	0	1
1	43	Q0	10	C	0	O0	-1	S	0.5	0.5	1	0	0
1	184	L1	8	C	158	H1	3	S	13.0	13.0	0	0	0
1	509	L0	7	C	503	R0	1	H	3.0	3.0	0	0	1
1	509	L0	2	C	503	R0	8	H	3.0	3.0	0	0	0
1	199	L0	7	C	457	S0	10	H	129.0	-129.0	0	0	0
1	247	N0	9	H	249	G0	3	H	1.0	-1.0	0	1	1
1	247	N0	2	H	249	G0	2	H	1.0	-1.0	0	1	0
1	280	K1	5	C	364	F1	12	C	42.0	-42.0	0	0	1
1	280	K1	9	C	364	F1	10	C	42.0	-42.0	0	0	0
1	238	L1	5	C	103	R0	10	C	67.0	67.0	0	0	0
1	140	I1	12	C	322	F1	12	C	91.0	-91.0	0	0	1
1	140	I1	2	C	322	F1	6	C	91.0	-91.0	0	0	0
1	513	K0	12	C	70	G1	5	C	222.0	222.0	0	0	0
1	502	I1	9	H	510	L1	7	C	4.0	-4.0	0	0	1
1	502	I1	10	H	510	L1	1	C	4.0	-4.0	0	0	0
1	192	A1	4	H	333	I0	12	C	71.0	-71.0	0	0	0
1	306	K1	3	C	0	O0	-1	S	0.5	0.5	1	0	1
1	306	K1	12	C	0	O0	-1	S	0.5	0.5	1	0	0
1	34	E1	2	C	222	T1	3	S	94.0	-94.0	0	0	0
1	435	G0	12	C	436	G1	1	C	0.0	0.0	0	1	1
1	435	G0	5	C	436	G1	3	C	0.0	0.0	0	1	0
1	2	T1	6	C	0	O0	-1	S	0.5	0.5	1	0	1
1	2	T1	2	C	0	O0	-1	S	0.5	0.5	1	0	0
1	446	E1	2	C	178	I1	11	S	134.0	134.0	0	0	0
1	541	H0	9	C	543	P0	3	C	1.0	-1.0	0	1	1
1	541	H0	12	C	543	P0	12	C	1.0	-1.0	0	1	0
1	0	O0	-1	S	217	S0	8	C	0.5	0.5	1	0	1
1	0	O0	-1	S	217	S0	2	C	0.5	0.5	1	0	0
1	120	I1	9	S	114	R1	11	C	3.0	3.0	0	0	0
1	473	D0	4	H	0	O0	-1	S	0.5	0.5	1	0	1
1	473	D0	12	H	0	O0	-1	S	0.5	0.5	1	0	0
1	475	E0	8	H	34	E1	2	S	221.0	221.0	0	0	0
1	104	R1	11	C	0	O0	-1	S	0.5	0.5	1	0	1
1	104	R1	3	C	0	O0	-1	S	0.5	0.5	1	0	0
1	382	E1	12	C	409	I0	2	S	14.0	-14.0	0	0	0
1	464	N1	4	C	0	O0	-1	S	0.5	0.5	1	0	1
1	464	N1	1	C	0	O0	-1	S	0.5	0.5	1	0	0
1	144	H1	3	C	187	L0	2	S	22.0	-22.0	0	0	0
1	544	P1	5	C	0	O0	-1	S	0.5	0.5	1	0	1
1	544	P1	1	C	0	O0	-1	S	0.5	0.5	1	0	0
1	390	L1	9	C	350	N1	1	S	20.0	20.0	0	0	0
1	41	G0	4	E	0	O0	-1	S	0.5	0.5	1	0	1
1	41	G0	11	E	0	O0	-1	S	0.5	0.5	1	0	0
1	209	A0	1	E	40	S1	10	S	85.0	85.0	0	0	0
1	20	D1	8	H	22	Y1	3	C	1.0	-1.0	0	0	1
1	20	D1	11	H	22	Y1	1	C	1.0	-1.0	0	0	0
1	217	S0	2	H	456	V1	9	C	119.0	-119.0	0	0	0
1	151	I0	9	C	153	T0	3	C	1.0	-1.0	0	1	1
1	151	I0	7	C	153	T0	5	C	1.0	-1.0	0	1	0
1	87	K0	8	E	109	V0	7	E	11.0	-11.0	0	0	1
1	87	K0	1	E	109	V0	5	E	11.0	-11.0	0	0	0
1	240	K1	2	E	511	V0	10	E	136.0	-136.0	0	0	0
1	339	G0	4	C	0	O0	-1	S	0.5	0.5	1	0	1
1	339	G0	2	C	0	O0	-1	S	0.5	0.5	1	0	0
1	204	D1	10	C	480	F1	11	S	138.0	-138.0	0	0	0
1	230	A1	6	H	418	L1	10	H	94.0	-94.0	0	0	1
1	230	A1	4	H	418	L1	1	H	94.0	-94.0	0	0	0
1	151	I0	7	H	9	Q0	1	H	71.0	71.0	0	0	0
1	0	O0	-1	S	472	E1	10	C	0.5	0.5	1	0	1
1	0	O0	-1	S	472	E1	7	C	0.5	0.5	1	0	0
1	369	P0	8	S	121	E0	7	C	124.0	124.0	0	0	0
1	289	M0	11	E	290	M1	2	E	0.0	0.0	0	1	1
1	289	M0	1	E	290	M1	11	E	0.0	0.0	0	1	0
1	202	F1	12	H	0	O0	-1	S	0.5	0.5	1	0	1
1	202	F1	1	H	0	O0	-1	S	0.5	0.5	1	0	0
1	17	D0	4	H	235	F0	12	S	109.0	-109.0	0	0	0
1	474	D1	8	H	0	O0	-1	S	0.5	0.5	1	0	1
1	474	D1	6	H	0	O0	-1	S	0.5	0.5	1	0	0
1	135	K0	2	H	48	A1	10	S	44.0	44.0	0	0	0
1	53	K0	3	E	51	V0	9	E	1.0	1.0	0	1	1
1	53	K0	5	E	51	V0	11	E	1.0	1.0	0	1	0
1	0	O0	-1	S	20	D1	9	H	0.5	0.5	1	0	1
1	0	O0	-1	S	20	D1	1	H	0.5	0.5	1	0	0
1	111	S0	10	S	346	F1	1	H	117.0	-117.0	0	0	0
1	254	Y1	9	H	262	S1	4	H	4.0	-4.0	0	0	1
1	254	Y1	1	H	262	S1	9	H	4.0	-4.0	0	0	0
1	216	E1	11	H	176	V1	6	H	20.0	20.0	0	0	0
1	372	E1	10	H	386	L1	6	E	7.0	-7.0	0	0	1
1	372	E1	9	H	386	L1	9	E	7.0	-7.0	0	0	0
1	475	E0	8	H	529	I0	8	E	27.0	-27.0	0	0	0
1	425	A0	6	C	0	O0	-1	S	0.5	0.5	1	0	1
1	425	A0	10	C	0	O0	-1	S	0.5	0.5	1	0	0
1	100	S1	9	C	304	P1	1	S	102.0	-102.0	0	0	0
1	495	K0	12	H	496	K1	1	H	0.0	0.0	0	1	1
1	495	K0	8	H	496	K1	3	H	0.0	0.0	0	1	0
1	33	E0	8	E	0	O0	-1	S	0.5	0.5	1	0	1
1	33	E0	11	E	0	O0	-1	S	0.5	0.5	1	0	0
1	535	S0	10	E	387	G0	10	S	74.0	74.0	0	0	0
1	340	G1	11	C	0	O0	-1	S	0.5	0.5	1	0	1
1	340	G1	7	C	0	O0	-1	S	0.5	0.5	1	0	0
1	248	N1	6	C	93	R0	2	S	77.0	77.0	0	0	0
1	284	E1	4	H	0	O0	-1	S	0.5	0.5	1	0	1
1	284	E1	10	H	0	O0	-1	S	0.5	0.5	1	0	0
1	297	R0	2	H	521	K0	4	S	112.0	-112.0	0	0	0
1	284	E1	2	H	286	N1	3	H	1.0	-1.0	0	0	1
1	284	E1	5	H	286	N1	4	H	1.0	-1.0	0	0	0
1	495	K0	5	H	519	K0	11	H	12.0	-12.0	0	0	0
1	221	T0	9	C	223	E0	3	H	1.0	-1.0	0	1	1
1	221	T0	7	C	223	E0	10	H	1.0	-1.0	0	1	0
1	408	V1	3	H	510	L1	5	C	51.0	-51.0	0	0	1
1	408	V1	11	H	510	L1	12	C	51.0	-51.0	0	0	0
1	86	I1	2	H	298	R1	5	C	106.0	-106.0	0	0	0
1	321	F0	8	C	126	E1	6	H	98.0	98.0	0	0	1
1	321	F0	4	C	126	E1	3	H	98.0	98.0	0	0	0
1	487	S0	1	C	354	F1	6	H	67.0	67.0	0	0	0
1	354	F1	7	C	0	O0	-1	S	0.5	0.5	1	0	1
1	354	F1	11	C	0	O0	-1	S	0.5	0.5	1	0	0
1	483	N0	1	C	516	D1	12	S	16.0	-16.0	0	0	0
1	0	O0	-1	S	332	K1	11	E	0.5	0.5	1	0	1
1	0	O0	-1	S	332	K1	1	E	0.5	0.5	1	0	0
1	256	Y1	1	S	78	A1	6	E	89.0	89.0	0	0	0
1	225	E0	1	H	231	T0	7	H	3.0	-3.0	0	0	1
1	225	E0	11	H	231	T0	8	H	3.0	-3.0	0	0	0
1	396	D1	5	H	485	T0	7	H	45.0	-45.0	0	0	0
1	222	T1	8	C	227	E0	4	H	3.0	-3.0	0	0	1
1	222	T1	3	C	227	E0	6	H	3.0	-3.0	0	0	0
1	528	T1	3	C	337	F0	12	H	95.0	95.0	0	0	0
1	0	O0	-1	S	206	F1	6	H	0.5	0.5	1	0	1
1	0	O0	-1	S	206	F1	10	H	0.5	0.5	1	0	0
1	480	F1	11	S	177	I0	5	H	151.0	151.0	0	0	0
1	233	E0	11	H	234	E1	2	H	0.0	0.0	0	1	1
1	233	E0	12	H	234	E1	11	H	0.0	0.0	0	1	0
1	371	E0	6	H	382	E1	7	C	5.0	-5.0	0	0	1
1	371	E0	7	H	382	E1	12	C	5.0	-5.0	0	0	0
1	504	R1	2	H	229	A0	8	C	137.0	137.0	0	0	0
1	550	K1	10	C	0	O0	-1	S	0.5	0.5	1	0	1
1	550	K1	5	C	0	O0	-1	S	0.5	0.5	1	0	0
1	375	V0	7	C	109	V0	10	S	133.0	133.0	0	0	0
1	0	O0	-1	S	74	Q1	7	E	0.5	0.5	1	0	1
1	0	O0	-1	S	74	Q1	8	E	0.5	0.5	1	0	0
1	529	I0	8	S	294	L1	8	E	118.0	118.0	0	0	0
1	98	K1	6	C	0	O0	-1	S	0.5	0.5	1	0	1
1	232	T1	8	C	409	I0	2	S	89.0	-89.0	0	0	0
1	506	R1	11	H	0	O0	-1	S	0.5	0.5	1	0	1
1	506	R1	9	H	0	O0	-1	S	0.5	0.5	1	0	0
1	278	L1	6	H	213	K0	12	S	32.0	32.0	0	0	0
1	238	L1	3	H	418	L1	12	H	90.0	-90.0	0	0	1
1	238	L1	8	H	418	L1	8	H	90.0	-90.0	0	0	0
1	450	L1	8	H	288	I1	9	H	81.0	81.0	0	0	0
1	0	O0	-1	S	523	R0	2	C	0.5	0.5	1	0	1
1	0	O0	-1	S	523	R0	6	C	0.5	0.5	1	0	0
1	42	G1	6	S	142	Q1	7	C	50.0	-50.0	0	0	0
1	137	E0	3	H	135	K0	9	H	1.0	1.0	0	1	1
1	137	E0	11	H	135	K0	12	H	1.0	1.0	0	1	0
1	146	P1	3	C	0	O0	-1	S	0.5	0.5	1	0	1
1	146	P1	1	C	0	O0	-1	S	0.5	0.5	1	0	0
1	63	K0	11	C	245	L0	12	S	91.0	-91.0	0	0	0
1	442	K1	8	H	0	O0	-1	S	0.5	0.5	1	0	1
1	442	K1	10	H	0	O0	-1	S	0.5	0.5	1	0	0
1	462	V1	6	H	269	A0	1	S	96.0	96.0	0	0	0
1	17	D0	9	H	19	D0	3	H	1.0	-1.0	0	1	1
1	17	D0	12	H	19	D0	7	H	1.0	-1.0	0	1	0
1	53	K0	9	E	55	K0	3	E	1.0	-1.0	0	1	1
1	53	K0	4	E	55	K0	10	E	1.0	-1.0	0	1	0
1	282	P1	5	H	410	I1	6	H	64.0	-64.0	0	0	1
1	282	P1	8	H	410	I1	10	H	64.0	-64.0	0	0	0
1	377	N0	1	H	126	E1	10	H	126.0	126.0	0	0	0
1	382	E1	6	C	0	O0	-1	S	0.5	0.5	1	0	1
1	382	E1	12	C	0	O0	-1	S	0.5	0.5	1	0	0
1	368	A1	3	C	118	D1	10	S	125.0	125.0	0	0	0
1	106	R1	12	C	0	O0	-1	S	0.5	0.5	1	0	1
1	106	R1	5	C	0	O0	-1	S	0.5	0.5	1	0	0
1	267	I0	4	C	211	E0	11	S	28.0	28.0	0	0	0
1	26	D1	4	E	0	O0	-1	S	0.5	0.5	1	0	1
1	26	D1	1	E	0	O0	-1	S	0.5	0.5	1	0	0
1	445	E0	2	E	229	A0	5	S	108.0	108.0	0	0	0
1	0	O0	-1	S	34	E1	3	E	0.5	0.5	1	0	1
1	0	O0	-1	S	34	E1	2	E	0.5	0.5	1	0	0
1	264	L1	9	S	125	E0	11	E	69.0	69.0	0	0	0
1	476	E1	11	H	0	O0	-1	S	0.5	0.5	1	0	1
1	476	E1	2	H	0	O0	-1	S	0.5	0.5	1	0	0
1	121	E0	4	H	21	Y0	1	S	50.0	50.0	0	0	0
1	0	O0	-1	S	123	R0	5	H	0.5	0.5	1	0	1
1	0	O0	-1	S	123	R0	2	H	0.5	0.5	1	0	0
1	293	L0	1	S	199	L0	12	H	47.0	47.0	0	0	0
1	149	V0	7	E	143	H0	8	C	3.0	3.0	0	0	1
1	149	V0	10	E	143	H0	5	C	3.0	3.0	0	0	0
1	432	F1	3	E	61	E0	1	C	185.0	185.0	0	0	0
1	443	Q0	10	H	0	O0	-1	S	0.5	0.5	1	0	1
1	443	Q0	7	H	0	O0	-1	S	0.5	0.5	1	0	0
1	210	A1	12	H	323	G0	1	S	57.0	-57.0	0	0	0
1	0	O0	-1	S	282	P1	12	H	0.5	0.5	1	0	1
1	0	O0	-1	S	282	P1	8	H	0.5	0.5	1	0	0
1	264	L1	9	S	345	F0	12	H	41.0	-41.0	0	0	0
1	372	E1	11	H	518	P1	11	H	73.0	-73.0	0	0	1
1	372	E1	9	H	518	P1	4	H	73.0	-73.0	0	0	0
1	56	K1	4	H	1	T0	10	H	27.0	27.0	0	0	0
1	0	O0	-1	S	484	N1	10	C	0.5	0.5	1	0	1
1	0	O0	-1	S	484	N1	1	C	0.5	0.5	1	0	0
1	250	G1	8	S	303	P0	12	C	27.0	-27.0	0	0	0
1	514	K1	12	C	0	O0	-1	S	0.5	0.5	1	0	1
1	514	K1	6	C	0	O0	-1	S	0.5	0.5	1	0	0
1	65	S0	11	C	121	E0	2	S	28.0	-28.0	0	0	0
1	380	Y1	10	C	0	O0	-1	S	0.5	0.5	1	0	1
1	380	Y1	9	C	0	O0	-1	S	0.5	0.5	1	0	0
1	110	V1	2	C	215	E0	2	S	53.0	-53.0	0	0	0
1	490	A1	4	H	0	O0	-1	S	0.5	0.5	1	0	1
1	490	A1	6	H	0	O0	-1	S	0.5	0.5	1	0	0
1	33	E0	6	H	415	I0	4	S	191.0	-191.0	0	0	0
1	90	K1	5	E	176	V1	3	E	43.0	-43.0	0	0	1
1	90	K1	2	E	176	V1	4	E	43.0	-43.0	0	0	0
1	452	A1	9	E	441	K0	5	E	5.0	5.0	0	0	0
1	313	K0	8	E	318	I1	3	C	2.0	-2.0	0	0	1
1	313	K0	4	E	318	I1	12	C	2.0	-2.0	0	0	0
1	140	I1	5	E	326	L1	1	C	93.0	-93.0	0	0	0
1	249	G0	10	H	258	L1	3	H	4.0	-4.0	0	0	1
1	156	L1	5	H	464	N1	1	H	154.0	-154.0	0	0	0
1	0	O0	-1	S	280	K1	12	C	0.5	0.5	1	0	1
1	0	O0	-1	S	280	K1	4	C	0.5	0.5	1	0	0
1	459	A0	5	S	398	M1	8	C	31.0	31.0	0	0	0
1	79	A0	6	E	179	L0	8	E	50.0	-50.0	0	0	1
1	79	A0	4	E	179	L0	1	E	50.0	-50.0	0	0	0
1	230	A1	3	E	546	W1	10	E	158.0	-158.0	0	0	0
1	455	V0	10	H	370	P1	5	H	43.0	43.0	0	0	1
1	455	V0	11	H	370	P1	12	H	43.0	43.0	0	0	0
1	352	I1	5	H	362	E1	9	H	5.0	-5.0	0	0	0
1	548	I1	5	C	232	T1	6	H	158.0	158.0	0	0	1
1	548	I1	7	C	232	T1	10	H	158.0	158.0	0	0	0
1	113	R0	12	C	114	R1	11	H	0.0	0.0	0	0	0
1	189	V0	12	C	190	V1	1	C	0.0	0.0	0	1	1
1	189	V0	5	C	190	V1	6	C	0.0	0.0	0	1	0
1	527	T0	2	C	535	S0	4	H	4.0	-4.0	0	0	1
1	527	T0	11	C	535	S0	8	H	4.0	-4.0	0	0	0
1	215	E0	8	C	79	A0	10	H	68.0	68.0	0	0	0
1	96	T1	8	C	101	S0	4	C	3.0	-3.0	0	0	1
1	96	T1	9	C	101	S0	6	C	3.0	-3.0	0	0	0
1	133	L0	7	C	318	I1	6	C	92.0	-92.0	0	0	0
1	506	R1	10	H	0	O0	-1	S	0.5	0.5	1	0	1
1	506	R1	9	H	0	O0	-1	S	0.5	0.5	1	0	0
1	123	R0	2	H	404	I1	2	S	140.0	-140.0	0	0	0
1	301	V0	2	C	0	O0	-1	S	0.5	0.5	1	0	1
1	301	V0	10	C	0	O0	-1	S	0.5	0.5	1	0	0
1	1	T0	8	C	231	T0	11	S	115.0	-115.0	0	0	0
1	152	I1	4	C	318	I1	5	C	83.0	-83.0	0	0	1
1	152	I1	11	C	318	I1	2	C	83.0	-83.0	0	0	0
1	56	K1	9	C	420	L1	11	C	182.0	-182.0	0	0	0
1	493	A0	8	H	495	K0	3	H	1.0	-1.0	0	1	1
1	493	A0	10	H	495	K0	2	H	1.0	-1.0	0	1	0
1	534	D1	11	H	0	O0	-1	S	0.5	0.5	1	0	1
1	534	D1	10	H	0	O0	-1	S	0.5	0.5	1	0	0
1	247	N0	8	H	520	K1	7	S	136.0	-136.0	0	0	0
1	53	K0	2	E	77	A0	6	E	12.0	-12.0	0	0	1
1	53	K0	12	E	77	A0	7	E	12.0	-12.0	0	0	0
1	381	E0	11	E	244	I1	2	E	69.0	69.0	0	0	0
1	93	R0	4	C	0	O0	-1	S	0.5	0.5	1	0	1
1	93	R0	5	C	0	O0	-1	S	0.5	0.5	1	0	0
1	242	Q1	3	C	287	I0	5	S	23.0	-23.0	0	0	0
1	103	R0	7	C	104	R1	6	C	0.0	0.0	0	1	1
1	103	R0	12	C	104	R1	10	C	0.0	0.0	0	1	0
1	265	Q0	11	C	266	Q1	2	C	0.0	0.0	0	1	1
1	265	Q0	6	C	266	Q1	8	C	0.0	0.0	0	1	0
1	16	V1	7	H	0	O0	-1	S	0.5	0.5	1	0	1
1	16	V1	8	H	0	O0	-1	S	0.5	0.5	1	0	0
1	321	F0	1	H	181	I0	10	S	70.0	70.0	0	0	0
1	338	F1	12	C	0	O0	-1	S	0.5	0.5	1	0	1
1	338	F1	1	C	0	O0	-1	S	0.5	0.5	1	0	0
1	113	R0	12	C	66	S1	3	S	24.0	24.0	0	0	0
1	0	O0	-1	S	52	V1	4	E	0.5	0.5	1	0	1
1	0	O0	-1	S	52	V1	8	E	0.5	0.5	1	0	0
1	13	N0	10	S	451	A0	5	E	219.0	-219.0	0	0	0
1	550	K1	8	C	0	O0	-1	S	0.5	0.5	1	0	1
1	550	K1	5	C	0	O0	-1	S	0.5	0.5	1	0	0
1	95	T0	8	C	212	E1	2	S	58.0	-58.0	0	0	0
1	474	D1	3	H	0	O0	-1	S	0.5	0.5	1	0	1
1	474	D1	6	H	0	O0	-1	S	0.5	0.5	1	0	0
1	450	L1	6	H	303	P0	9	S	73.0	73.0	0	0	0
1	491	L0	6	H	498	D1	7	H	3.0	-3.0	0	0	1
1	491	L0	2	H	498	D1	10	H	3.0	-3.0	0	0	0
1	541	H0	12	H	366	V1	12	H	88.0	88.0	0	0	0
1	0	O0	-1	S	187	L0	8	C	0.5	0.5	1	0	1
1	0	O0	-1	S	187	L0	6	C	0.5	0.5	1	0	0
1	104	R1	10	S	47	A0	10	C	28.0	28.0	0	0	0
1	34	E1	5	E	54	K1	5	E	10.0	-10.0	0	0	1
1	489	A0	11	E	156	L1	5	E	167.0	167.0	0	0	0
1	395	D0	1	H	401	S0	7	H	3.0	-3.0	0	0	1
1	395	D0	4	H	401	S0	11	H	3.0	-3.0	0	0	0
1	365	V0	6	H	44	Q1	9	H	161.0	161.0	0	0	0
1	317	I0	12	C	318	I1	1	C	0.0	0.0	0	1	1
1	317	I0	11	C	318	I1	12	C	0.0	0.0	0	1	0
1	489	A0	12	H	490	A1	1	H	0.0	0.0	0	1	1
1	489	A0	10	H	490	A1	9	H	0.0	0.0	0	1	0
1	34	E1	3	E	0	O0	-1	S	0.5	0.5	1	0	1
1	34	E1	2	E	0	O0	-1	S	0.5	0.5	1	0	0
1	15	V0	4	E	436	G1	3	S	210.0	-210.0	0	0	0
1	534	D1	4	H	0	O0	-1	S	0.5	0.5	1	0	1
1	534	D1	9	H	0	O0	-1	S	0.5	0.5	1	0	0
1	101	S0	11	H	283	E0	5	S	91.0	-91.0	0	0	0
1	0	O0	-1	S	381	E0	5	C	0.5	0.5	1	0	1
1	0	O0	-1	S	381	E0	2	C	0.5	0.5	1	0	0
1	105	R0	5	S	435	G0	5	C	165.0	-165.0	0	0	0
1	359	P0	9	C	456	V1	4	H	48.0	-48.0	0	0	1
1	359	P0	7	C	456	V1	9	H	48.0	-48.0	0	0	0
1	264	L1	9	C	539	Q0	12	H	138.0	-138.0	0	0	0
1	453	N0	9	H	461	V0	1	C	4.0	-4.0	0	0	1
1	453	N0	12	H	461	V0	2	C	4.0	-4.0	0	0	0
1	239	K0	4	H	383	P0	10	C	72.0	-72.0	0	0	0
1	0	O0	-1	S	211	E0	6	H	0.5	0.5	1	0	1
1	0	O0	-1	S	211	E0	2	H	0.5	0.5	1	0	0
1	539	Q0	6	S	191	A0	4	H	174.0	174.0	0	0	0
1	11	E0	9	C	13	N0	3	C	1.0	-1.0	0	1	1
1	11	E0	11	C	13	N0	5	C	1.0	-1.0	0	1	0
1	323	G0	12	C	324	G1	1	C	0.0	0.0	0	1	1
1	323	G0	1	C	324	G1	11	C	0.0	0.0	0	1	0
1	359	P0	1	C	366	V1	7	C	3.0	-3.0	0	0	1
1	359	P0	5	C	366	V1	12	C	3.0	-3.0	0	0	0
1	92	R1	4	C	130	S1	4	C	19.0	-19.0	0	0	0
1	362	E1	12	C	0	O0	-1	S	0.5	0.5	1	0	1
1	362	E1	9	C	0	O0	-1	S	0.5	0.5	1	0	0
1	351	I0	2	C	251	V0	11	S	50.0	50.0	0	0	0
1	29	G0	10	E	0	O0	-1	S	0.5	0.5	1	0	1
1	29	G0	2	E	0	O0	-1	S	0.5	0.5	1	0	0
1	277	L0	2	E	429	P0	9	S	76.0	-76.0	0	0	0
1	306	K1	7	C	0	O0	-1	S	0.5	0.5	1	0	1
1	306	K1	12	C	0	O0	-1	S	0.5	0.5	1	0	0
1	142	Q1	1	C	546	W1	5	S	202.0	-202.0	0	0	0
1	0	O0	-1	S	16	V1	7	H	0.5	0.5	1	0	1
1	0	O0	-1	S	16	V1	4	H	0.5	0.5	1	0	0
1	141	Q0	12	S	299	N0	4	H	79.0	-79.0	0	0	0
1	470	F1	10	C	496	K1	6	H	13.0	-13.0	0	0	1
1	470	F1	2	C	496	K1	2	H	13.0	-13.0	0	0	0
1	236	F1	4	C	325	L0	4	H	45.0	-45.0	0	0	0
1	348	K1	3	C	0	O0	-1	S	0.5	0.5	1	0	1
1	348	K1	1	C	0	O0	-1	S	0.5	0.5	1	0	0
1	2	T1	2	C	394	A1	9	S	196.0	-196.0	0	0	0
1	0	O0	-1	S	143	H0	1	C	0.5	0.5	1	0	1
1	0	O0	-1	S	143	H0	5	C	0.5	0.5	1	0	0
1	435	G0	11	S	364	F1	1	C	36.0	36.0	0	0	0
1	541	H0	2	C	549	K0	4	C	4.0	-4.0	0	0	1
1	541	H0	12	C	549	K0	5	C	4.0	-4.0	0	0	0
1	508	L1	1	C	260	H1	11	C	124.0	124.0	0	0	0
1	511	V0	6	C	0	O0	-1	S	0.5	0.5	1	0	1
1	511	V0	10	C	0	O0	-1	S	0.5	0.5	1	0	0
1	328	A1	11	C	69	G0	8	S	129.0	129.0	0	0	0
1	92	R1	8	C	0	O0	-1	S	0.5	0.5	1	0	1
1	92	R1	5	C	0	O0	-1	S	0.5	0.5	1	0	0
1	145	P0	6	C	23	Y0	6	S	61.0	61.0	0	0	0
1	506	R1	4	H	0	O0	-1	S	0.5	0.5	1	0	1
1	506	R1	9	H	0	O0	-1	S	0.5	0.5	1	0	0
1	36	L1	10	H	24	Y1	9	S	6.0	6.0	0	0	0
1	201	F0	8	H	203	D0	3	H	1.0	-1.0	0	1	1
1	201	F0	11	H	203	D0	12	H	1.0	-1.0	0	1	0
1	458	S1	12	H	0	O0	-1	S	0.5	0.5	1	0	1
1	458	S1	10	H	0	O0	-1	S	0.5	0.5	1	0	0
1	525	M0	1	H	59	R0	11	S	233.0	233.0	0	0	0
1	96	T1	1	C	95	T0	12	C	0.0	0.0	0	1	1
1	96	T1	2	C	95	T0	7	C	0.0	0.0	0	1	0
1	475	E0	5	H	0	O0	-1	S	0.5	0.5	1	0	1
1	475	E0	10	H	0	O0	-1	S	0.5	0.5	1	0	0
1	538	L1	9	H	439	T0	7	S	49.0	49.0	0	0	0
1	284	E1	12	H	0	O0	-1	S	0.5	0.5	1	0	1
1	284	E1	5	H	0	O0	-1	S	0.5	0.5	1	0	0
1	164	Y1	9	H	505	R0	1	S	171.0	-171.0	0	0	0
1	480	F1	9	H	486	T1	12	C	3.0	-3.0	0	0	1
1	480	F1	8	H	486	T1	6	C	3.0	-3.0	0	0	0
1	248	N1	1	H	532	Q1	3	C	142.0	-142.0	0	0	0
1	497	D0	7	H	491	L0	1	H	3.0	3.0	0	0	1
1	497	D0	10	H	491	L0	2	H	3.0	3.0	0	0	0
1	397	M0	2	H	485	T0	1	H	44.0	-44.0	0	0	0
1	507	L0	8	H	509	L0	3	C	1.0	-1.0	0	1	1
1	507	L0	2	H	509	L0	2	C	1.0	-1.0	0	1	0
1	552	P1	7	C	0	O0	-1	S	0.5	0.5	1	0	1
1	552	P1	1	C	0	O0	-1	S	0.5	0.5	1	0	0
1	287	I0	5	C	114	R1	11	S	87.0	87.0	0	0	0
1	338	F1	11	C	0	O0	-1	S	0.5	0.5	1	0	1
1	338	F1	8	C	0	O0	-1	S	0.5	0.5	1	0	0
1	200	L1	3	C	137	E0	9	S	31.0	31.0	0	0	0
1	351	I0	1	C	0	O0	-1	S	0.5	0.5	1	0	1
1	351	I0	10	C	0	O0	-1	S	0.5	0.5	1	0	0
1	200	L1	10	C	457	S0	11	S	129.0	-129.0	0	0	0
1	405	G0	4	H	508	L1	8	H	51.0	-51.0	0	0	1
1	405	G0	8	H	508	L1	9	H	51.0	-51.0	0	0	0
1	272	H1	1	H	469	F0	10	H	99.0	-99.0	0	0	0
1	97	K0	8	C	99	S0	3	C	1.0	-1.0	0	1	1
1	97	K0	1	C	99	S0	2	C	1.0	-1.0	0	1	0
1	212	E1	5	H	0	O0	-1	S	0.5	0.5	1	0	1
1	212	E1	10	H	0	O0	-1	S	0.5	0.5	1	0	0
1	177	I0	4	H	521	K0	2	S	172.0	-172.0	0	0	0
1	239	K0	9	H	241	Q0	3	H	1.0	-1.0	0	1	1
1	239	K0	5	H	241	Q0	10	H	1.0	-1.0	0	1	0
1	539	Q0	11	H	540	Q1	2	H	0.0	0.0	0	1	1
1	539	Q0	12	H	540	Q1	1	H	0.0	0.0	0	1	0
1	480	F1	10	H	496	K1	5	H	8.0	-8.0	0	0	1
1	480	F1	8	H	496	K1	4	H	8.0	-8.0	0	0	0
1	429	P0	1	H	181	I0	5	H	124.0	124.0	0	0	0
1	22	Y1	5	C	0	O0	-1	S	0.5	0.5	1	0	1
1	22	Y1	1	C	0	O0	-1	S	0.5	0.5	1	0	0
1	446	E1	3	C	65	S0	1	S	190.0	190.0	0	0	0
1	12	E1	6	C	0	O0	-1	S	0.5	0.5	1	0	1
1	12	E1	10	C	0	O0	-1	S	0.5	0.5	1	0	0
1	424	G1	5	C	483	N0	7	S	30.0	-30.0	0	0	0
1	243	I0	6	H	316	I1	4	E	36.0	-36.0	0	0	1
1	243	I0	2	H	316	I1	7	E	36.0	-36.0	0	0	0
1	482	S1	7	H	519	K0	11	E	19.0	-19.0	0	0	0
1	157	H0	9	E	0	O0	-1	S	0.5	0.5	1	0	1
1	157	H0	2	E	0	O0	-1	S	0.5	0.5	1	0	0
1	301	V0	10	E	183	L0	2	S	59.0	59.0	0	0	0
1	1	T0	12	C	2	T1	1	C	0.0	0.0	0	1	1
1	1	T0	8	C	2	T1	2	C	0.0	0.0	0	1	0
1	119	I0	9	H	128	V1	3	H	4.0	-4.0	0	0	1
1	119	I0	6	H	128	V1	2	H	4.0	-4.0	0	0	0
1	199	L0	2	H	344	E1	3	H	72.0	-72.0	0	0	0
1	304	P1	4	C	0	O0	-1	S	0.5	0.5	1	0	1
1	304	P1	3	C	0	O0	-1	S	0.5	0.5	1	0	0
1	369	P0	7	C	281	P0	2	S	44.0	44.0	0	0	0
1	483	N0	8	C	0	O0	-1	S	0.5	0.5	1	0	1
1	483	N0	1	C	0	O0	-1	S	0.5	0.5	1	0	0
1	407	V0	7	C	402	S1	3	S	3.0	3.0	0	0	0
1	381	E0	5	C	0	O0	-1	S	0.5	0.5	1	0	1
1	381	E0	6	C	0	O0	-1	S	0.5	0.5	1	0	0
1	349	N0	6	C	111	S0	10	S	119.0	119.0	0	0	0
1	72	L1	6	C	0	O0	-1	S	0.5	0.5	1	0	1
1	72	L1	9	C	0	O0	-1	S	0.5	0.5	1	0	0
1	275	D0	1	C	44	Q1	10	S	116.0	116.0	0	0	0
1	155	L0	9	E	157	H0	3	E	1.0	-1.0	0	1	1
1	155	L0	8	E	157	H0	12	E	1.0	-1.0	0	1	0
1	407	V0	8	H	409	I0	3	H	1.0	-1.0	0	1	1
1	407	V0	7	H	409	I0	5	H	1.0	-1.0	0	1	0
1	268	I1	11	E	132	I1	6	H	68.0	68.0	0	0	1
1	268	I1	7	E	132	I1	4	H	68.0	68.0	0	0	0
1	86	I1	2	E	142	Q1	3	H	28.0	-28.0	0	0	0
1	244	I1	3	H	312	I1	12	E	34.0	-34.0	0	0	1
1	244	I1	2	H	312	I1	3	E	34.0	-34.0	0	0	0
1	222	T1	2	H	451	A0	2	E	115.0	-115.0	0	0	0
1	24	Y1	6	E	61	E0	5	E	19.0	-19.0	0	0	1
1	24	Y1	9	E	61	E0	2	E	19.0	-19.0	0	0	0
1	16	V1	10	E	119	I0	6	E	52.0	-52.0	0	0	0
1	343	E0	8	E	344	E1	5	E	0.0	0.0	0	1	1
1	343	E0	5	E	344	E1	1	E	0.0	0.0	0	1	0
1	136	K1	3	H	128	V1	9	H	4.0	4.0	0	0	1
1	136	K1	5	H	128	V1	8	H	4.0	4.0	0	0	0
1	522	K1	3	H	296	D1	3	H	113.0	113.0	0	0	0
1	545	W0	6	C	0	O0	-1	S	0.5	0.5	1	0	1
1	545	W0	7	C	0	O0	-1	S	0.5	0.5	1	0	0
1	221	T0	1	C	398	M1	8	S	88.0	-88.0	0	0	0
1	82	K1	6	E	48	A1	11	E	17.0	17.0	0	0	1
1	82	K1	2	E	48	A1	3	E	17.0	17.0	0	0	0
1	440	T1	2	E	382	E1	12	E	29.0	29.0	0	0	0
1	483	N0	11	C	484	N1	2	C	0.0	0.0	0	1	1
1	483	N0	5	C	484	N1	1	C	0.0	0.0	0	1	0
1	529	I0	7	H	0	O0	-1	S	0.5	0.5	1	0	1
1	529	I0	4	H	0	O0	-1	S	0.5	0.5	1	0	0
1	234	E1	9	H	46	F1	12	S	94.0	94.0	0	0	0
1	71	L0	11	C	72	L1	2	C	0.0	0.0	0	1	1
1	71	L0	1	C	72	L1	9	C	0.0	0.0	0	1	0
1	377	N0	9	C	379	Y0	3	C	1.0	-1.0	0	1	1
1	377	N0	1	C	379	Y0	12	C	1.0	-1.0	0	1	0
1	469	F0	4	C	470	F1	9	C	0.0	0.0	0	1	1
1	469	F0	5	C	470	F1	12	C	0.0	0.0	0	1	0
1	368	A1	10	C	372	E1	2	H	2.0	-2.0	0	0	1
1	368	A1	9	C	372	E1	9	H	2.0	-2.0	0	0	0
1	468	E1	2	C	423	G0	6	H	22.0	22.0	0	0	0
1	500	F1	6	H	526	M1	12	C	13.0	-13.0	0	0	1
1	500	F1	1	H	526	M1	9	C	13.0	-13.0	0	0	0
1	135	K0	1	H	323	G0	4	C	94.0	-94.0	0	0	0
1	0	O0	-1	S	266	Q1	7	C	0.5	0.5	1	0	1
1	0	O0	-1	S	266	Q1	8	C	0.5	0.5	1	0	0
1	263	L0	1	S	95	T0	7	C	84.0	84.0	0	0	0
1	505	R0	7	H	499	F0	1	H	3.0	3.0	0	0	1
1	505	R0	1	H	499	F0	6	H	3.0	3.0	0	0	0
1	333	I0	10	H	311	I0	11	H	11.0	11.0	0	0	0
1	208	L1	8	H	0	O0	-1	S	0.5	0.5	1	0	1
1	208	L1	10	H	0	O0	-1	S	0.5	0.5	1	0	0
1	399	W0	10	H	169	K0	5	S	115.0	115.0	0	0	0
1	116	E1	9	H	124	R1	4	H	4.0	-4.0	0	0	1
1	116	E1	7	H	124	R1	2	H	4.0	-4.0	0	0	0
1	119	I0	4	H	508	L1	12	H	194.0	-194.0	0	0	0
1	331	K0	11	E	332	K1	2	E	0.0	0.0	0	1	1
1	331	K0	6	E	332	K1	12	E	0.0	0.0	0	1	0
1	32	E1	10	E	0	O0	-1	S	0.5	0.5	1	0	1
1	32	E1	2	E	0	O0	-1	S	0.5	0.5	1	0	0
1	485	T0	10	E	49	V0	6	S	218.0	218.0	0	0	0
1	0	O0	-1	S	533	D0	6	H	0.5	0.5	1	0	1
1	0	O0	-1	S	533	D0	12	H	0.5	0.5	1	0	0
1	552	P1	1	S	133	L0	12	H	209.0	209.0	0	0	0
1	474	D1	7	H	0	O0	-1	S	0.5	0.5	1	0	1
1	474	D1	6	H	0	O0	-1	S	0.5	0.5	1	0	0
1	93	R0	2	H	62	E1	3	S	16.0	16.0	0	0	0
1	142	Q1	10	C	0	O0	-1	S	0.5	0.5	1	0	1
1	142	Q1	3	C	0	O0	-1	S	0.5	0.5	1	0	0
1	337	F0	11	C	484	N1	1	S	73.0	-73.0	0	0	0
1	455	V0	8	H	457	S0	3	H	1.0	-1.0	0	1	1
1	455	V0	11	H	457	S0	4	H	1.0	-1.0	0	1	0
1	476	E1	9	H	0	O0	-1	S	0.5	0.5	1	0	1
1	476	E1	2	H	0	O0	-1	S	0.5	0.5	1	0	0
1	18	D1	9	H	395	D0	4	S	189.0	-189.0	0	0	0
1	330	H1	12	E	344	E1	12	E	7.0	-7.0	0	0	1
1	330	H1	4	E	344	E1	1	E	7.0	-7.0	0	0	0
1	209	A0	2	E	178	I1	10	E	16.0	16.0	0	0	0
1	116	E1	5	H	0	O0	-1	S	0.5	0.5	1	0	1
1	116	E1	7	H	0	O0	-1	S	0.5	0.5	1	0	0
1	141	Q0	12	H	333	I0	10	S	96.0	-96.0	0	0	0
1	253	Y0	3	H	251	V0	9	H	1.0	1.0	0	1	1
1	253	Y0	11	H	251	V0	11	H	1.0	1.0	0	1	0
1	290	M1	4	E	318	I1	4	C	14.0	-14.0	0	0	1
1	290	M1	9	E	318	I1	11	C	14.0	-14.0	0	0	0
1	165	E0	1	E	290	M1	11	C	62.0	-62.0	0	0	0
1	0	O0	-1	S	357	T0	5	C	0.5	0.5	1	0	1
1	0	O0	-1	S	357	T0	7	C	0.5	0.5	1	0	0
1	402	S1	9	S	456	V1	6	C	27.0	-27.0	0	0	0
1	125	E0	9	H	133	L0	4	H	4.0	-4.0	0	0	1
1	125	E0	2	H	133	L0	7	H	4.0	-4.0	0	0	0
1	548	I1	1	H	196	G1	3	H	176.0	176.0	0	0	0
1	336	D1	9	C	338	F1	3	C	1.0	-1.0	0	0	1
1	336	D1	8	C	338	F1	8	C	1.0	-1.0	0	0	0
1	342	N1	2	C	477	Y0	4	C	68.0	-68.0	0	0	0
1	403	I0	9	H	405	G0	3	H	1.0	-1.0	0	1	1
1	403	I0	10	H	405	G0	10	H	1.0	-1.0	0	1	0
1	383	P0	4	C	384	P1	9	C	0.0	0.0	0	1	1
1	383	P0	10	C	384	P1	1	C	0.0	0.0	0	1	0
1	0	O0	-1	S	91	R0	1	C	0.5	0.5	1	0	1
1	0	O0	-1	S	91	R0	7	C	0.5	0.5	1	0	0
1	207	L0	2	S	245	L0	12	C	19.0	-19.0	0	0	0
1	208	L1	11	H	418	L1	5	H	105.0	-105.0	0	0	1
1	208	L1	10	H	418	L1	6	H	105.0	-105.0	0	0	0
1	3	V0	7	H	423	G0	5	H	210.0	-210.0	0	0	0
1	103	R0	5	C	0	O0	-1	S	0.5	0.5	1	0	1
1	103	R0	6	C	0	O0	-1	S	0.5	0.5	1	0	0
1	79	A0	10	C	299	N0	11	S	110.0	-110.0	0	0	0
1	500	F1	11	H	548	I1	4	C	24.0	-24.0	0	0	1
1	500	F1	3	H	548	I1	1	C	24.0	-24.0	0	0	0
1	540	Q1	1	H	443	Q0	2	C	48.0	48.0	0	0	0
1	540	Q1	8	H	0	O0	-1	S	0.5	0.5	1	0	1
1	540	Q1	5	H	0	O0	-1	S	0.5	0.5	1	0	0
1	521	K0	1	H	14	N1	5	S	254.0	254.0	0	0	0
1	0	O0	-1	S	486	T1	5	C	0.5	0.5	1	0	1
1	0	O0	-1	S	486	T1	6	C	0.5	0.5	1	0	0
1	297	R0	8	S	435	G0	5	C	69.0	-69.0	0	0	0
1	300	N1	10	C	0	O0	-1	S	0.5	0.5	1	0	1
1	300	N1	2	C	0	O0	-1	S	0.5	0.5	1	0	0
1	504	R1	2	C	307	P0	11	S	98.0	98.0	0	0	0
1	428	S1	4	C	0	O0	-1	S	0.5	0.5	1	0	1
1	428	S1	2	C	0	O0	-1	S	0.5	0.5	1	0	0
1	533	D0	2	C	345	F0	2	S	94.0	94.0	0	0	0
1	492	L1	12	H	0	O0	-1	S	0.5	0.5	1	0	1
1	492	L1	6	H	0	O0	-1	S	0.5	0.5	1	0	0
1	224	E1	3	H	76	Y1	12	S	74.0	74.0	0	0	0
1	28	T1	11	E	84	F1	4	E	28.0	-28.0	0	0	1
1	28	T1	9	E	84	F1	5	E	28.0	-28.0	0	0	0
1	283	E0	11	E	240	K1	9	E	22.0	22.0	0	0	0
1	109	V0	8	E	120	I1	4	H	5.0	-5.0	0	0	1
1	109	V0	4	E	120	I1	9	H	5.0	-5.0	0	0	0
1	530	I1	8	E	414	Y1	1	H	58.0	58.0	0	0	0
1	0	O0	-1	S	512	V1	6	C	0.5	0.5	1	0	1
1	0	O0	-1	S	512	V1	3	C	0.5	0.5	1	0	0
1	330	H1	1	S	96	T1	9	C	117.0	117.0	0	0	0
1	50	V1	10	E	54	K1	3	E	2.0	-2.0	0	0	1
1	76	Y1	12	E	531	Q0	11	E	228.0	-228.0	0	0	0
1	488	S1	11	C	0	O0	-1	S	0.5	0.5	1	0	1
1	488	S1	6	C	0	O0	-1	S	0.5	0.5	1	0	0
1	461	V0	10	C	65	S0	11	S	198.0	198.0	0	0	0
1	459	A0	11	C	0	O0	-1	S	0.5	0.5	1	0	1
1	459	A0	4	C	0	O0	-1	S	0.5	0.5	1	0	0
1	241	Q0	5	C	132	I1	4	S	55.0	55.0	0	0	0
1	447	T0	9	H	456	V1	3	H	4.0	-4.0	0	0	1
1	447	T0	10	H	456	V1	2	H	4.0	-4.0	0	0	0
1	158	H1	1	H	318	I1	12	H	80.0	-80.0	0	0	0
1	0	O0	-1	S	193	G0	5	C	0.5	0.5	1	0	1
1	0	O0	-1	S	193	G0	6	C	0.5	0.5	1	0	0
1	305	K0	5	S	3	V0	6	C	151.0	151.0	0	0	0
1	296	D1	12	C	0	O0	-1	S	0.5	0.5	1	0	1
1	296	D1	2	C	0	O0	-1	S	0.5	0.5	1	0	0
1	218	S1	2	C	273	F0	1	S	28.0	-28.0	0	0	0
1	449	L0	9	H	451	A0	3	H	1.0	-1.0	0	1	1
1	449	L0	12	H	451	A0	4	H	1.0	-1.0	0	1	0
1	511	V0	12	C	512	V1	1	C	0.0	0.0	0	1	1
1	511	V0	4	C	512	V1	7	C	0.0	0.0	0	1	0
1	193	G0	10	C	298	R1	3	C	52.0	-52.0	0	0	1
1	193	G0	6	C	298	R1	12	C	52.0	-52.0	0	0	0
1	109	V0	5	C	505	R0	2	C	198.0	-198.0	0	0	0
1	74	Q1	11	E	0	O0	-1	S	0.5	0.5	1	0	1
1	74	Q1	8	E	0	O0	-1	S	0.5	0.5	1	0	0
1	476	E1	2	E	3	V0	11	S	236.0	236.0	0	0	0
1	319	D0	11	C	320	D1	2	C	0.0	0.0	0	1	1
1	319	D0	10	C	320	D1	8	C	0.0	0.0	0	1	0
1	114	R1	4	H	0	O0	-1	S	0.5	0.5	1	0	1
1	114	R1	11	H	0	O0	-1	S	0.5	0.5	1	0	0
1	244	I1	2	H	81	K0	1	S	81.0	81.0	0	0	0
1	8	R1	12	E	0	O0	-1	S	0.5	0.5	1	0	1
1	8	R1	1	E	0	O0	-1	S	0.5	0.5	1	0	0
1	501	I0	10	E	549	K0	10	S	24.0	-24.0	0	0	0
1	23	Y0	1	E	64	K1	3	C	20.0	-20.0	0	0	1
1	23	Y0	10	E	64	K1	2	C	20.0	-20.0	0	0	0
1	39	S0	4	E	135	K0	1	C	48.0	-48.0	0	0	0
1	427	S0	7	C	0	O0	-1	S	0.5	0.5	1	0	1
1	427	S0	6	C	0	O0	-1	S	0.5	0.5	1	0	0
1	536	S1	9	C	72	L1	1	S	232.0	232.0	0	0	0
1	13	N0	9	C	15	V0	3	H	1.0	-1.0	0	1	1
1	13	N0	12	C	15	V0	6	H	1.0	-1.0	0	1	0
1	0	O0	-1	S	284	E1	9	H	0.5	0.5	1	0	1
1	0	O0	-1	S	284	E1	8	H	0.5	0.5	1	0	0
1	69	G0	7	S	6	F1	5	H	32.0	32.0	0	0	0
1	451	A0	6	H	458	S1	7	H	3.0	-3.0	0	0	1
1	451	A0	5	H	458	S1	9	H	3.0	-3.0	0	0	0
1	70	G1	9	H	184	L1	6	H	57.0	-57.0	0	0	0
1	218	S1	7	C	0	O0	-1	S	0.5	0.5	1	0	1
1	218	S1	11	C	0	O0	-1	S	0.5	0.5	1	0	0
1	283	E0	2	C	302	V1	2	S	9.0	-9.0	0	0	0
1	0	O0	-1	S	232	T1	12	H	0.5	0.5	1	0	1
1	0	O0	-1	S	232	T1	9	H	0.5	0.5	1	0	0
1	501	I0	10	S	534	D1	3	H	16.0	-16.0	0	0	0
1	100	S1	4	C	0	O0	-1	S	0.5	0.5	1	0	1
1	100	S1	3	C	0	O0	-1	S	0.5	0.5	1	0	0
1	105	R0	5	C	178	I1	2	S	36.0	-36.0	0	0	0
1	123	R0	11	H	0	O0	-1	S	0.5	0.5	1	0	1
1	123	R0	2	H	0	O0	-1	S	0.5	0.5	1	0	0
1	62	E1	11	H	502	I1	10	S	220.0	-220.0	0	0	0
1	112	S1	9	C	115	E0	7	H	2.0	-2.0	0	0	1
1	112	S1	2	C	115	E0	5	H	2.0	-2.0	0	0	0
1	188	L1	5	C	489	A0	8	H	151.0	-151.0	0	0	0
1	286	N1	5	H	0	O0	-1	S	0.5	0.5	1	0	1
1	286	N1	1	H	0	O0	-1	S	0.5	0.5	1	0	0
1	325	L0	5	H	302	V1	7	S	12.0	12.0	0	0	0
1	467	E0	7	C	0	O0	-1	S	0.5	0.5	1	0	1
1	467	E0	8	C	0	O0	-1	S	0.5	0.5	1	0	0
1	399	W0	7	C	227	E0	5	S	86.0	86.0	0	0	0
1	242	Q1	5	H	0	O0	-1	S	0.5	0.5	1	0	1
1	242	Q1	12	H	0	O0	-1	S	0.5	0.5	1	0	0
1	138	E1	2	H	411	T0	6	S	137.0	-137.0	0	0	0
1	468	E1	7	C	0	O0	-1	S	0.5	0.5	1	0	1
1	468	E1	2	C	0	O0	-1	S	0.5	0.5	1	0	0
1	216	E1	11	C	6	F1	7	S	105.0	105.0	0	0	0
1	498	D1	11	H	0	O0	-1	S	0.5	0.5	1	0	1
1	498	D1	3	H	0	O0	-1	S	0.5	0.5	1	0	0
1	471	E0	5	H	497	D0	11	S	13.0	-13.0	0	0	0
1	257	L0	10	H	267	I0	7	E	5.0	-5.0	0	0	1
1	257	L0	6	H	267	I0	4	E	5.0	-5.0	0	0	0
1	2	T1	2	H	501	I0	11	E	250.0	-250.0	0	0	0
1	217	S0	8	C	0	O0	-1	S	0.5	0.5	1	0	1
1	217	S0	11	C	0	O0	-1	S	0.5	0.5	1	0	0
1	366	V1	12	C	234	E1	11	S	66.0	66.0	0	0	0
1	391	E0	6	H	398	M1	7	H	3.0	-3.0	0	0	1
1	391	E0	12	H	398	M1	8	H	3.0	-3.0	0	0	0
1	505	R0	1	H	257	L0	1	H	124.0	124.0	0	0	0
1	0	O0	-1	S	534	D1	6	H	0.5	0.5	1	0	1
1	0	O0	-1	S	534	D1	12	H	0.5	0.5	1	0	0
1	333	I0	12	S	489	A0	8	H	78.0	-78.0	0	0	0
1	240	K1	10	H	0	O0	-1	S	0.5	0.5	1	0	1
1	240	K1	6	H	0	O0	-1	S	0.5	0.5	1	0	0
1	193	G0	4	H	117	D0	12	S	38.0	38.0	0	0	0
1	294	L1	5	C	314	K1	3	E	10.0	-10.0	0	0	1
1	294	L1	11	C	314	K1	10	E	10.0	-10.0	0	0	0
1	153	T0	5	C	361	E0	8	E	104.0	-104.0	0	0	0
1	0	O0	-1	S	234	E1	6	H	0.5	0.5	1	0	1
1	0	O0	-1	S	234	E1	9	H	0.5	0.5	1	0	0
1	401	S0	2	S	156	L1	5	H	123.0	123.0	0	0	0
1	109	V0	12	E	110	V1	1	E	0.0	0.0	0	1	1
1	109	V0	10	E	110	V1	11	E	0.0	0.0	0	1	0
1	118	D1	12	H	0	O0	-1	S	0.5	0.5	1	0	1
1	118	D1	9	H	0	O0	-1	S	0.5	0.5	1	0	0
1	100	S1	8	H	503	R0	11	S	202.0	-202.0	0	0	0
1	397	M0	11	H	398	M1	2	H	0.0	0.0	0	1	1
1	397	M0	12	H	398	M1	8	H	0.0	0.0	0	1	0
1	476	E1	4	H	0	O0	-1	S	0.5	0.5	1	0	1
1	476	E1	2	H	0	O0	-1	S	0.5	0.5	1	0	0
1	13	N0	6	H	17	D0	12	S	2.0	-2.0	0	0	0
1	0	O0	-1	S	376	V1	9	H	0.5	0.5	1	0	1
1	0	O0	-1	S	376	V1	12	H	0.5	0.5	1	0	0
1	361	E0	8	S	78	A1	2	H	142.0	142.0	0	0	0
1	0	O0	-1	S	297	R0	7	C	0.5	0.5	1	0	1
1	0	O0	-1	S	297	R0	2	C	0.5	0.5	1	0	0
1	497	D0	2	S	49	V0	10	C	224.0	224.0	0	0	0
1	0	O0	-1	S	1	T0	5	C	0.5	0.5	1	0	1
1	0	O0	-1	S	1	T0	10	C	0.5	0.5	1	0	0
1	244	I1	11	S	129	S0	10	C	57.0	57.0	0	0	0
1	170	K1	5	C	0	O0	-1	S	0.5	0.5	1	0	1
1	170	K1	8	C	0	O0	-1	S	0.5	0.5	1	0	0
1	482	S1	2	C	434	L1	7	S	24.0	24.0	0	0	0
1	532	Q1	12	H	0	O0	-1	S	0.5	0.5	1	0	1
1	532	Q1	9	H	0	O0	-1	S	0.5	0.5	1	0	0
1	315	I0	11	H	174	D1	4	S	71.0	71.0	0	0	0
1	443	Q0	9	H	445	E0	3	H	1.0	-1.0	0	1	1
1	443	Q0	8	H	445	E0	2	H	1.0	-1.0	0	1	0
1	0	O0	-1	S	467	E0	7	C	0.5	0.5	1	0	1
1	0	O0	-1	S	467	E0	8	C	0.5	0.5	1	0	0
1	14	N1	3	S	109	V0	10	C	48.0	-48.0	0	0	0
1	167	N0	7	C	173	D0	7	E	3.0	-3.0	0	0	1
1	167	N0	6	C	173	D0	4	E	3.0	-3.0	0	0	0
1	4	V1	5	C	35	L0	4	E	16.0	-16.0	0	0	0
1	248	N1	12	H	0	O0	-1	S	0.5	0.5	1	0	1
1	248	N1	1	H	0	O0	-1	S	0.5	0.5	1	0	0
1	190	V1	6	H	314	K1	10	S	62.0	-62.0	0	0	0
1	172	T1	9	C	174	D1	3	E	1.0	-1.0	0	0	1
1	172	T1	8	C	174	D1	11	E	1.0	-1.0	0	0	0
1	109	V0	10	C	155	L0	8	E	23.0	-23.0	0	0	0
1	393	A0	9	H	395	D0	3	H	1.0	-1.0	0	1	1
1	393	A0	1	H	395	D0	10	H	1.0	-1.0	0	1	0
1	302	V1	10	C	0	O0	-1	S	0.5	0.5	1	0	1
1	302	V1	2	C	0	O0	-1	S	0.5	0.5	1	0	0
1	347	K0	2	C	279	K0	11	S	34.0	34.0	0	0	0
1	72	L1	10	C	0	O0	-1	S	0.5	0.5	1	0	1
1	72	L1	1	C	0	O0	-1	S	0.5	0.5	1	0	0
1	458	S1	9	C	414	Y1	10	S	22.0	22.0	0	0	0
1	0	O0	-1	S	223	E0	7	H	0.5	0.5	1	0	1
1	0	O0	-1	S	223	E0	12	H	0.5	0.5	1	0	0
1	373	I0	4	S	435	G0	10	H	31.0	-31.0	0	0	0
1	541	H0	5	C	0	O0	-1	S	0.5	0.5	1	0	1
1	541	H0	10	C	0	O0	-1	S	0.5	0.5	1	0	0
1	435	G0	11	C	192	A1	9	S	122.0	122.0	0	0	0
1	140	I1	11	C	258	L1	5	H	59.0	-59.0	0	0	1
1	332	K1	1	C	231	T0	8	H	50.0	50.0	0	0	0
1	240	K1	4	H	0	O0	-1	S	0.5	0.5	1	0	1
1	240	K1	9	H	0	O0	-1	S	0.5	0.5	1	0	0
1	261	S0	4	H	294	L1	4	S	16.0	-16.0	0	0	0
1	101	S0	2	C	0	O0	-1	S	0.5	0.5	1	0	1
1	101	S0	10	C	0	O0	-1	S	0.5	0.5	1	0	0
1	137	E0	9	C	442	K1	10	S	152.0	-152.0	0	0	0
1	42	G1	7	E	48	A1	7	E	3.0	-3.0	0	0	1
1	42	G1	10	E	48	A1	4	E	3.0	-3.0	0	0	0
1	126	E1	10	E	367	A0	1	E	121.0	-121.0	0	0	0
1	519	K0	12	H	520	K1	1	H	0.0	0.0	0	1	1
1	519	K0	11	H	520	K1	8	H	0.0	0.0	0	1	0
1	115	E0	4	H	0	O0	-1	S	0.5	0.5	1	0	1
1	115	E0	5	H	0	O0	-1	S	0.5	0.5	1	0	0
1	33	E0	2	H	337	F0	1	S	152.0	-152.0	0	0	0
1	99	S0	5	C	0	O0	-1	S	0.5	0.5	1	0	1
1	99	S0	4	C	0	O0	-1	S	0.5	0.5	1	0	0
1	208	L1	1	C	365	V0	2	S	79.0	-79.0	0	0	0
1	246	L1	11	H	536	S1	10	H	145.0	-145.0	0	0	1
1	246	L1	9	H	536	S1	3	H	145.0	-145.0	0	0	0
1	249	G0	5	H	425	A0	4	H	88.0	-88.0	0	0	0
1	220	L1	7	C	417	L0	6	H	99.0	-99.0	0	0	1
1	220	L1	3	C	417	L0	5	H	99.0	-99.0	0	0	0
1	300	N1	5	C	533	D0	12	H	117.0	-117.0	0	0	0
1	337	F0	8	C	341	N0	2	C	2.0	-2.0	0	0	1
1	337	F0	5	C	341	N0	10	C	2.0	-2.0	0	0	0
1	267	I0	10	C	115	E0	2	C	76.0	76.0	0	0	0
1	292	L1	10	E	297	R0	5	C	3.0	-3.0	0	0	1
1	292	L1	8	E	297	R0	6	C	3.0	-3.0	0	0	0
1	209	A0	5	E	152	I1	12	C	29.0	29.0	0	0	0
1	342	N1	5	C	388	G1	4	C	23.0	-23.0	0	0	1
1	342	N1	2	C	388	G1	9	C	23.0	-23.0	0	0	0
1	145	P0	6	C	104	R1	3	C	21.0	21.0	0	0	0
1	34	E1	4	E	0	O0	-1	S	0.5	0.5	1	0	1
1	34	E1	2	E	0	O0	-1	S	0.5	0.5	1	0	0
1	269	A0	5	E	257	L0	2	S	6.0	6.0	0	0	0
1	527	T0	12	C	528	T1	1	C	0.0	0.0	0	1	1
1	527	T0	7	C	528	T1	6	C	0.0	0.0	0	1	0
1	0	O0	-1	S	351	I0	1	C	0.5	0.5	1	0	1
1	0	O0	-1	S	351	I0	10	C	0.5	0.5	1	0	0
1	267	I0	1	S	484	N1	1	C	108.0	-108.0	0	0	0
1	31	E0	8	E	55	K0	7	E	12.0	-12.0	0	0	1
1	31	E0	10	E	55	K0	4	E	12.0	-12.0	0	0	0
1	64	K1	4	E	97	K0	1	E	17.0	-17.0	0	0	0
1	434	L1	8	C	0	O0	-1	S	0.5	0.5	1	0	1
1	434	L1	7	C	0	O0	-1	S	0.5	0.5	1	0	0
1	23	Y0	2	C	355	G0	8	S	166.0	-166.0	0	0	0
1	247	N0	11	H	248	N1	2	H	0.0	0.0	0	1	1
1	247	N0	7	H	248	N1	1	H	0.0	0.0	0	1	0
1	174	D1	1	E	173	D0	12	E	0.0	0.0	0	1	1
1	174	D1	2	E	173	D0	11	E	0.0	0.0	0	1	0
1	306	K1	8	C	0	O0	-1	S	0.5	0.5	1	0	1
1	306	K1	12	C	0	O0	-1	S	0.5	0.5	1	0	0
1	536	S1	3	C	309	R0	11	S	113.0	113.0	0	0	0
1	423	G0	12	C	424	G1	1	C	0.0	0.0	0	1	1
1	423	G0	7	C	424	G1	5	C	0.0	0.0	0	1	0
1	174	D1	8	E	178	I1	5	E	2.0	-2.0	0	0	1
1	174	D1	4	E	178	I1	10	E	2.0	-2.0	0	0	0
1	309	R0	11	E	180	L1	4	E	65.0	65.0	0	0	0
1	450	L1	2	H	449	L0	11	H	0.0	0.0	0	1	1
1	450	L1	6	H	449	L0	5	H	0.0	0.0	0	1	0
1	141	Q0	11	C	142	Q1	2	C	0.0	0.0	0	1	1
1	141	Q0	6	C	142	Q1	1	C	0.0	0.0	0	1	0
1	295	D0	5	C	0	O0	-1	S	0.5	0.5	1	0	1
1	295	D0	4	C	0	O0	-1	S	0.5	0.5	1	0	0
1	76	Y1	1	C	102	S1	3	S	13.0	-13.0	0	0	0
1	306	K1	5	C	0	O0	-1	S	0.5	0.5	1	0	1
1	306	K1	12	C	0	O0	-1	S	0.5	0.5	1	0	0
1	260	H1	11	C	475	E0	10	S	108.0	-108.0	0	0	0
1	342	N1	6	C	385	L0	2	E	22.0	-22.0	0	0	1
1	342	N1	2	C	385	L0	1	E	22.0	-22.0	0	0	0
1	509	L0	1	C	506	R1	9	E	2.0	2.0	0	0	0
1	405	G0	1	H	411	T0	7	H	3.0	-3.0	0	0	1
1	405	G0	10	H	411	T0	11	H	3.0	-3.0	0	0	0
1	412	T1	11	H	234	E1	9	H	89.0	89.0	0	0	0
1	18	D1	1	H	23	Y0	8	E	3.0	-3.0	0	0	1
1	18	D1	9	H	23	Y0	10	E	3.0	-3.0	0	0	0
1	355	G0	5	H	288	I1	6	E	34.0	34.0	0	0	0
1	211	E0	6	H	0	O0	-1	S	0.5	0.5	1	0	1
1	211	E0	7	H	0	O0	-1	S	0.5	0.5	1	0	0
1	221	T0	1	H	115	E0	5	S	53.0	53.0	0	0	0
1	195	G0	4	C	0	O0	-1	S	0.5	0.5	1	0	1
1	195	G0	6	C	0	O0	-1	S	0.5	0.5	1	0	0
1	333	I0	6	C	537	L0	12	S	102.0	-102.0	0	0	0
1	0	O0	-1	S	146	P1	11	C	0.5	0.5	1	0	1
1	0	O0	-1	S	146	P1	1	C	0.5	0.5	1	0	0
1	302	V1	2	S	294	L1	7	C	4.0	4.0	0	0	0
1	260	H1	6	H	390	L1	10	C	65.0	-65.0	0	0	1
1	260	H1	11	H	390	L1	7	C	65.0	-65.0	0	0	0
1	125	E0	4	H	137	E0	9	C	6.0	-6.0	0	0	0
1	249	G0	6	H	256	Y1	7	H	3.0	-3.0	0	0	1
1	249	G0	2	H	256	Y1	6	H	3.0	-3.0	0	0	0
1	527	T0	10	H	369	P0	8	H	79.0	79.0	0	0	0
1	384	P1	3	C	0	O0	-1	S	0.5	0.5	1	0	1
1	384	P1	1	C	0	O0	-1	S	0.5	0.5	1	0	0
1	546	W1	8	C	325	L0	4	S	110.0	110.0	0	0	0
1	443	Q0	4	H	0	O0	-1	S	0.5	0.5	1	0	1
1	443	Q0	5	H	0	O0	-1	S	0.5	0.5	1	0	0
1	453	N0	4	H	200	L1	12	S	127.0	127.0	0	0	0
1	158	H1	2	E	157	H0	11	E	0.0	0.0	0	1	1
1	158	H1	1	E	157	H0	10	E	0.0	0.0	0	1	0
1	240	K1	5	H	548	I1	6	C	154.0	-154.0	0	0	1
1	240	K1	9	H	548	I1	7	C	154.0	-154.0	0	0	0
1	457	S0	9	H	271	H0	12	C	93.0	93.0	0	0	0
1	0	O0	-1	S	489	A0	7	H	0.5	0.5	1	0	1
1	0	O0	-1	S	489	A0	10	H	0.5	0.5	1	0	0
1	431	F0	11	S	91	R0	12	H	170.0	170.0	0	0	0
1	116	E1	10	H	348	K1	11	C	116.0	-116.0	0	0	1
1	116	E1	8	H	348	K1	1	C	116.0	-116.0	0	0	0
1	35	L0	12	H	150	V1	12	C	57.0	-57.0	0	0	0
1	50	V1	11	E	0	O0	-1	S	0.5	0.5	1	0	1
1	50	V1	3	E	0	O0	-1	S	0.5	0.5	1	0	0
1	214	K1	11	E	71	L0	1	S	71.0	71.0	0	0	0
1	10	Q1	9	C	0	O0	-1	S	0.5	0.5	1	0	1
1	10	Q1	2	C	0	O0	-1	S	0.5	0.5	1	0	0
1	334	I1	1	C	203	D0	8	S	65.0	65.0	0	0	0
1	115	E0	1	H	122	E1	7	H	3.0	-3.0	0	0	1
1	115	E0	5	H	122	E1	9	H	3.0	-3.0	0	0	0
1	329	H0	10	H	34	E1	2	H	148.0	148.0	0	0	0
1	177	I0	12	E	178	I1	1	E	0.0	0.0	0	1	1
1	177	I0	4	E	178	I1	10	E	0.0	0.0	0	1	0
1	300	N1	11	C	0	O0	-1	S	0.5	0.5	1	0	1
1	300	N1	2	C	0	O0	-1	S	0.5	0.5	1	0	0
1	509	L0	5	C	374	I1	2	S	68.0	68.0	0	0	0
1	0	O0	-1	S	426	A1	5	C	0.5	0.5	1	0	1
1	0	O0	-1	S	426	A1	12	C	0.5	0.5	1	0	0
1	251	V0	11	S	16	V1	4	C	118.0	118.0	0	0	0
1	0	O0	-1	S	541	H0	5	C	0.5	0.5	1	0	1
1	0	O0	-1	S	541	H0	10	C	0.5	0.5	1	0	0
1	478	Y1	9	S	451	A0	4	C	13.0	13.0	0	0	0
1	280	K1	2	C	286	N1	7	H	3.0	-3.0	0	0	1
1	280	K1	4	C	286	N1	4	H	3.0	-3.0	0	0	0
1	88	K1	5	C	83	F0	5	H	2.0	2.0	0	0	0
1	112	S1	10	C	116	E1	2	H	2.0	-2.0	0	0	1
1	112	S1	3	C	116	E1	7	H	2.0	-2.0	0	0	0
1	7	R0	8	C	400	W1	8	H	196.0	-196.0	0	0	0
1	483	N0	6	C	0	O0	-1	S	0.5	0.5	1	0	1
1	483	N0	12	C	0	O0	-1	S	0.5	0.5	1	0	0
1	20	D1	1	C	335	D0	2	S	158.0	-158.0	0	0	0
1	142	Q1	12	C	0	O0	-1	S	0.5	0.5	1	0	1
1	142	Q1	7	C	0	O0	-1	S	0.5	0.5	1	0	0
1	532	Q1	9	C	454	N1	1	S	39.0	39.0	0	0	0
1	252	V1	11	H	278	L1	11	C	13.0	-13.0	0	0	1
1	252	V1	7	H	278	L1	1	C	13.0	-13.0	0	0	0
1	244	I1	6	H	473	D0	8	C	115.0	-115.0	0	0	0
1	141	Q0	7	C	0	O0	-1	S	0.5	0.5	1	0	1
1	141	Q0	5	C	0	O0	-1	S	0.5	0.5	1	0	0
1	195	G0	10	C	236	F1	4	S	20.0	-20.0	0	0	0
1	29	G0	1	E	0	O0	-1	S	0.5	0.5	1	0	1
1	29	G0	2	E	0	O0	-1	S	0.5	0.5	1	0	0
1	340	G1	10	E	351	I0	7	S	6.0	-6.0	0	0	0
1	0	O0	-1	S	89	K0	2	E	0.5	0.5	1	0	1
1	0	O0	-1	S	89	K0	11	E	0.5	0.5	1	0	0
1	406	G1	9	S	48	A1	12	E	179.0	179.0	0	0	0
1	93	R0	7	C	102	S1	12	C	4.0	-4.0	0	0	1
1	93	R0	5	C	102	S1	2	C	4.0	-4.0	0	0	0
1	171	T0	8	C	552	P1	1	C	190.0	-190.0	0	0	0
1	472	E1	8	C	478	Y1	7	H	3.0	-3.0	0	0	1
1	472	E1	7	C	478	Y1	9	H	3.0	-3.0	0	0	0
1	390	L1	9	C	55	K0	10	H	167.0	167.0	0	0	0
1	504	R1	11	H	0	O0	-1	S	0.5	0.5	1	0	1
1	504	R1	4	H	0	O0	-1	S	0.5	0.5	1	0	0
1	518	P1	5	H	8	R1	7	S	255.0	255.0	0	0	0
1	142	Q1	9	C	0	O0	-1	S	0.5	0.5	1	0	1
1	142	Q1	1	C	0	O0	-1	S	0.5	0.5	1	0	0
1	65	S0	2	C	171	T0	11	S	53.0	-53.0	0	0	0
1	260	H1	1	H	267	I0	2	E	4.0	-4.0	0	0	1
1	260	H1	11	H	267	I0	11	E	4.0	-4.0	0	0	0
1	412	T1	2	H	446	E1	2	E	17.0	-17.0	0	0	0
1	503	R0	9	H	505	R0	3	H	1.0	-1.0	0	1	1
1	503	R0	2	H	505	R0	2	H	1.0	-1.0	0	1	0
1	380	Y1	11	C	0	O0	-1	S	0.5	0.5	1	0	1
1	380	Y1	6	C	0	O0	-1	S	0.5	0.5	1	0	0
1	539	Q0	6	C	224	E1	1	S	158.0	158.0	0	0	0
1	497	D0	9	H	505	R0	4	H	4.0	-4.0	0	0	1
1	497	D0	4	H	505	R0	2	H	4.0	-4.0	0	0	0
1	91	R0	6	H	500	F1	1	H	204.0	-204.0	0	0	0
1	215	E0	5	C	0	O0	-1	S	0.5	0.5	1	0	1
1	215	E0	2	C	0	O0	-1	S	0.5	0.5	1	0	0
1	504	R1	4	C	552	P1	1	S	24.0	-24.0	0	0	0
1	142	Q1	8	C	0	O0	-1	S	0.5	0.5	1	0	1
1	142	Q1	3	C	0	O0	-1	S	0.5	0.5	1	0	0
1	229	A0	8	C	334	I1	9	S	52.0	-52.0	0	0	0
1	204	D1	12	H	0	O0	-1	S	0.5	0.5	1	0	1
1	204	D1	3	H	0	O0	-1	S	0.5	0.5	1	0	0
1	510	L1	9	H	140	I1	2	S	185.0	185.0	0	0	0
1	103	R0	4	C	0	O0	-1	S	0.5	0.5	1	0	1
1	103	R0	10	C	0	O0	-1	S	0.5	0.5	1	0	0
1	155	L0	8	C	156	L1	3	S	0.0	0.0	0	0	0
1	19	D0	9	H	21	Y0	3	C	1.0	-1.0	0	1	1
1	19	D0	12	H	21	Y0	11	C	1.0	-1.0	0	1	0
1	425	A0	9	C	427	S0	3	C	1.0	-1.0	0	1	1
1	425	A0	4	C	427	S0	6	C	1.0	-1.0	0	1	0
1	0	O0	-1	S	105	R0	10	C	0.5	0.5	1	0	1
1	0	O0	-1	S	105	R0	2	C	0.5	0.5	1	0	0
1	121	E0	4	S	540	Q1	1	C	209.0	-209.0	0	0	0
1	0	O0	-1	S	360	P1	3	C	0.5	0.5	1	0	1
1	0	O0	-1	S	360	P1	1	C	0.5	0.5	1	0	0
1	472	E1	7	S	220	L1	1	C	126.0	126.0	0	0	0
1	0	O0	-1	S	471	E0	6	C	0.5	0.5	1	0	1
1	0	O0	-1	S	471	E0	4	C	0.5	0.5	1	0	0
1	343	E0	10	S	549	K0	5	C	103.0	-103.0	0	0	0
1	511	V0	11	C	0	O0	-1	S	0.5	0.5	1	0	1
1	511	V0	1	C	0	O0	-1	S	0.5	0.5	1	0	0
1	528	T1	6	C	154	T1	9	S	187.0	187.0	0	0	0
1	50	V1	4	E	0	O0	-1	S	0.5	0.5	1	0	1
1	50	V1	2	E	0	O0	-1	S	0.5	0.5	1	0	0
1	259	H0	5	E	152	I1	11	S	54.0	54.0	0	0	0
1	290	M1	10	E	189	V0	8	C	50.0	50.0	0	0	1
1	290	M1	3	E	189	V0	7	C	50.0	50.0	0	0	0
1	135	K0	8	E	8	R1	7	C	64.0	64.0	0	0	0
1	223	E0	7	H	0	O0	-1	S	0.5	0.5	1	0	1
1	223	E0	12	H	0	O0	-1	S	0.5	0.5	1	0	0
1	429	P0	1	H	366	V1	12	S	32.0	32.0	0	0	0
1	425	A0	5	C	0	O0	-1	S	0.5	0.5	1	0	1
1	425	A0	10	C	0	O0	-1	S	0.5	0.5	1	0	0
1	366	V1	3	C	264	L1	12	S	51.0	51.0	0	0	0
1	406	G1	11	H	507	L0	12	H	51.0	-51.0	0	0	1
1	406	G1	8	H	507	L0	2	H	51.0	-51.0	0	0	0
1	317	I0	6	H	529	I0	4	H	106.0	-106.0	0	0	0
1	36	L1	7	E	53	K0	1	E	9.0	-9.0	0	0	1
1	36	L1	1	E	53	K0	4	E	9.0	-9.0	0	0	0
1	219	L0	6	E	111	S0	1	E	54.0	54.0	0	0	0
1	501	I0	7	H	495	K0	1	H	3.0	3.0	0	0	1
1	501	I0	2	H	495	K0	2	H	3.0	3.0	0	0	0
1	508	L1	12	H	373	I0	4	H	67.0	67.0	0	0	0
1	296	D1	11	C	0	O0	-1	S	0.5	0.5	1	0	1
1	296	D1	10	C	0	O0	-1	S	0.5	0.5	1	0	0
1	210	A1	2	C	298	R1	12	S	44.0	-44.0	0	0	0
1	129	S0	9	H	138	E1	3	H	4.0	-4.0	0	0	1
1	129	S0	11	H	138	E1	2	H	4.0	-4.0	0	0	0
1	403	I0	2	H	312	I1	2	H	46.0	46.0	0	0	0
1	451	A0	10	H	0	O0	-1	S	0.5	0.5	1	0	1
1	451	A0	4	H	0	O0	-1	S	0.5	0.5	1	0	0
1	109	V0	10	H	16	V1	10	S	47.0	47.0	0	0	0
1	444	Q1	6	H	0	O0	-1	S	0.5	0.5	1	0	1
1	444	Q1	9	H	0	O0	-1	S	0.5	0.5	1	0	0
1	173	D0	4	H	324	G1	8	S	75.0	-75.0	0	0	0
1	71	L0	9	C	73	Q0	3	E	1.0	-1.0	0	1	1
1	71	L0	10	C	73	Q0	5	E	1.0	-1.0	0	1	0
1	85	I0	9	E	87	K0	3	E	1.0	-1.0	0	1	1
1	85	I0	11	E	87	K0	1	E	1.0	-1.0	0	1	0
1	62	E1	12	E	0	O0	-1	S	0.5	0.5	1	0	1
1	62	E1	2	E	0	O0	-1	S	0.5	0.5	1	0	0
1	43	Q0	10	E	92	R1	4	S	24.0	-24.0	0	0	0
1	136	K1	6	H	0	O0	-1	S	0.5	0.5	1	0	1
1	136	K1	4	H	0	O0	-1	S	0.5	0.5	1	0	0
1	424	G1	4	H	151	I0	11	S	136.0	136.0	0	0	0
1	266	Q1	9	C	334	I1	8	C	34.0	-34.0	0	0	1
1	266	Q1	8	C	334	I1	9	C	34.0	-34.0	0	0	0
1	355	G0	5	C	354	F1	3	C	1.0	1.0	0	0	0
1	514	K1	2	C	513	K0	11	C	0.0	0.0	0	1	1
1	514	K1	9	C	513	K0	6	C	0.0	0.0	0	1	0
1	0	O0	-1	S	33	E0	7	E	0.5	0.5	1	0	1
1	0	O0	-1	S	33	E0	1	E	0.5	0.5	1	0	0
1	485	T0	11	S	335	D0	11	E	75.0	75.0	0	0	0
1	525	M0	5	C	0	O0	-1	S	0.5	0.5	1	0	1
1	525	M0	1	C	0	O0	-1	S	0.5	0.5	1	0	0
1	305	K0	6	C	205	F0	12	S	50.0	50.0	0	0	0
1	0	O0	-1	S	543	P0	10	C	0.5	0.5	1	0	1
1	0	O0	-1	S	543	P0	2	C	0.5	0.5	1	0	0
1	102	S1	11	S	458	S1	3	C	178.0	-178.0	0	0	0
1	0	O0	-1	S	339	G0	5	C	0.5	0.5	1	0	1
1	0	O0	-1	S	339	G0	6	C	0.5	0.5	1	0	0
1	229	A0	8	S	4	V1	3	C	113.0	113.0	0	0	0
1	270	A1	5	E	390	L1	1	C	60.0	-60.0	0	0	1
1	270	A1	6	E	390	L1	9	C	60.0	-60.0	0	0	0
1	200	L1	6	E	286	N1	9	C	43.0	-43.0	0	0	0
1	0	O0	-1	S	470	F1	8	C	0.5	0.5	1	0	1
1	0	O0	-1	S	470	F1	12	C	0.5	0.5	1	0	0
1	183	L0	10	S	500	F1	3	C	158.0	-158.0	0	0	0
1	327	A0	12	C	328	A1	1	C	0.0	0.0	0	1	1
1	327	A0	4	C	328	A1	11	C	0.0	0.0	0	1	0
1	0	O0	-1	S	108	G1	4	C	0.5	0.5	1	0	1
1	0	O0	-1	S	108	G1	8	C	0.5	0.5	1	0	0
1	518	P1	4	S	49	V0	11	C	234.0	234.0	0	0	0
1	209	A0	11	H	0	O0	-1	S	0.5	0.5	1	0	1
1	209	A0	5	H	0	O0	-1	S	0.5	0.5	1	0	0
1	188	L1	5	H	241	Q0	6	S	27.0	-27.0	0	0	0
1	99	S0	11	C	0	O0	-1	S	0.5	0.5	1	0	1
1	99	S0	4	C	0	O0	-1	S	0.5	0.5	1	0	0
1	250	G1	7	C	294	L1	8	S	22.0	-22.0	0	0	0
1	272	H1	7	C	278	L1	3	C	3.0	-3.0	0	0	1
1	272	H1	12	C	278	L1	7	C	3.0	-3.0	0	0	0
1	224	E1	3	C	114	R1	11	C	55.0	55.0	0	0	0
1	432	F1	4	C	510	L1	10	C	39.0	-39.0	0	0	1
1	432	F1	1	C	510	L1	9	C	39.0	-39.0	0	0	0
1	376	V1	12	C	158	H1	1	C	109.0	109.0	0	0	0
1	385	L0	9	E	387	G0	3	C	1.0	-1.0	0	1	1
1	385	L0	4	E	387	G0	10	C	1.0	-1.0	0	1	0
1	88	K1	12	E	0	O0	-1	S	0.5	0.5	1	0	1
1	88	K1	5	E	0	O0	-1	S	0.5	0.5	1	0	0
1	55	K0	4	E	501	I0	5	S	223.0	-223.0	0	0	0
1	2	T1	9	C	3	V0	2	C	1.0	-1.0	0	0	1
1	2	T1	2	C	3	V0	10	C	1.0	-1.0	0	0	0
1	59	R0	5	C	431	F0	11	C	186.0	-186.0	0	0	0
1	407	V0	12	H	408	V1	1	H	0.0	0.0	0	1	1
1	407	V0	6	H	408	V1	2	H	0.0	0.0	0	1	0
1	147	N0	7	C	144	H1	8	C	2.0	2.0	0	0	1
1	147	N0	4	C	144	H1	12	C	2.0	2.0	0	0	0
1	524	R1	2	C	342	N1	2	C	91.0	91.0	0	0	0
1	89	K0	12	E	90	K1	1	E	0.0	0.0	0	1	1
1	89	K0	6	E	90	K1	8	E	0.0	0.0	0	1	0
1	342	N1	4	C	0	O0	-1	S	0.5	0.5	1	0	1
1	342	N1	2	C	0	O0	-1	S	0.5	0.5	1	0	0
1	455	V0	2	C	212	E1	2	S	122.0	122.0	0	0	0
1	83	F0	9	E	85	I0	3	E	1.0	-1.0	0	1	1
1	83	F0	12	E	85	I0	11	E	1.0	-1.0	0	1	0
1	231	T0	12	H	232	T1	1	H	0.0	0.0	0	1	1
1	231	T0	1	H	232	T1	8	H	0.0	0.0	0	1	0
1	7	R0	5	E	0	O0	-1	S	0.5	0.5	1	0	1
1	7	R0	8	E	0	O0	-1	S	0.5	0.5	1	0	0
1	174	D1	4	E	105	R0	4	S	34.0	34.0	0	0	0
1	289	M0	9	E	291	L0	3	E	1.0	-1.0	0	1	1
1	289	M0	12	E	291	L0	11	E	1.0	-1.0	0	1	0
1	98	K1	4	C	0	O0	-1	S	0.5	0.5	1	0	1
1	539	Q0	6	C	393	A0	11	S	73.0	73.0	0	0	0
1	246	L1	4	H	238	L1	9	H	4.0	4.0	0	0	1
1	246	L1	8	H	238	L1	4	H	4.0	4.0	0	0	0
1	397	M0	5	H	210	A1	9	H	94.0	94.0	0	0	0
1	405	G0	6	H	502	I1	6	H	48.0	-48.0	0	0	1
1	405	G0	5	H	502	I1	10	H	48.0	-48.0	0	0	0
1	79	A0	11	H	389	L0	7	H	155.0	-155.0	0	0	0
1	144	H1	9	C	148	N1	7	C	2.0	-2.0	0	0	1
1	144	H1	12	C	148	N1	9	C	2.0	-2.0	0	0	0
1	47	A0	11	C	161	V0	11	C	57.0	-57.0	0	0	0
1	494	A1	1	H	493	A0	12	H	0.0	0.0	0	1	1
1	494	A1	10	H	493	A0	10	H	0.0	0.0	0	1	0
1	516	D1	7	C	0	O0	-1	S	0.5	0.5	1	0	1
1	516	D1	12	C	0	O0	-1	S	0.5	0.5	1	0	0
1	107	G0	5	C	170	K1	3	S	31.0	-31.0	0	0	0
1	147	N0	11	C	148	N1	2	C	0.0	0.0	0	1	1
1	147	N0	5	C	148	N1	9	C	0.0	0.0	0	1	0
1	159	E0	5	E	0	O0	-1	S	0.5	0.5	1	0	1
1	159	E0	2	E	0	O0	-1	S	0.5	0.5	1	0	0
1	181	I0	5	E	445	E0	2	S	132.0	-132.0	0	0	0
1	216	E1	7	C	0	O0	-1	S	0.5	0.5	1	0	1
1	216	E1	2	C	0	O0	-1	S	0.5	0.5	1	0	0
1	85	I0	10	C	309	R0	4	S	112.0	-112.0	0	0	0
1	521	K0	6	H	0	O0	-1	S	0.5	0.5	1	0	1
1	521	K0	4	H	0	O0	-1	S	0.5	0.5	1	0	0
1	300	N1	2	H	543	P0	8	S	122.0	-122.0	0	0	0
1	346	F1	7	C	0	O0	-1	S	0.5	0.5	1	0	1
1	346	F1	1	C	0	O0	-1	S	0.5	0.5	1	0	0
1	407	V0	6	C	1	T0	10	S	203.0	203.0	0	0	0
1	0	O0	-1	S	324	G1	12	C	0.5	0.5	1	0	1
1	0	O0	-1	S	324	G1	11	C	0.5	0.5	1	0	0
1	348	K1	1	S	372	E1	9	C	12.0	-12.0	0	0	0
1	0	O0	-1	S	465	Y0	2	C	0.5	0.5	1	0	1
1	0	O0	-1	S	465	Y0	5	C	0.5	0.5	1	0	0
1	3	V0	4	S	152	I1	2	C	74.0	-74.0	0	0	0
1	169	K0	4	C	0	O0	-1	S	0.5	0.5	1	0	1
1	169	K0	5	C	0	O0	-1	S	0.5	0.5	1	0	0
1	537	L0	10	C	314	K1	7	S	112.0	112.0	0	0	0
1	202	F1	6	H	0	O0	-1	S	0.5	0.5	1	0	1
1	202	F1	9	H	0	O0	-1	S	0.5	0.5	1	0	0
1	87	K0	12	H	362	E1	11	S	137.0	-137.0	0	0	0
1	217	S0	9	C	219	L0	3	C	1.0	-1.0	0	1	1
1	217	S0	6	C	219	L0	7	C	1.0	-1.0	0	1	0
1	14	N1	7	C	20	D1	3	H	3.0	-3.0	0	0	1
1	14	N1	5	C	20	D1	1	H	3.0	-3.0	0	0	0
1	361	E0	10	C	211	E0	2	H	75.0	75.0	0	0	0
1	0	O0	-1	S	210	A1	10	H	0.5	0.5	1	0	1
1	0	O0	-1	S	210	A1	12	H	0.5	0.5	1	0	0
1	462	V1	2	S	416	I1	9	H	23.0	23.0	0	0	0
1	9	Q0	12	C	10	Q1	1	C	0.0	0.0	0	1	1
1	9	Q0	11	C	10	Q1	2	C	0.0	0.0	0	1	0
1	170	K1	4	C	0	O0	-1	S	0.5	0.5	1	0	1
1	170	K1	6	C	0	O0	-1	S	0.5	0.5	1	0	0
1	346	F1	1	C	417	L0	5	S	36.0	-36.0	0	0	0
1	384	P1	8	C	0	O0	-1	S	0.5	0.5	1	0	1
1	384	P1	1	C	0	O0	-1	S	0.5	0.5	1	0	0
1	173	D0	11	C	385	L0	5	S	106.0	-106.0	0	0	0
1	243	I0	1	H	249	G0	7	H	3.0	-3.0	0	0	1
1	243	I0	10	H	249	G0	2	H	3.0	-3.0	0	0	0
1	140	I1	2	H	103	R0	6	H	18.0	18.0	0	0	0
1	0	O0	-1	S	31	E0	4	E	0.5	0.5	1	0	1
1	0	O0	-1	S	31	E0	1	E	0.5	0.5	1	0	0
1	313	K0	4	S	263	L0	1	E	25.0	25.0	0	0	0
1	117	D0	9	H	119	I0	3	H	1.0	-1.0	0	1	1
1	117	D0	5	H	119	I0	6	H	1.0	-1.0	0	1	0
1	496	K1	10	H	0	O0	-1	S	0.5	0.5	1	0	1
1	496	K1	3	H	0	O0	-1	S	0.5	0.5	1	0	0
1	23	Y0	10	H	68	T1	9	S	22.0	-22.0	0	0	0
1	11	E0	6	C	0	O0	-1	S	0.5	0.5	1	0	1
1	11	E0	10	C	0	O0	-1	S	0.5	0.5	1	0	0
1	455	V0	2	C	411	T0	4	S	22.0	22.0	0	0	0
1	245	L0	6	H	530	I1	6	H	142.0	-142.0	0	0	1
1	245	L0	12	H	530	I1	5	H	142.0	-142.0	0	0	0
1	521	K0	2	H	323	G0	8	H	99.0	99.0	0	0	0
1	0	O0	-1	S	434	L1	8	C	0.5	0.5	1	0	1
1	0	O0	-1	S	434	L1	3	C	0.5	0.5	1	0	0
1	495	K0	8	S	446	E1	3	C	25.0	25.0	0	0	0
1	508	L1	3	H	526	M1	7	C	9.0	-9.0	0	0	1
1	508	L1	1	H	526	M1	8	C	9.0	-9.0	0	0	0
1	75	Y0	10	H	165	E0	10	C	45.0	-45.0	0	0	0
1	292	L1	11	E	308	P1	10	C	8.0	-8.0	0	0	1
1	292	L1	8	E	308	P1	11	C	8.0	-8.0	0	0	0
1	169	K0	7	E	324	G1	3	C	77.0	-77.0	0	0	0
1	366	V1	5	C	356	G1	8	C	5.0	5.0	0	0	1
1	366	V1	6	C	356	G1	10	C	5.0	5.0	0	0	0
1	454	N1	9	C	218	S1	9	C	118.0	118.0	0	0	0
1	425	A0	11	C	0	O0	-1	S	0.5	0.5	1	0	1
1	425	A0	10	C	0	O0	-1	S	0.5	0.5	1	0	0
1	366	V1	6	C	393	A0	11	S	14.0	-14.0	0	0	0
1	43	Q0	6	C	0	O0	-1	S	0.5	0.5	1	0	1
1	43	Q0	2	C	0	O0	-1	S	0.5	0.5	1	0	0
1	3	V0	7	C	334	I1	1	S	165.0	-165.0	0	0	0
1	327	A0	9	C	329	H0	3	E	1.0	-1.0	0	1	1
1	327	A0	10	C	329	H0	6	E	1.0	-1.0	0	1	0
1	342	N1	11	C	0	O0	-1	S	0.5	0.5	1	0	1
1	342	N1	2	C	0	O0	-1	S	0.5	0.5	1	0	0
1	99	S0	1	C	370	P1	11	S	135.0	-135.0	0	0	0
1	435	G0	4	C	454	N1	12	H	9.0	-9.0	0	0	1
1	435	G0	10	C	454	N1	1	H	9.0	-9.0	0	0	0
1	142	Q1	1	C	380	Y1	9	H	119.0	-119.0	0	0	0
1	8	R1	4	E	0	O0	-1	S	0.5	0.5	1	0	1
1	8	R1	7	E	0	O0	-1	S	0.5	0.5	1	0	0
1	211	E0	11	E	220	L1	3	S	4.0	-4.0	0	0	0
1	186	E1	11	E	0	O0	-1	S	0.5	0.5	1	0	1
1	186	E1	10	E	0	O0	-1	S	0.5	0.5	1	0	0
1	146	P1	1	E	383	P0	12	S	119.0	-119.0	0	0	0
1	347	K0	8	C	351	I0	4	C	2.0	-2.0	0	0	1
1	347	K0	10	C	351	I0	10	C	2.0	-2.0	0	0	0
1	502	I1	10	C	394	A1	10	C	54.0	54.0	0	0	0
1	460	A1	12	C	0	O0	-1	S	0.5	0.5	1	0	1
1	460	A1	2	C	0	O0	-1	S	0.5	0.5	1	0	0
1	338	F1	8	C	500	F1	10	S	81.0	-81.0	0	0	0
1	222	T1	4	C	0	O0	-1	S	0.5	0.5	1	0	1
1	222	T1	2	C	0	O0	-1	S	0.5	0.5	1	0	0
1	446	E1	3	C	100	S1	10	S	173.0	173.0	0	0	0
1	538	L1	1	H	548	I1	10	C	5.0	-5.0	0	0	1
1	538	L1	9	H	548	I1	12	C	5.0	-5.0	0	0	0
1	347	K0	7	H	17	D0	2	C	165.0	165.0	0	0	0
1	7	R0	2	E	165	E0	7	E	79.0	-79.0	0	0	1
1	7	R0	8	E	165	E0	2	E	79.0	-79.0	0	0	0
1	4	V1	2	E	271	H0	2	E	134.0	-134.0	0	0	0
1	225	E0	5	H	0	O0	-1	S	0.5	0.5	1	0	1
1	225	E0	8	H	0	O0	-1	S	0.5	0.5	1	0	0
1	229	A0	11	H	492	L1	6	S	131.0	-131.0	0	0	0
1	0	O0	-1	S	216	E1	7	C	0.5	0.5	1	0	1
1	0	O0	-1	S	216	E1	11	C	0.5	0.5	1	0	0
1	510	L1	12	S	444	Q1	9	C	33.0	33.0	0	0	0
1	181	I0	1	E	184	L1	2	E	1.0	-1.0	0	0	1
1	181	I0	5	E	184	L1	11	E	1.0	-1.0	0	0	0
1	480	F1	11	E	351	I0	5	E	64.0	64.0	0	0	0
1	233	E0	6	H	0	O0	-1	S	0.5	0.5	1	0	1
1	233	E0	12	H	0	O0	-1	S	0.5	0.5	1	0	0
1	220	L1	9	H	429	P0	4	S	105.0	-105.0	0	0	0
1	12	E1	8	C	22	Y1	4	C	5.0	-5.0	0	0	1
1	12	E1	2	C	22	Y1	1	C	5.0	-5.0	0	0	0
1	65	S0	7	C	384	P1	6	C	159.0	-159.0	0	0	0
1	465	Y0	11	C	429	P0	10	C	18.0	18.0	0	0	1
1	465	Y0	7	C	429	P0	4	C	18.0	18.0	0	0	0
1	509	L0	8	C	529	I0	8	C	10.0	-10.0	0	0	0
1	420	L1	7	H	502	I1	4	H	41.0	-41.0	0	0	1
1	420	L1	12	H	502	I1	10	H	41.0	-41.0	0	0	0
1	62	E1	2	H	27	T0	11	H	17.0	17.0	0	0	0
1	235	F0	11	H	236	F1	2	H	0.0	0.0	0	1	1
1	235	F0	7	H	236	F1	4	H	0.0	0.0	0	1	0
1	32	E1	12	E	0	O0	-1	S	0.5	0.5	1	0	1
1	32	E1	2	E	0	O0	-1	S	0.5	0.5	1	0	0
1	551	P0	12	E	374	I1	2	S	89.0	89.0	0	0	0
1	210	A1	6	H	0	O0	-1	S	0.5	0.5	1	0	1
1	210	A1	2	H	0	O0	-1	S	0.5	0.5	1	0	0
1	407	V0	7	H	460	A1	2	S	26.0	-26.0	0	0	0
1	0	O0	-1	S	221	T0	4	C	0.5	0.5	1	0	1
1	0	O0	-1	S	221	T0	7	C	0.5	0.5	1	0	0
1	140	I1	9	S	96	T1	9	C	22.0	22.0	0	0	0
1	144	H1	6	C	0	O0	-1	S	0.5	0.5	1	0	1
1	144	H1	3	C	0	O0	-1	S	0.5	0.5	1	0	0
1	157	H0	12	C	324	G1	7	S	83.0	-83.0	0	0	0
1	226	E1	12	H	0	O0	-1	S	0.5	0.5	1	0	1
1	226	E1	7	H	0	O0	-1	S	0.5	0.5	1	0	0
1	336	D1	8	H	290	M1	7	S	23.0	23.0	0	0	0
1	0	O0	-1	S	198	E1	3	E	0.5	0.5	1	0	1
1	0	O0	-1	S	198	E1	7	E	0.5	0.5	1	0	0
1	364	F1	1	S	52	V1	3	E	156.0	156.0	0	0	0
1	37	G0	11	E	0	O0	-1	S	0.5	0.5	1	0	1
1	37	G0	8	E	0	O0	-1	S	0.5	0.5	1	0	0
1	129	S0	11	E	422	S1	10	S	146.0	-146.0	0	0	0
1	425	A0	12	C	426	A1	1	C	0.0	0.0	0	1	1
1	425	A0	1	C	426	A1	12	C	0.0	0.0	0	1	0
1	510	L1	11	C	430	P1	12	C	40.0	40.0	0	0	1
1	510	L1	1	C	430	P1	3	C	40.0	40.0	0	0	0
1	532	Q1	3	C	507	L0	4	C	12.0	12.0	0	0	0
1	501	I0	6	H	508	L1	7	H	3.0	-3.0	0	0	1
1	501	I0	2	H	508	L1	12	H	3.0	-3.0	0	0	0
1	198	E1	7	H	181	I0	5	H	8.0	8.0	0	0	0
1	0	O0	-1	S	167	N0	11	C	0.5	0.5	1	0	1
1	0	O0	-1	S	167	N0	6	C	0.5	0.5	1	0	0
1	417	L0	1	S	374	I1	11	C	22.0	22.0	0	0	0
1	415	I0	8	H	417	L0	3	H	1.0	-1.0	0	1	1
1	415	I0	10	H	417	L0	1	H	1.0	-1.0	0	1	0
1	170	K1	10	C	0	O0	-1	S	0.5	0.5	1	0	1
1	170	K1	8	C	0	O0	-1	S	0.5	0.5	1	0	0
1	535	S0	10	C	443	Q0	2	S	46.0	46.0	0	0	0
1	233	E0	9	H	235	F0	3	H	1.0	-1.0	0	1	1
1	233	E0	12	H	235	F0	12	H	1.0	-1.0	0	1	0
1	18	D1	12	H	0	O0	-1	S	0.5	0.5	1	0	1
1	18	D1	8	H	0	O0	-1	S	0.5	0.5	1	0	0
1	222	T1	10	H	372	E1	5	S	75.0	-75.0	0	0	0
1	278	L1	5	C	316	I1	11	E	19.0	-19.0	0	0	1
1	278	L1	1	C	316	I1	12	E	19.0	-19.0	0	0	0
1	101	S0	6	C	422	S1	3	E	160.0	-160.0	0	0	0
1	222	T1	5	C	0	O0	-1	S	0.5	0.5	1	0	1
1	222	T1	2	C	0	O0	-1	S	0.5	0.5	1	0	0
1	275	D0	2	C	493	A0	10	S	109.0	-109.0	0	0	0
1	18	D1	10	H	0	O0	-1	S	0.5	0.5	1	0	1
1	18	D1	8	H	0	O0	-1	S	0.5	0.5	1	0	0
1	353	F0	6	H	242	Q1	4	S	56.0	56.0	0	0	0
1	224	E1	11	H	487	S0	7	C	132.0	-132.0	0	0	1
1	224	E1	1	H	487	S0	11	C	132.0	-132.0	0	0	0
1	58	C1	2	H	428	S1	2	C	185.0	-185.0	0	0	0
1	49	V0	9	E	51	V0	3	E	1.0	-1.0	0	1	1
1	49	V0	6	E	51	V0	4	E	1.0	-1.0	0	1	0
1	0	O0	-1	S	84	F1	12	E	0.5	0.5	1	0	1
1	0	O0	-1	S	84	F1	1	E	0.5	0.5	1	0	0
1	537	L0	4	S	453	N0	4	E	42.0	42.0	0	0	0
1	215	E0	4	C	0	O0	-1	S	0.5	0.5	1	0	1
1	215	E0	10	C	0	O0	-1	S	0.5	0.5	1	0	0
1	236	F1	1	C	369	P0	12	S	67.0	-67.0	0	0	0
1	358	T1	5	C	0	O0	-1	S	0.5	0.5	1	0	1
1	358	T1	4	C	0	O0	-1	S	0.5	0.5	1	0	0
1	218	S1	9	C	381	E0	6	S	82.0	-82.0	0	0	0
1	0	O0	-1	S	3	V0	8	C	0.5	0.5	1	0	1
1	0	O0	-1	S	3	V0	7	C	0.5	0.5	1	0	0
1	251	V0	2	S	293	L0	4	C	21.0	-21.0	0	0	0
1	179	L0	10	E	184	L1	3	E	2.0	-2.0	0	0	1
1	179	L0	11	E	184	L1	11	E	2.0	-2.0	0	0	0
1	63	K0	11	E	363	F0	12	E	150.0	-150.0	0	0	0
1	132	I1	11	H	329	H0	1	E	99.0	-99.0	0	0	1
1	132	I1	9	H	329	H0	4	E	99.0	-99.0	0	0	0
1	11	E0	2	H	194	G1	9	E	91.0	-91.0	0	0	0
1	384	P1	2	C	381	E0	10	C	1.0	1.0	0	0	1
1	384	P1	1	C	381	E0	6	C	1.0	1.0	0	0	0
1	21	Y0	12	C	383	P0	7	C	181.0	-181.0	0	0	0
1	313	K0	7	E	289	M0	7	E	12.0	12.0	0	0	1
1	313	K0	12	E	289	M0	8	E	12.0	12.0	0	0	0
1	396	D1	12	E	302	V1	7	E	47.0	47.0	0	0	0
1	54	K1	6	E	0	O0	-1	S	0.5	0.5	1	0	1
1	480	F1	1	E	307	P0	8	S	86.0	86.0	0	0	0
1	145	P0	4	C	146	P1	9	C	0.0	0.0	0	1	1
1	145	P0	6	C	146	P1	1	C	0.0	0.0	0	1	0
1	330	H1	11	E	348	K1	7	C	9.0	-9.0	0	0	1
1	330	H1	3	E	348	K1	10	C	9.0	-9.0	0	0	0
1	48	A1	12	E	87	K0	4	C	20.0	-20.0	0	0	0
1	350	N1	7	C	0	O0	-1	S	0.5	0.5	1	0	1
1	350	N1	4	C	0	O0	-1	S	0.5	0.5	1	0	0
1	200	L1	12	C	395	D0	12	S	98.0	-98.0	0	0	0
1	0	O0	-1	S	343	E0	6	E	0.5	0.5	1	0	1
1	0	O0	-1	S	343	E0	4	E	0.5	0.5	1	0	0
1	99	S0	4	S	456	V1	2	E	178.0	-178.0	0	0	0
1	228	E1	11	H	0	O0	-1	S	0.5	0.5	1	0	1
1	228	E1	9	H	0	O0	-1	S	0.5	0.5	1	0	0
1	144	H1	3	H	381	E0	4	S	119.0	-119.0	0	0	0
1	435	G0	1	C	0	O0	-1	S	0.5	0.5	1	0	1
1	435	G0	5	C	0	O0	-1	S	0.5	0.5	1	0	0
1	342	N1	2	C	78	A1	11	S	132.0	132.0	0	0	0
1	113	R0	1	H	119	I0	7	H	3.0	-3.0	0	0	1
1	113	R0	5	H	119	I0	10	H	3.0	-3.0	0	0	0
1	469	F0	11	H	157	H0	2	H	156.0	156.0	0	0	0
1	194	G1	11	C	295	D0	1	C	51.0	-51.0	0	0	1
1	194	G1	5	C	295	D0	11	C	51.0	-51.0	0	0	0
1	3	V0	11	C	35	L0	8	C	16.0	-16.0	0	0	0
1	0	O0	-1	S	483	N0	6	C	0.5	0.5	1	0	1
1	0	O0	-1	S	483	N0	1	C	0.5	0.5	1	0	0
1	379	Y0	5	S	21	Y0	1	C	179.0	179.0	0	0	0
1	435	G0	9	C	437	D0	3	C	1.0	-1.0	0	1	1
1	435	G0	11	C	437	D0	10	C	1.0	-1.0	0	1	0
1	287	I0	12	E	288	I1	1	E	0.0	0.0	0	1	1
1	287	I0	2	E	288	I1	6	E	0.0	0.0	0	1	0
1	55	K0	12	E	56	K1	1	E	0.0	0.0	0	1	1
1	55	K0	10	E	56	K1	9	E	0.0	0.0	0	1	0
1	417	L0	2	H	421	S0	2	H	2.0	-2.0	0	0	1
1	417	L0	5	H	421	S0	5	H	2.0	-2.0	0	0	0
1	415	I0	10	H	483	N0	12	H	34.0	-34.0	0	0	0
1	466	Y1	10	C	470	F1	3	C	2.0	-2.0	0	0	1
1	466	Y1	9	C	470	F1	2	C	2.0	-2.0	0	0	0
1	127	V0	2	C	159	E0	2	C	16.0	-16.0	0	0	0
1	37	G0	5	E	0	O0	-1	S	0.5	0.5	1	0	1
1	37	G0	8	E	0	O0	-1	S	0.5	0.5	1	0	0
1	358	T1	2	E	439	T0	7	S	41.0	-41.0	0	0	0
1	141	Q0	10	C	0	O0	-1	S	0.5	0.5	1	0	1
1	141	Q0	12	C	0	O0	-1	S	0.5	0.5	1	0	0
1	540	Q1	1	C	217	S0	11	S	161.0	161.0	0	0	0
1	520	K1	4	H	0	O0	-1	S	0.5	0.5	1	0	1
1	520	K1	8	H	0	O0	-1	S	0.5	0.5	1	0	0
1	449	L0	4	H	519	K0	1	S	35.0	-35.0	0	0	0
1	138	E1	9	H	0	O0	-1	S	0.5	0.5	1	0	1
1	138	E1	11	H	0	O0	-1	S	0.5	0.5	1	0	0
1	91	R0	7	H	16	V1	4	S	38.0	38.0	0	0	0
1	216	E1	4	C	0	O0	-1	S	0.5	0.5	1	0	1
1	216	E1	2	C	0	O0	-1	S	0.5	0.5	1	0	0
1	329	H0	4	C	27	T0	1	S	151.0	151.0	0	0	0
1	139	I0	8	C	154	T1	5	C	7.0	-7.0	0	0	1
1	139	I0	4	C	154	T1	9	C	7.0	-7.0	0	0	0
1	509	L0	2	C	133	L0	12	C	188.0	188.0	0	0	0
1	126	E1	11	H	324	G1	5	C	99.0	-99.0	0	0	1
1	126	E1	10	H	324	G1	7	C	99.0	-99.0	0	0	0
1	25	D0	12	H	15	V0	11	C	5.0	5.0	0	0	0
1	473	D0	7	H	0	O0	-1	S	0.5	0.5	1	0	1
1	473	D0	8	H	0	O0	-1	S	0.5	0.5	1	0	0
1	95	T0	10	H	418	L1	6	S	161.0	-161.0	0	0	0
1	0	O0	-1	S	463	N0	5	C	0.5	0.5	1	0	1
1	0	O0	-1	S	463	N0	10	C	0.5	0.5	1	0	0
1	295	D0	11	S	104	R1	3	C	96.0	96.0	0	0	0
1	128	V1	5	H	180	L1	5	E	26.0	-26.0	0	0	1
1	128	V1	8	H	180	L1	9	E	26.0	-26.0	0	0	0
1	355	G0	2	H	232	T1	3	E	62.0	62.0	0	0	0
1	49	V0	12	E	50	V1	1	E	0.0	0.0	0	1	1
1	49	V0	10	E	50	V1	2	E	0.0	0.0	0	1	0
1	500	F1	4	H	546	W1	7	C	23.0	-23.0	0	0	1
1	500	F1	3	H	546	W1	10	C	23.0	-23.0	0	0	0
1	231	T0	4	H	78	A1	2	C	77.0	77.0	0	0	0
1	326	L1	5	C	0	O0	-1	S	0.5	0.5	1	0	1
1	326	L1	1	C	0	O0	-1	S	0.5	0.5	1	0	0
1	246	L1	8	C	102	S1	8	S	72.0	72.0	0	0	0
1	161	V0	6	E	177	I0	8	E	8.0	-8.0	0	0	1
1	161	V0	5	E	177	I0	4	E	8.0	-8.0	0	0	0
1	296	D1	10	E	397	M0	12	E	51.0	-51.0	0	0	0
1	546	W1	2	C	548	I1	3	C	1.0	-1.0	0	0	1
1	546	W1	10	C	548	I1	1	C	1.0	-1.0	0	0	0
1	253	Y0	12	C	229	A0	6	C	12.0	12.0	0	0	0
1	26	D1	10	E	0	O0	-1	S	0.5	0.5	1	0	1
1	26	D1	9	E	0	O0	-1	S	0.5	0.5	1	0	0
1	432	F1	3	E	19	D0	7	S	206.0	206.0	0	0	0
1	219	L0	9	C	221	T0	3	C	1.0	-1.0	0	1	1
1	219	L0	5	C	221	T0	11	C	1.0	-1.0	0	1	0
1	239	K0	1	H	245	L0	7	H	3.0	-3.0	0	0	1
1	239	K0	4	H	245	L0	5	H	3.0	-3.0	0	0	0
1	426	A1	8	H	125	E0	4	H	150.0	150.0	0	0	0
1	8	R1	5	E	0	O0	-1	S	0.5	0.5	1	0	1
1	8	R1	7	E	0	O0	-1	S	0.5	0.5	1	0	0
1	269	A0	1	E	413	Y0	12	S	72.0	-72.0	0	0	0
1	262	S1	11	H	0	O0	-1	S	0.5	0.5	1	0	1
1	262	S1	9	H	0	O0	-1	S	0.5	0.5	1	0	0
1	442	K1	10	H	125	E0	2	S	158.0	158.0	0	0	0
1	294	L1	3	C	311	I0	1	E	9.0	-9.0	0	0	1
1	294	L1	8	C	311	I0	11	E	9.0	-9.0	0	0	0
1	426	A1	8	C	464	N1	11	E	19.0	-19.0	0	0	0
1	248	N1	10	H	0	O0	-1	S	0.5	0.5	1	0	1
1	248	N1	6	H	0	O0	-1	S	0.5	0.5	1	0	0
1	290	M1	9	H	326	L1	6	S	18.0	-18.0	0	0	0
1	167	N0	8	C	171	T0	2	C	2.0	-2.0	0	0	1
1	167	N0	6	C	171	T0	6	C	2.0	-2.0	0	0	0
1	55	K0	1	C	23	Y0	6	C	16.0	16.0	0	0	0
1	457	S0	12	H	458	S1	1	H	0.0	0.0	0	1	1
1	457	S0	9	H	458	S1	9	H	0.0	0.0	0	1	0
1	492	L1	10	H	545	W0	4	C	27.0	-27.0	0	0	1
1	492	L1	6	H	545	W0	1	C	27.0	-27.0	0	0	0
1	297	R0	11	H	485	T0	4	C	94.0	-94.0	0	0	0
1	36	L1	12	E	78	A1	5	E	21.0	-21.0	0	0	1
1	36	L1	1	E	78	A1	2	E	21.0	-21.0	0	0	0
1	519	K0	1	E	14	N1	1	E	253.0	253.0	0	0	0
1	218	S1	4	C	0	O0	-1	S	0.5	0.5	1	0	1
1	218	S1	9	C	0	O0	-1	S	0.5	0.5	1	0	0
1	398	M1	8	C	551	P0	2	S	77.0	-77.0	0	0	0
1	476	E1	12	H	0	O0	-1	S	0.5	0.5	1	0	1
1	476	E1	2	H	0	O0	-1	S	0.5	0.5	1	0	0
1	35	L0	8	H	320	D1	3	S	142.0	-142.0	0	0	0
1	0	O0	-1	S	88	K1	11	E	0.5	0.5	1	0	1
1	0	O0	-1	S	88	K1	5	E	0.5	0.5	1	0	0
1	55	K0	1	S	462	V1	6	E	203.0	-203.0	0	0	0
1	35	L0	7	E	51	V0	8	E	8.0	-8.0	0	0	1
1	35	L0	10	E	51	V0	10	E	8.0	-8.0	0	0	0
1	500	F1	10	E	133	L0	7	E	183.0	183.0	0	0	0
1	337	F0	6	C	0	O0	-1	S	0.5	0.5	1	0	1
1	337	F0	12	C	0	O0	-1	S	0.5	0.5	1	0	0
1	132	I1	2	C	547	I0	12	S	208.0	-208.0	0	0	0
1	0	O0	-1	S	201	F0	6	H	0.5	0.5	1	0	1
1	0	O0	-1	S	201	F0	11	H	0.5	0.5	1	0	0
1	486	T1	4	S	340	G1	7	H	73.0	73.0	0	0	0
1	214	K1	8	C	220	L1	5	C	3.0	-3.0	0	0	1
1	214	K1	1	C	220	L1	3	C	3.0	-3.0	0	0	0
1	211	E0	7	C	294	L1	4	C	41.0	-41.0	0	0	0
1	259	H0	9	H	261	S0	3	H	1.0	-1.0	0	1	1
1	259	H0	1	H	261	S0	9	H	1.0	-1.0	0	1	0
1	95	T0	1	C	0	O0	-1	S	0.5	0.5	1	0	1
1	95	T0	7	C	0	O0	-1	S	0.5	0.5	1	0	0
1	408	V1	2	C	205	F0	7	S	101.0	101.0	0	0	0
1	135	K0	10	H	0	O0	-1	S	0.5	0.5	1	0	1
1	135	K0	2	H	0	O0	-1	S	0.5	0.5	1	0	0
1	274	F1	7	H	15	V0	2	S	129.0	129.0	0	0	0
1	383	P0	9	C	385	L0	3	E	1.0	-1.0	0	1	1
1	383	P0	12	C	385	L0	4	E	1.0	-1.0	0	1	0
1	0	O0	-1	S	300	N1	8	C	0.5	0.5	1	0	1
1	0	O0	-1	S	300	N1	5	C	0.5	0.5	1	0	0
1	178	I1	10	S	452	A1	9	C	137.0	-137.0	0	0	0
1	39	S0	8	E	0	O0	-1	S	0.5	0.5	1	0	1
1	39	S0	11	E	0	O0	-1	S	0.5	0.5	1	0	0
1	354	F1	6	E	400	W1	8	S	23.0	-23.0	0	0	0
1	345	F0	10	C	0	O0	-1	S	0.5	0.5	1	0	1
1	345	F0	12	C	0	O0	-1	S	0.5	0.5	1	0	0
1	100	S1	3	C	197	E0	2	S	49.0	-49.0	0	0	0
1	414	Y1	8	H	427	S0	1	C	7.0	-7.0	0	0	1
1	414	Y1	10	H	427	S0	2	C	7.0	-7.0	0	0	0
1	14	N1	5	H	431	F0	8	C	209.0	-209.0	0	0	0
1	411	T0	5	H	418	L1	7	H	3.0	-3.0	0	0	1
1	411	T0	4	H	418	L1	6	H	3.0	-3.0	0	0	0
1	443	Q0	2	H	530	I1	2	H	43.0	-43.0	0	0	0
1	213	K0	8	C	0	O0	-1	S	0.5	0.5	1	0	1
1	213	K0	12	C	0	O0	-1	S	0.5	0.5	1	0	0
1	522	K1	8	C	465	Y0	5	S	28.0	28.0	0	0	0
1	524	R1	9	C	525	M0	2	C	1.0	-1.0	0	0	1
1	524	R1	2	C	525	M0	6	C	1.0	-1.0	0	0	0
1	215	E0	2	C	168	N1	11	C	24.0	24.0	0	0	0
1	195	G0	1	C	290	M1	6	E	47.0	-47.0	0	0	1
1	195	G0	5	C	290	M1	3	E	47.0	-47.0	0	0	0
1	222	T1	3	C	128	V1	8	E	47.0	47.0	0	0	0
1	196	G1	6	C	0	O0	-1	S	0.5	0.5	1	0	1
1	196	G1	3	C	0	O0	-1	S	0.5	0.5	1	0	0
1	24	Y1	9	C	159	E0	2	S	68.0	-68.0	0	0	0
1	277	L0	6	C	288	I1	4	E	5.0	-5.0	0	0	1
1	277	L0	10	C	288	I1	7	E	5.0	-5.0	0	0	0
1	483	N0	5	C	238	L1	4	E	123.0	123.0	0	0	0
1	408	V1	6	H	430	P1	7	C	11.0	-11.0	0	0	1
1	408	V1	2	H	430	P1	4	C	11.0	-11.0	0	0	0
1	283	E0	11	H	441	K0	5	C	79.0	-79.0	0	0	0
1	481	S0	4	C	473	D0	6	H	4.0	4.0	0	0	1
1	481	S0	1	C	473	D0	1	H	4.0	4.0	0	0	0
1	296	D1	3	C	162	V1	3	H	67.0	67.0	0	0	0
1	459	A0	8	C	463	N0	4	C	2.0	-2.0	0	0	1
1	459	A0	2	C	463	N0	12	C	2.0	-2.0	0	0	0
1	122	E1	1	C	538	L1	9	C	208.0	-208.0	0	0	0
1	280	K1	1	C	279	K0	12	C	0.0	0.0	0	1	1
1	280	K1	10	C	279	K0	4	C	0.0	0.0	0	1	0
1	41	G0	5	E	0	O0	-1	S	0.5	0.5	1	0	1
1	41	G0	2	E	0	O0	-1	S	0.5	0.5	1	0	0
1	349	N0	1	E	198	E1	6	S	76.0	76.0	0	0	0
1	476	E1	10	H	0	O0	-1	S	0.5	0.5	1	0	1
1	476	E1	2	H	0	O0	-1	S	0.5	0.5	1	0	0
1	456	V1	6	H	225	E0	2	S	115.0	115.0	0	0	0
1	129	S0	1	H	135	K0	7	H	3.0	-3.0	0	0	1
1	129	S0	4	H	135	K0	12	H	3.0	-3.0	0	0	0
1	273	F0	6	H	139	I0	5	H	67.0	67.0	0	0	0
1	0	O0	-1	S	302	V1	10	C	0.5	0.5	1	0	1
1	0	O0	-1	S	302	V1	2	C	0.5	0.5	1	0	0
1	385	L0	10	S	299	N0	1	C	43.0	43.0	0	0	0
1	10	Q1	10	C	0	O0	-1	S	0.5	0.5	1	0	1
1	10	Q1	2	C	0	O0	-1	S	0.5	0.5	1	0	0
1	11	E0	11	C	173	D0	6	S	81.0	-81.0	0	0	0
1	332	K1	11	E	0	O0	-1	S	0.5	0.5	1	0	1
1	332	K1	12	E	0	O0	-1	S	0.5	0.5	1	0	0
1	428	S1	7	E	130	S1	2	S	149.0	149.0	0	0	0
1	258	L1	10	H	271	H0	4	C	7.0	-7.0	0	0	1
1	253	Y0	6	H	0	O0	5	C	0.5	0.5	1	0	0
1	11	E0	8	C	164	Y1	10	E	76.0	-76.0	0	0	1
1	11	E0	10	C	164	Y1	1	E	76.0	-76.0	0	0	0
1	147	N0	5	C	219	L0	4	E	36.0	-36.0	0	0	0
1	533	D0	8	H	535	S0	3	H	1.0	-1.0	0	1	1
1	533	D0	2	H	535	S0	8	H	1.0	-1.0	0	1	0
1	369	P0	9	H	371	E0	3	H	1.0	-1.0	0	1	1
1	369	P0	2	H	371	E0	4	H	1.0	-1.0	0	1	0
1	447	T0	12	H	448	T1	1	H	0.0	0.0	0	1	1
1	447	T0	10	H	448	T1	11	H	0.0	0.0	0	1	0
1	140	I1	10	C	150	V1	10	E	5.0	-5.0	0	0	1
1	140	I1	5	C	150	V1	2	E	5.0	-5.0	0	0	0
1	254	Y1	1	C	310	R1	2	E	28.0	-28.0	0	0	0
1	0	O0	-1	S	121	E0	10	H	0.5	0.5	1	0	1
1	0	O0	-1	S	121	E0	5	H	0.5	0.5	1	0	0
1	540	Q1	1	S	529	I0	8	H	5.0	5.0	0	0	0
1	0	O0	-1	S	142	Q1	8	C	0.5	0.5	1	0	1
1	0	O0	-1	S	142	Q1	7	C	0.5	0.5	1	0	0
1	400	W1	8	S	268	I1	7	C	66.0	66.0	0	0	0
1	299	N0	12	C	300	N1	1	C	0.0	0.0	0	1	1
1	299	N0	4	C	300	N1	2	C	0.0	0.0	0	1	0
1	378	N1	10	C	0	O0	-1	S	0.5	0.5	1	0	1
1	378	N1	1	C	0	O0	-1	S	0.5	0.5	1	0	0
1	244	I1	8	C	153	T0	4	S	45.0	45.0	0	0	0
1	399	W0	1	H	405	G0	7	H	3.0	-3.0	0	0	1
1	399	W0	2	H	405	G0	8	H	3.0	-3.0	0	0	0
1	193	G0	2	H	65	S0	1	H	64.0	64.0	0	0	0
1	333	I0	9	C	335	D0	3	C	1.0	-1.0	0	1	1
1	333	I0	12	C	335	D0	11	C	1.0	-1.0	0	1	0
1	198	E1	3	E	0	O0	-1	S	0.5	0.5	1	0	1
1	198	E1	2	E	0	O0	-1	S	0.5	0.5	1	0	0
1	248	N1	6	E	289	M0	12	S	21.0	-21.0	0	0	0
1	63	K0	6	C	0	O0	-1	S	0.5	0.5	1	0	1
1	63	K0	9	C	0	O0	-1	S	0.5	0.5	1	0	0
1	494	A1	10	C	395	D0	12	S	49.0	49.0	0	0	0
1	168	N1	8	C	172	T1	2	C	2.0	-2.0	0	0	1
1	168	N1	4	C	172	T1	10	C	2.0	-2.0	0	0	0
1	500	F1	10	C	367	A0	11	C	66.0	66.0	0	0	0
1	0	O0	-1	S	390	L1	8	C	0.5	0.5	1	0	1
1	0	O0	-1	S	390	L1	7	C	0.5	0.5	1	0	0
1	402	S1	2	S	358	T1	9	C	22.0	22.0	0	0	0
1	183	L0	12	E	184	L1	1	E	0.0	0.0	0	1	1
1	183	L0	11	E	184	L1	6	E	0.0	0.0	0	1	0
1	49	V0	7	E	83	F0	7	E	17.0	-17.0	0	0	1
1	49	V0	11	E	83	F0	1	E	17.0	-17.0	0	0	0
1	175	V0	10	E	120	I1	11	E	28.0	28.0	0	0	0
1	155	L0	12	E	156	L1	1	E	0.0	0.0	0	1	1
1	155	L0	1	E	156	L1	3	E	0.0	0.0	0	1	0
1	376	V1	8	H	458	S1	4	H	41.0	-41.0	0	0	1
1	376	V1	10	H	458	S1	9	H	41.0	-41.0	0	0	0
1	411	T0	4	H	549	K0	6	H	69.0	-69.0	0	0	0
1	0	O0	-1	S	451	A0	11	H	0.5	0.5	1	0	1
1	0	O0	-1	S	451	A0	5	H	0.5	0.5	1	0	0
1	295	D0	6	S	463	N0	7	H	84.0	-84.0	0	0	0
1	440	T1	6	C	0	O0	-1	S	0.5	0.5	1	0	1
1	440	T1	2	C	0	O0	-1	S	0.5	0.5	1	0	0
1	349	N0	1	C	194	G1	12	S	78.0	78.0	0	0	0
1	123	R0	1	H	129	S0	7	H	3.0	-3.0	0	0	1
1	123	R0	2	H	129	S0	4	H	3.0	-3.0	0	0	0
1	173	D0	2	H	463	N0	12	H	145.0	-145.0	0	0	0
1	73	Q0	1	E	76	Y1	2	E	1.0	-1.0	0	0	1
1	73	Q0	8	E	76	Y1	12	E	1.0	-1.0	0	0	0
1	160	E1	8	E	372	E1	9	E	106.0	-106.0	0	0	0
1	147	N0	1	C	314	K1	6	E	83.0	-83.0	0	0	1
1	147	N0	12	C	314	K1	1	E	83.0	-83.0	0	0	0
1	519	K0	11	C	61	E0	1	E	229.0	229.0	0	0	0
1	14	N1	8	C	19	D0	4	H	3.0	-3.0	0	0	1
1	14	N1	5	C	19	D0	2	H	3.0	-3.0	0	0	0
1	484	N1	1	C	65	S0	4	H	209.0	209.0	0	0	0
1	220	L1	10	C	229	A0	4	H	5.0	-5.0	0	0	1
1	220	L1	3	C	229	A0	5	H	5.0	-5.0	0	0	0
1	35	L0	12	C	189	V0	5	H	77.0	-77.0	0	0	0
1	363	F0	6	C	408	V1	12	H	22.0	-22.0	0	0	1
1	363	F0	2	C	408	V1	2	H	22.0	-22.0	0	0	0
1	377	N0	1	C	17	D0	12	H	180.0	180.0	0	0	0
1	0	O0	-1	S	185	E0	6	E	0.5	0.5	1	0	1
1	0	O0	-1	S	185	E0	11	E	0.5	0.5	1	0	0
1	394	A1	10	S	195	G0	5	E	99.0	99.0	0	0	0
1	349	N0	2	C	352	I1	3	C	1.0	-1.0	0	0	1
1	349	N0	5	C	352	I1	2	C	1.0	-1.0	0	0	0
1	343	E0	10	C	179	L0	4	C	82.0	82.0	0	0	0
1	177	I0	1	E	180	L1	2	E	1.0	-1.0	0	0	1
1	177	I0	11	E	180	L1	10	E	1.0	-1.0	0	0	0
1	142	Q1	1	E	287	I0	11	E	73.0	-73.0	0	0	0
1	213	K0	10	C	217	S0	1	C	2.0	-2.0	0	0	1
1	213	K0	12	C	217	S0	6	C	2.0	-2.0	0	0	0
1	96	T1	2	C	281	P0	8	C	93.0	-93.0	0	0	0
1	510	L1	8	C	466	Y1	12	C	22.0	22.0	0	0	1
1	510	L1	12	C	466	Y1	11	C	22.0	22.0	0	0	0
1	265	Q0	6	C	543	P0	5	C	139.0	-139.0	0	0	0
1	522	K1	12	H	0	O0	-1	S	0.5	0.5	1	0	1
1	522	K1	3	H	0	O0	-1	S	0.5	0.5	1	0	0
1	166	E1	2	H	251	V0	1	S	43.0	-43.0	0	0	0
1	114	R1	9	H	122	E1	4	H	4.0	-4.0	0	0	1
1	114	R1	11	H	122	E1	1	H	4.0	-4.0	0	0	0
1	407	V0	7	H	160	E1	12	H	124.0	124.0	0	0	0
1	498	D1	9	H	506	R1	7	H	4.0	-4.0	0	0	1
1	498	D1	2	H	506	R1	9	H	4.0	-4.0	0	0	0
1	435	G0	5	H	260	H1	11	H	88.0	88.0	0	0	0
1	125	E0	10	H	134	L1	3	H	4.0	-4.0	0	0	1
1	125	E0	4	H	134	L1	1	H	4.0	-4.0	0	0	0
1	412	T1	11	H	2	T1	2	H	205.0	205.0	0	0	0
1	530	I1	11	H	252	V1	8	H	139.0	139.0	0	0	1
1	530	I1	5	H	252	V1	9	H	139.0	139.0	0	0	0
1	545	W0	11	H	218	S1	2	H	164.0	164.0	0	0	0
1	0	O0	-1	S	8	R1	6	E	0.5	0.5	1	0	1
1	0	O0	-1	S	8	R1	1	E	0.5	0.5	1	0	0
1	132	I1	2	S	379	Y0	6	E	124.0	-124.0	0	0	0
1	0	O0	-1	S	425	A0	5	C	0.5	0.5	1	0	1
1	0	O0	-1	S	425	A0	1	C	0.5	0.5	1	0	0
1	115	E0	5	S	194	G1	12	C	39.0	-39.0	0	0	0
1	0	O0	-1	S	427	S0	4	C	0.5	0.5	1	0	1
1	0	O0	-1	S	427	S0	2	C	0.5	0.5	1	0	0
1	181	I0	4	S	468	E1	2	C	143.0	-143.0	0	0	0
1	458	S1	8	H	0	O0	-1	S	0.5	0.5	1	0	1
1	458	S1	2	H	0	O0	-1	S	0.5	0.5	1	0	0
1	390	L1	11	H	27	T0	10	S	181.0	181.0	0	0	0
1	506	R1	8	H	526	M1	4	C	10.0	-10.0	0	0	1
1	506	R1	9	H	526	M1	8	C	10.0	-10.0	0	0	0
1	536	S1	6	H	35	L0	2	C	250.0	250.0	0	0	0
1	384	P1	12	C	0	O0	-1	S	0.5	0.5	1	0	1
1	384	P1	6	C	0	O0	-1	S	0.5	0.5	1	0	0
1	32	E1	2	C	309	R0	4	S	139.0	-139.0	0	0	0
1	0	O0	-1	S	129	S0	6	H	0.5	0.5	1	0	1
1	0	O0	-1	S	129	S0	11	H	0.5	0.5	1	0	0
1	68	T1	12	S	2	T1	2	H	33.0	33.0	0	0	0
1	493	A0	5	H	546	W1	4	C	26.0	-26.0	0	0	1
1	493	A0	2	H	546	W1	8	C	26.0	-26.0	0	0	0
1	217	S0	6	H	224	E1	5	C	3.0	-3.0	0	0	0
1	280	K1	12	C	0	O0	-1	S	0.5	0.5	1	0	1
1	280	K1	7	C	0	O0	-1	S	0.5	0.5	1	0	0
1	485	T0	7	C	210	A1	2	S	138.0	138.0	0	0	0
1	505	R0	6	H	512	V1	4	C	3.0	-3.0	0	0	1
1	505	R0	12	H	512	V1	3	C	3.0	-3.0	0	0	0
1	506	R1	9	H	342	N1	2	C	82.0	82.0	0	0	0
1	487	S0	9	C	489	A0	3	H	1.0	-1.0	0	1	1
1	487	S0	5	C	489	A0	1	H	1.0	-1.0	0	1	0
1	77	A0	2	E	181	I0	6	E	52.0	-52.0	0	0	1
1	77	A0	7	E	181	I0	5	E	52.0	-52.0	0	0	0
1	536	S1	9	E	181	I0	4	E	177.0	177.0	0	0	0
1	206	F1	11	H	308	P1	12	C	51.0	-51.0	0	0	1
1	206	F1	10	H	308	P1	4	C	51.0	-51.0	0	0	0
1	106	R1	1	H	483	N0	2	C	189.0	-189.0	0	0	0
1	501	I0	9	H	509	L0	4	C	4.0	-4.0	0	0	1
1	501	I0	5	H	509	L0	2	C	4.0	-4.0	0	0	0
1	341	N0	6	H	56	K1	4	C	143.0	143.0	0	0	0
1	0	O0	-1	S	442	K1	7	H	0.5	0.5	1	0	1
1	0	O0	-1	S	442	K1	9	H	0.5	0.5	1	0	0
1	121	E0	5	S	482	S1	3	H	180.0	-180.0	0	0	0
1	0	O0	-1	S	242	Q1	5	H	0.5	0.5	1	0	1
1	0	O0	-1	S	242	Q1	12	H	0.5	0.5	1	0	0
1	206	F1	3	S	233	E0	4	H	14.0	-14.0	0	0	0
1	531	Q0	9	H	539	Q0	4	H	4.0	-4.0	0	0	1
1	531	Q0	2	H	539	Q0	5	H	4.0	-4.0	0	0	0
1	367	A0	2	H	505	R0	1	H	69.0	-69.0	0	0	0
1	99	S0	9	C	101	S0	3	C	1.0	-1.0	0	1	1
1	99	S0	2	C	101	S0	11	C	1.0	-1.0	0	1	0
1	96	T1	11	C	0	O0	-1	S	0.5	0.5	1	0	1
1	96	T1	2	C	0	O0	-1	S	0.5	0.5	1	0	0
1	49	V0	1	C	332	K1	1	S	141.0	-141.0	0	0	0
1	439	T0	8	C	445	E0	7	H	3.0	-3.0	0	0	1
1	439	T0	4	C	445	E0	11	H	3.0	-3.0	0	0	0
1	202	F1	2	C	136	K1	4	H	33.0	33.0	0	0	0
1	264	L1	3	C	0	O0	-1	S	0.5	0.5	1	0	1
1	264	L1	5	C	0	O0	-1	S	0.5	0.5	1	0	0
1	434	L1	3	C	1	T0	11	S	216.0	216.0	0	0	0
1	515	D0	5	C	0	O0	-1	S	0.5	0.5	1	0	1
1	515	D0	11	C	0	O0	-1	S	0.5	0.5	1	0	0
1	171	T0	6	C	308	P1	11	S	68.0	-68.0	0	0	0
1	550	K1	1	C	552	P1	2	C	1.0	-1.0	0	0	1
1	550	K1	5	C	552	P1	1	C	1.0	-1.0	0	0	0
1	226	E1	3	C	122	E1	9	C	52.0	52.0	0	0	0
1	115	E0	12	H	116	E1	1	H	0.0	0.0	0	1	1
1	115	E0	5	H	116	E1	8	H	0.0	0.0	0	1	0
1	0	O0	-1	S	254	Y1	10	H	0.5	0.5	1	0	1
1	0	O0	-1	S	254	Y1	2	H	0.5	0.5	1	0	0
1	22	Y1	1	S	69	G0	8	H	24.0	-24.0	0	0	0
1	460	A1	10	C	0	O0	-1	S	0.5	0.5	1	0	1
1	460	A1	2	C	0	O0	-1	S	0.5	0.5	1	0	0
1	488	S1	2	C	156	L1	5	S	166.0	166.0	0	0	0
1	493	A0	9	H	502	I1	3	H	4.0	-4.0	0	0	1
1	493	A0	2	H	502	I1	2	H	4.0	-4.0	0	0	0
1	68	T1	9	H	383	P0	12	H	158.0	-158.0	0	0	0
1	138	E1	6	H	0	O0	-1	S	0.5	0.5	1	0	1
1	138	E1	4	H	0	O0	-1	S	0.5	0.5	1	0	0
1	25	D0	8	H	180	L1	7	S	77.0	-77.0	0	0	0
1	193	G0	8	C	291	L0	8	E	49.0	-49.0	0	0	1
1	193	G0	2	C	291	L0	1	E	49.0	-49.0	0	0	0
1	367	A0	4	C	331	K0	6	E	18.0	18.0	0	0	0
1	277	L0	9	C	279	K0	3	C	1.0	-1.0	0	1	1
1	277	L0	2	C	279	K0	5	C	1.0	-1.0	0	1	0
1	206	F1	5	H	298	R1	6	C	46.0	-46.0	0	0	1
1	206	F1	10	H	298	R1	12	C	46.0	-46.0	0	0	0
1	142	Q1	1	H	83	F0	4	C	29.0	29.0	0	0	0
1	468	E1	6	C	0	O0	-1	S	0.5	0.5	1	0	1
1	468	E1	3	C	0	O0	-1	S	0.5	0.5	1	0	0
1	449	L0	5	C	349	N0	1	S	50.0	50.0	0	0	0
1	540	Q1	6	H	550	K1	4	C	5.0	-5.0	0	0	1
1	540	Q1	1	H	550	K1	5	C	5.0	-5.0	0	0	0
1	234	E1	11	H	83	F0	12	C	75.0	75.0	0	0	0
1	125	E0	12	H	126	E1	1	H	0.0	0.0	0	1	1
1	125	E0	4	H	126	E1	2	H	0.0	0.0	0	1	0
1	88	K1	2	E	87	K0	11	E	0.0	0.0	0	1	1
1	88	K1	9	E	87	K0	12	E	0.0	0.0	0	1	0
1	387	G0	9	C	389	L0	3	C	1.0	-1.0	0	1	1
1	387	G0	7	C	389	L0	5	C	1.0	-1.0	0	1	0
1	358	T1	8	C	364	F1	7	C	3.0	-3.0	0	0	1
1	358	T1	4	C	364	F1	1	C	3.0	-3.0	0	0	0
1	159	E0	4	C	486	T1	8	C	163.0	-163.0	0	0	0
1	427	S0	4	C	0	O0	-1	S	0.5	0.5	1	0	1
1	427	S0	2	C	0	O0	-1	S	0.5	0.5	1	0	0
1	521	K0	2	C	531	Q0	2	S	5.0	-5.0	0	0	0
1	198	E1	10	E	283	E0	6	H	43.0	-43.0	0	0	1
1	198	E1	7	E	283	E0	2	H	43.0	-43.0	0	0	0
1	469	F0	1	E	300	N1	9	H	85.0	85.0	0	0	0
1	280	K1	6	C	282	P1	2	H	1.0	-1.0	0	0	1
1	280	K1	4	C	282	P1	6	H	1.0	-1.0	0	0	0
1	327	A0	4	C	432	F1	3	H	52.0	-52.0	0	0	0
1	25	D0	7	E	59	R0	7	E	17.0	-17.0	0	0	1
1	25	D0	8	E	59	R0	1	E	17.0	-17.0	0	0	0
1	160	E1	12	E	519	K0	11	E	180.0	-180.0	0	0	0
1	117	D0	1	H	123	R0	7	H	3.0	-3.0	0	0	1
1	117	D0	6	H	123	R0	2	H	3.0	-3.0	0	0	0
1	358	T1	9	H	475	E0	8	H	59.0	-59.0	0	0	0
1	348	K1	6	C	0	O0	-1	S	0.5	0.5	1	0	1
1	348	K1	1	C	0	O0	-1	S	0.5	0.5	1	0	0
1	397	M0	6	C	509	L0	8	S	56.0	-56.0	0	0	0
1	82	K1	8	E	126	E1	12	H	22.0	-22.0	0	0	1
1	82	K1	2	E	126	E1	3	H	22.0	-22.0	0	0	0
1	397	M0	8	E	101	S0	11	H	148.0	148.0	0	0	0
1	264	L1	8	C	268	I1	4	E	2.0	-2.0	0	0	1
1	264	L1	12	C	268	I1	2	E	2.0	-2.0	0	0	0
1	15	V0	4	C	232	T1	8	E	108.0	-108.0	0	0	0
1	0	O0	-1	S	172	T1	11	C	0.5	0.5	1	0	1
1	0	O0	-1	S	172	T1	8	C	0.5	0.5	1	0	0
1	224	E1	1	S	314	K1	7	C	45.0	-45.0	0	0	0
1	0	O0	-1	S	130	S1	6	H	0.5	0.5	1	0	1
1	0	O0	-1	S	130	S1	2	H	0.5	0.5	1	0	0
1	316	I1	6	S	504	R1	2	H	94.0	-94.0	0	0	0
1	382	E1	5	C	0	O0	-1	S	0.5	0.5	1	0	1
1	382	E1	9	C	0	O0	-1	S	0.5	0.5	1	0	0
1	129	S0	10	C	122	E1	1	S	4.0	4.0	0	0	0
1	0	O0	-1	S	5	F0	6	C	0.5	0.5	1	0	1
1	0	O0	-1	S	5	F0	11	C	0.5	0.5	1	0	0
1	288	I1	7	S	497	D0	4	C	105.0	-105.0	0	0	0
1	23	Y0	9	E	25	D0	3	E	1.0	-1.0	0	1	1
1	23	Y0	12	E	25	D0	1	E	1.0	-1.0	0	1	0
1	134	L1	11	H	184	L1	5	E	25.0	-25.0	0	0	1
1	134	L1	12	H	184	L1	12	E	25.0	-25.0	0	0	0
1	199	L0	1	H	202	F1	1	E	1.0	-1.0	0	0	0
1	523	R0	2	C	0	O0	-1	S	0.5	0.5	1	0	1
1	523	R0	8	C	0	O0	-1	S	0.5	0.5	1	0	0
1	518	P1	3	C	482	S1	3	S	18.0	18.0	0	0	0
1	140	I1	3	C	131	I0	9	H	4.0	4.0	0	0	1
1	140	I1	2	C	131	I0	5	H	4.0	4.0	0	0	0
1	125	E0	6	C	246	L1	8	H	60.0	-60.0	0	0	0
1	0	O0	-1	S	460	A1	12	C	0.5	0.5	1	0	1
1	0	O0	-1	S	460	A1	7	C	0.5	0.5	1	0	0
1	299	N0	11	S	67	T0	7	C	116.0	116.0	0	0	0
1	36	L1	6	E	0	O0	-1	S	0.5	0.5	1	0	1
1	36	L1	1	E	0	O0	-1	S	0.5	0.5	1	0	0
1	124	R1	2	E	336	D1	2	S	106.0	-106.0	0	0	0
1	532	Q1	10	H	0	O0	-1	S	0.5	0.5	1	0	1
1	532	Q1	3	H	0	O0	-1	S	0.5	0.5	1	0	0
1	264	L1	9	H	377	N0	1	S	57.0	-57.0	0	0	0
1	516	D1	10	C	520	K1	2	H	2.0	-2.0	0	0	1
1	516	D1	12	C	520	K1	7	H	2.0	-2.0	0	0	0
1	415	I0	10	C	317	I0	5	H	49.0	49.0	0	0	0
1	9	Q0	9	C	11	E0	3	C	1.0	-1.0	0	1	1
1	9	Q0	6	C	11	E0	11	C	1.0	-1.0	0	1	0
1	189	V0	6	C	0	O0	-1	S	0.5	0.5	1	0	1
1	189	V0	11	C	0	O0	-1	S	0.5	0.5	1	0	0
1	496	K1	4	C	97	K0	6	S	199.0	199.0	0	0	0
1	392	E1	10	H	518	P1	10	H	63.0	-63.0	0	0	1
1	392	E1	6	H	518	P1	1	H	63.0	-63.0	0	0	0
1	125	E0	11	H	93	R0	2	H	16.0	16.0	0	0	0
1	384	P1	7	C	0	O0	-1	S	0.5	0.5	1	0	1
1	384	P1	1	C	0	O0	-1	S	0.5	0.5	1	0	0
1	355	G0	2	C	182	I1	12	S	87.0	87.0	0	0	0
1	423	G0	11	C	0	O0	-1	S	0.5	0.5	1	0	1
1	423	G0	5	C	0	O0	-1	S	0.5	0.5	1	0	0
1	282	P1	7	C	330	H1	4	S	24.0	-24.0	0	0	0
1	486	T1	10	C	494	A1	12	H	4.0	-4.0	0	0	1
1	486	T1	8	C	494	A1	6	H	4.0	-4.0	0	0	0
1	243	I0	2	C	267	I0	1	H	12.0	-12.0	0	0	0
1	2	T1	3	C	0	O0	-1	S	0.5	0.5	1	0	1
1	2	T1	2	C	0	O0	-1	S	0.5	0.5	1	0	0
1	461	V0	11	C	257	L0	6	S	102.0	102.0	0	0	0
1	291	L0	9	E	293	L0	3	C	1.0	-1.0	0	1	1
1	291	L0	4	E	293	L0	1	C	1.0	-1.0	0	1	0
1	427	S0	10	C	431	F0	2	C	2.0	-2.0	0	0	1
1	427	S0	2	C	431	F0	11	C	2.0	-2.0	0	0	0
1	439	T0	7	C	218	S1	11	C	111.0	111.0	0	0	0
1	360	P1	3	C	0	O0	-1	S	0.5	0.5	1	0	1
1	360	P1	1	C	0	O0	-1	S	0.5	0.5	1	0	0
1	167	N0	4	C	65	S0	8	S	51.0	51.0	0	0	0
1	137	E0	10	H	0	O0	-1	S	0.5	0.5	1	0	1
1	137	E0	2	H	0	O0	-1	S	0.5	0.5	1	0	0
1	157	H0	4	H	72	L1	9	S	43.0	43.0	0	0	0
1	551	P0	4	C	552	P1	9	C	0.0	0.0	0	1	1
1	551	P0	2	C	552	P1	1	C	0.0	0.0	0	1	0
1	378	N1	5	C	0	O0	-1	S	0.5	0.5	1	0	1
1	378	N1	11	C	0	O0	-1	S	0.5	0.5	1	0	0
1	371	E0	7	C	460	A1	9	S	44.0	-44.0	0	0	0
1	77	A0	8	E	183	L0	7	E	53.0	-53.0	0	0	1
1	77	A0	10	E	183	L0	1	E	53.0	-53.0	0	0	0
1	445	E0	2	E	514	K1	9	E	34.0	-34.0	0	0	0
1	274	F1	8	C	325	L0	10	C	26.0	-26.0	0	0	1
1	274	F1	4	C	325	L0	1	C	26.0	-26.0	0	0	0
1	523	R0	6	C	136	K1	4	C	194.0	194.0	0	0	0
1	292	L1	9	E	295	D0	2	C	2.0	-2.0	0	0	1
1	292	L1	2	E	295	D0	6	C	2.0	-2.0	0	0	0
1	444	Q1	7	E	170	K1	3	C	137.0	137.0	0	0	0
1	384	P1	4	C	0	O0	-1	S	0.5	0.5	1	0	1
1	384	P1	6	C	0	O0	-1	S	0.5	0.5	1	0	0
1	248	N1	9	C	330	H1	6	S	41.0	-41.0	0	0	0
1	168	N1	10	C	0	O0	-1	S	0.5	0.5	1	0	1
1	168	N1	4	C	0	O0	-1	S	0.5	0.5	1	0	0
1	483	N0	1	C	547	I0	10	S	32.0	-32.0	0	0	0
1	438	D1	4	C	0	O0	-1	S	0.5	0.5	1	0	1
1	438	D1	1	C	0	O0	-1	S	0.5	0.5	1	0	0
1	548	I1	9	C	413	Y0	12	S	67.0	67.0	0	0	0
1	293	L0	8	C	295	D0	3	C	1.0	-1.0	0	1	1
1	293	L0	12	C	295	D0	6	C	1.0	-1.0	0	1	0
1	127	V0	9	H	135	K0	4	H	4.0	-4.0	0	0	1
1	127	V0	6	H	135	K0	1	H	4.0	-4.0	0	0	0
1	99	S0	2	H	180	L1	9	H	40.0	-40.0	0	0	0
1	25	D0	11	E	26	D1	2	E	0.0	0.0	0	1	1
1	25	D0	10	E	26	D1	1	E	0.0	0.0	0	1	0
1	149	V0	2	E	314	K1	9	E	82.0	-82.0	0	0	1
1	149	V0	6	E	314	K1	11	E	82.0	-82.0	0	0	0
1	222	T1	3	E	126	E1	2	E	48.0	48.0	0	0	0
1	238	L1	12	H	500	F1	12	H	131.0	-131.0	0	0	1
1	238	L1	2	H	500	F1	10	H	131.0	-131.0	0	0	0
1	283	E0	1	H	36	L1	9	H	124.0	124.0	0	0	0
1	98	K1	11	C	0	O0	-1	S	0.5	0.5	1	0	1
1	247	N0	2	C	279	K0	4	S	16.0	-16.0	0	0	0
1	4	V1	6	C	166	E1	7	E	81.0	-81.0	0	0	1
1	4	V1	2	C	166	E1	10	E	81.0	-81.0	0	0	0
1	472	E1	9	C	163	Y0	4	E	154.0	154.0	0	0	0
1	156	L1	9	E	159	E0	1	E	2.0	-2.0	0	0	1
1	156	L1	5	E	159	E0	11	E	2.0	-2.0	0	0	0
1	130	S1	8	E	186	E1	7	E	28.0	-28.0	0	0	0
1	335	D0	1	C	339	G0	3	C	2.0	-2.0	0	0	1
1	335	D0	11	C	339	G0	6	C	2.0	-2.0	0	0	0
1	450	L1	1	C	534	D1	10	C	42.0	-42.0	0	0	0
1	98	K1	1	C	0	O0	-1	S	0.5	0.5	1	0	1
1	393	A0	8	C	72	L1	9	S	161.0	161.0	0	0	0
1	96	T1	10	C	100	S1	2	C	2.0	-2.0	0	0	1
1	96	T1	9	C	100	S1	10	C	2.0	-2.0	0	0	0
1	143	H0	5	C	551	P0	12	C	204.0	-204.0	0	0	0
1	204	D1	11	H	0	O0	-1	S	0.5	0.5	1	0	1
1	204	D1	4	H	0	O0	-1	S	0.5	0.5	1	0	0
1	525	M0	1	H	335	D0	5	S	95.0	95.0	0	0	0
1	372	E1	8	H	394	A1	5	H	11.0	-11.0	0	0	1
1	372	E1	9	H	394	A1	7	H	11.0	-11.0	0	0	0
1	45	F0	11	H	446	E1	3	H	200.0	-200.0	0	0	0
1	400	W1	1	H	507	L0	9	H	54.0	-54.0	0	0	1
1	400	W1	8	H	507	L0	5	H	54.0	-54.0	0	0	0
1	6	F1	1	H	539	Q0	1	H	267.0	-267.0	0	0	0
1	550	K1	7	C	0	O0	-1	S	0.5	0.5	1	0	1
1	550	K1	5	C	0	O0	-1	S	0.5	0.5	1	0	0
1	396	D1	9	C	101	S0	11	S	147.0	147.0	0	0	0
1	540	Q1	10	H	0	O0	-1	S	0.5	0.5	1	0	1
1	540	Q1	5	H	0	O0	-1	S	0.5	0.5	1	0	0
1	479	F0	1	H	390	L1	7	S	45.0	45.0	0	0	0
1	0	O0	-1	S	65	S0	6	C	0.5	0.5	1	0	1
1	0	O0	-1	S	65	S0	11	C	0.5	0.5	1	0	0
1	371	E0	7	S	523	R0	8	C	76.0	-76.0	0	0	0
1	0	O0	-1	S	377	N0	5	C	0.5	0.5	1	0	1
1	0	O0	-1	S	377	N0	1	C	0.5	0.5	1	0	0
1	108	G1	7	S	268	I1	6	C	80.0	-80.0	0	0	0
1	532	Q1	7	H	0	O0	-1	S	0.5	0.5	1	0	1
1	532	Q1	3	H	0	O0	-1	S	0.5	0.5	1	0	0
1	136	K1	4	H	460	A1	3	S	162.0	-162.0	0	0	0
1	335	D0	6	C	0	O0	-1	S	0.5	0.5	1	0	1
1	335	D0	7	C	0	O0	-1	S	0.5	0.5	1	0	0
1	144	H1	3	C	24	Y1	3	S	60.0	60.0	0	0	0
1	301	V0	8	C	308	P1	5	C	3.0	-3.0	0	0	1
1	301	V0	11	C	308	P1	2	C	3.0	-3.0	0	0	0
1	343	E0	11	C	391	E0	11	C	24.0	-24.0	0	0	0
1	254	Y1	10	H	0	O0	-1	S	0.5	0.5	1	0	1
1	254	Y1	11	H	0	O0	-1	S	0.5	0.5	1	0	0
1	307	P0	6	H	246	L1	9	S	31.0	31.0	0	0	0
1	345	F0	8	C	0	O0	-1	S	0.5	0.5	1	0	1
1	345	F0	2	C	0	O0	-1	S	0.5	0.5	1	0	0
1	237	L0	5	C	151	I0	10	S	43.0	43.0	0	0	0
1	0	O0	-1	S	331	K0	7	E	0.5	0.5	1	0	1
1	0	O0	-1	S	331	K0	4	E	0.5	0.5	1	0	0
1	456	V1	9	S	58	C1	2	E	199.0	199.0	0	0	0
1	508	L1	11	H	404	I1	8	H	52.0	52.0	0	0	1
1	508	L1	9	H	404	I1	5	H	52.0	52.0	0	0	0
1	159	E0	11	H	332	K1	12	H	86.0	-86.0	0	0	0
1	95	T0	9	C	97	K0	3	C	1.0	-1.0	0	1	1
1	95	T0	7	C	97	K0	12	C	1.0	-1.0	0	1	0
1	29	G0	12	E	30	G1	1	E	0.0	0.0	0	1	1
1	29	G0	2	E	30	G1	6	E	0.0	0.0	0	1	0
1	159	E0	6	E	0	O0	-1	S	0.5	0.5	1	0	1
1	159	E0	10	E	0	O0	-1	S	0.5	0.5	1	0	0
1	347	K0	10	E	91	R0	12	S	128.0	128.0	0	0	0
1	160	E1	6	E	0	O0	-1	S	0.5	0.5	1	0	1
1	160	E1	2	E	0	O0	-1	S	0.5	0.5	1	0	0
1	89	K0	6	E	440	T1	2	S	175.0	-175.0	0	0	0
1	420	L1	8	H	480	F1	6	H	30.0	-30.0	0	0	1
1	420	L1	12	H	480	F1	11	H	30.0	-30.0	0	0	0
1	341	N0	10	H	26	D1	1	H	158.0	158.0	0	0	0
1	135	K0	6	H	0	O0	-1	S	0.5	0.5	1	0	1
1	135	K0	12	H	0	O0	-1	S	0.5	0.5	1	0	0
1	225	E0	8	H	294	L1	11	S	34.0	-34.0	0	0	0
1	246	L1	10	H	538	L1	5	H	146.0	-146.0	0	0	1
1	246	L1	1	H	538	L1	9	H	146.0	-146.0	0	0	0
1	419	L0	12	H	123	R0	2	H	148.0	148.0	0	0	0
1	451	A0	9	H	460	A1	4	C	4.0	-4.0	0	0	1
1	451	A0	2	H	460	A1	9	C	4.0	-4.0	0	0	0
1	439	T0	7	H	21	Y0	12	C	209.0	209.0	0	0	0
1	82	K1	3	E	184	L1	4	E	51.0	-51.0	0	0	1
1	82	K1	2	E	184	L1	12	E	51.0	-51.0	0	0	0
1	530	I1	8	E	144	H1	12	E	193.0	193.0	0	0	0
1	374	I1	5	H	386	L1	11	E	6.0	-6.0	0	0	1
1	374	I1	3	H	386	L1	7	E	6.0	-6.0	0	0	0
1	10	Q1	2	H	291	L0	5	E	141.0	-141.0	0	0	0
1	255	Y0	1	H	262	S1	7	H	3.0	-3.0	0	0	1
1	255	Y0	5	H	262	S1	9	H	3.0	-3.0	0	0	0
1	233	E0	8	H	164	Y1	9	H	35.0	35.0	0	0	0
1	446	E1	6	H	0	O0	-1	S	0.5	0.5	1	0	1
1	446	E1	3	H	0	O0	-1	S	0.5	0.5	1	0	0
1	245	L0	10	H	163	Y0	10	S	41.0	41.0	0	0	0
1	395	D0	6	H	402	S1	7	H	3.0	-3.0	0	0	1
1	395	D0	4	H	402	S1	4	H	3.0	-3.0	0	0	0
1	348	K1	1	H	269	A0	1	H	39.0	39.0	0	0	0
1	98	K1	10	C	0	O0	-1	S	0.5	0.5	1	0	1
1	436	G1	3	C	106	R1	5	S	165.0	165.0	0	0	0
